colour	x	y	key	group	clickSelects	showSelected1	PANEL
#00C094	6.928	1960	United Arab Emirates	191	United Arab Emirates	Middle East & North Africa	1
#00C094	6.91	1961	United Arab Emirates	191	United Arab Emirates	Middle East & North Africa	1
#00C094	6.893	1962	United Arab Emirates	191	United Arab Emirates	Middle East & North Africa	1
#00C094	6.877	1963	United Arab Emirates	191	United Arab Emirates	Middle East & North Africa	1
#00C094	6.861	1964	United Arab Emirates	191	United Arab Emirates	Middle East & North Africa	1
#00C094	6.841	1965	United Arab Emirates	191	United Arab Emirates	Middle East & North Africa	1
#00C094	6.816	1966	United Arab Emirates	191	United Arab Emirates	Middle East & North Africa	1
#00C094	6.783	1967	United Arab Emirates	191	United Arab Emirates	Middle East & North Africa	1
#00C094	6.738	1968	United Arab Emirates	191	United Arab Emirates	Middle East & North Africa	1
#00C094	6.679	1969	United Arab Emirates	191	United Arab Emirates	Middle East & North Africa	1
#00C094	6.605	1970	United Arab Emirates	191	United Arab Emirates	Middle East & North Africa	1
#00C094	6.512	1971	United Arab Emirates	191	United Arab Emirates	Middle East & North Africa	1
#00C094	6.402	1972	United Arab Emirates	191	United Arab Emirates	Middle East & North Africa	1
#00C094	6.279	1973	United Arab Emirates	191	United Arab Emirates	Middle East & North Africa	1
#00C094	6.146	1974	United Arab Emirates	191	United Arab Emirates	Middle East & North Africa	1
#00C094	6.009	1975	United Arab Emirates	191	United Arab Emirates	Middle East & North Africa	1
#00C094	5.873	1976	United Arab Emirates	191	United Arab Emirates	Middle East & North Africa	1
#00C094	5.744	1977	United Arab Emirates	191	United Arab Emirates	Middle East & North Africa	1
#00C094	5.624	1978	United Arab Emirates	191	United Arab Emirates	Middle East & North Africa	1
#00C094	5.517	1979	United Arab Emirates	191	United Arab Emirates	Middle East & North Africa	1
#00C094	5.423	1980	United Arab Emirates	191	United Arab Emirates	Middle East & North Africa	1
#00C094	5.344	1981	United Arab Emirates	191	United Arab Emirates	Middle East & North Africa	1
#00C094	5.274	1982	United Arab Emirates	191	United Arab Emirates	Middle East & North Africa	1
#00C094	5.209	1983	United Arab Emirates	191	United Arab Emirates	Middle East & North Africa	1
#00C094	5.141	1984	United Arab Emirates	191	United Arab Emirates	Middle East & North Africa	1
#00C094	5.065	1985	United Arab Emirates	191	United Arab Emirates	Middle East & North Africa	1
#00C094	4.973	1986	United Arab Emirates	191	United Arab Emirates	Middle East & North Africa	1
#00C094	4.86	1987	United Arab Emirates	191	United Arab Emirates	Middle East & North Africa	1
#00C094	4.724	1988	United Arab Emirates	191	United Arab Emirates	Middle East & North Africa	1
#00C094	4.566	1989	United Arab Emirates	191	United Arab Emirates	Middle East & North Africa	1
#00C094	4.388	1990	United Arab Emirates	191	United Arab Emirates	Middle East & North Africa	1
#00C094	4.193	1991	United Arab Emirates	191	United Arab Emirates	Middle East & North Africa	1
#00C094	3.989	1992	United Arab Emirates	191	United Arab Emirates	Middle East & North Africa	1
#00C094	3.784	1993	United Arab Emirates	191	United Arab Emirates	Middle East & North Africa	1
#00C094	3.584	1994	United Arab Emirates	191	United Arab Emirates	Middle East & North Africa	1
#00C094	3.394	1995	United Arab Emirates	191	United Arab Emirates	Middle East & North Africa	1
#00C094	3.217	1996	United Arab Emirates	191	United Arab Emirates	Middle East & North Africa	1
#00C094	3.055	1997	United Arab Emirates	191	United Arab Emirates	Middle East & North Africa	1
#00C094	2.906	1998	United Arab Emirates	191	United Arab Emirates	Middle East & North Africa	1
#00C094	2.77	1999	United Arab Emirates	191	United Arab Emirates	Middle East & North Africa	1
#00C094	2.645	2000	United Arab Emirates	191	United Arab Emirates	Middle East & North Africa	1
#00C094	2.527	2001	United Arab Emirates	191	United Arab Emirates	Middle East & North Africa	1
#00C094	2.413	2002	United Arab Emirates	191	United Arab Emirates	Middle East & North Africa	1
#00C094	2.301	2003	United Arab Emirates	191	United Arab Emirates	Middle East & North Africa	1
#00C094	2.191	2004	United Arab Emirates	191	United Arab Emirates	Middle East & North Africa	1
#00C094	2.086	2005	United Arab Emirates	191	United Arab Emirates	Middle East & North Africa	1
#00C094	1.989	2006	United Arab Emirates	191	United Arab Emirates	Middle East & North Africa	1
#00C094	1.906	2007	United Arab Emirates	191	United Arab Emirates	Middle East & North Africa	1
#00C094	1.839	2008	United Arab Emirates	191	United Arab Emirates	Middle East & North Africa	1
#00C094	1.787	2009	United Arab Emirates	191	United Arab Emirates	Middle East & North Africa	1
#00C094	1.749	2010	United Arab Emirates	191	United Arab Emirates	Middle East & North Africa	1
#00C094	1.721	2011	United Arab Emirates	191	United Arab Emirates	Middle East & North Africa	1
#A58AFF	7.7	1960	Afghanistan	1	Afghanistan	South Asia	1
#A58AFF	7.7	1961	Afghanistan	1	Afghanistan	South Asia	1
#A58AFF	7.7	1962	Afghanistan	1	Afghanistan	South Asia	1
#A58AFF	7.7	1963	Afghanistan	1	Afghanistan	South Asia	1
#A58AFF	7.7	1964	Afghanistan	1	Afghanistan	South Asia	1
#A58AFF	7.7	1965	Afghanistan	1	Afghanistan	South Asia	1
#A58AFF	7.7	1966	Afghanistan	1	Afghanistan	South Asia	1
#A58AFF	7.7	1967	Afghanistan	1	Afghanistan	South Asia	1
#A58AFF	7.7	1968	Afghanistan	1	Afghanistan	South Asia	1
#A58AFF	7.7	1969	Afghanistan	1	Afghanistan	South Asia	1
#A58AFF	7.7	1970	Afghanistan	1	Afghanistan	South Asia	1
#A58AFF	7.699	1971	Afghanistan	1	Afghanistan	South Asia	1
#A58AFF	7.697	1972	Afghanistan	1	Afghanistan	South Asia	1
#A58AFF	7.695	1973	Afghanistan	1	Afghanistan	South Asia	1
#A58AFF	7.693	1974	Afghanistan	1	Afghanistan	South Asia	1
#A58AFF	7.692	1975	Afghanistan	1	Afghanistan	South Asia	1
#A58AFF	7.695	1976	Afghanistan	1	Afghanistan	South Asia	1
#A58AFF	7.701	1977	Afghanistan	1	Afghanistan	South Asia	1
#A58AFF	7.711	1978	Afghanistan	1	Afghanistan	South Asia	1
#A58AFF	7.725	1979	Afghanistan	1	Afghanistan	South Asia	1
#A58AFF	7.742	1980	Afghanistan	1	Afghanistan	South Asia	1
#A58AFF	7.763	1981	Afghanistan	1	Afghanistan	South Asia	1
#A58AFF	7.785	1982	Afghanistan	1	Afghanistan	South Asia	1
#A58AFF	7.807	1983	Afghanistan	1	Afghanistan	South Asia	1
#A58AFF	7.829	1984	Afghanistan	1	Afghanistan	South Asia	1
#A58AFF	7.85	1985	Afghanistan	1	Afghanistan	South Asia	1
#A58AFF	7.871	1986	Afghanistan	1	Afghanistan	South Asia	1
#A58AFF	7.893	1987	Afghanistan	1	Afghanistan	South Asia	1
#A58AFF	7.915	1988	Afghanistan	1	Afghanistan	South Asia	1
#A58AFF	7.937	1989	Afghanistan	1	Afghanistan	South Asia	1
#A58AFF	7.96	1990	Afghanistan	1	Afghanistan	South Asia	1
#A58AFF	7.984	1991	Afghanistan	1	Afghanistan	South Asia	1
#A58AFF	8.01	1992	Afghanistan	1	Afghanistan	South Asia	1
#A58AFF	8.034	1993	Afghanistan	1	Afghanistan	South Asia	1
#A58AFF	8.052	1994	Afghanistan	1	Afghanistan	South Asia	1
#A58AFF	8.058	1995	Afghanistan	1	Afghanistan	South Asia	1
#A58AFF	8.043	1996	Afghanistan	1	Afghanistan	South Asia	1
#A58AFF	8.004	1997	Afghanistan	1	Afghanistan	South Asia	1
#A58AFF	7.939	1998	Afghanistan	1	Afghanistan	South Asia	1
#A58AFF	7.847	1999	Afghanistan	1	Afghanistan	South Asia	1
#A58AFF	7.73	2000	Afghanistan	1	Afghanistan	South Asia	1
#A58AFF	7.595	2001	Afghanistan	1	Afghanistan	South Asia	1
#A58AFF	7.447	2002	Afghanistan	1	Afghanistan	South Asia	1
#A58AFF	7.294	2003	Afghanistan	1	Afghanistan	South Asia	1
#A58AFF	7.14	2004	Afghanistan	1	Afghanistan	South Asia	1
#A58AFF	6.989	2005	Afghanistan	1	Afghanistan	South Asia	1
#A58AFF	6.843	2006	Afghanistan	1	Afghanistan	South Asia	1
#A58AFF	6.7	2007	Afghanistan	1	Afghanistan	South Asia	1
#A58AFF	6.559	2008	Afghanistan	1	Afghanistan	South Asia	1
#A58AFF	6.422	2009	Afghanistan	1	Afghanistan	South Asia	1
#A58AFF	6.288	2010	Afghanistan	1	Afghanistan	South Asia	1
#A58AFF	6.158	2011	Afghanistan	1	Afghanistan	South Asia	1
#53B400	2	1982	Antigua and Barbuda	5	Antigua and Barbuda	Latin America & Caribbean	1
#53B400	1.9	1987	Antigua and Barbuda	5	Antigua and Barbuda	Latin America & Caribbean	1
#53B400	1.7	1992	Antigua and Barbuda	5	Antigua and Barbuda	Latin America & Caribbean	1
#53B400	1.7	1997	Antigua and Barbuda	5	Antigua and Barbuda	Latin America & Caribbean	1
#53B400	1.7	2002	Antigua and Barbuda	5	Antigua and Barbuda	Latin America & Caribbean	1
#C49A00	5.951	1960	Albania	2	Albania	Europe & Central Asia	1
#C49A00	5.891	1961	Albania	2	Albania	Europe & Central Asia	1
#C49A00	5.808	1962	Albania	2	Albania	Europe & Central Asia	1
#C49A00	5.704	1963	Albania	2	Albania	Europe & Central Asia	1
#C49A00	5.586	1964	Albania	2	Albania	Europe & Central Asia	1
#C49A00	5.458	1965	Albania	2	Albania	Europe & Central Asia	1
#C49A00	5.329	1966	Albania	2	Albania	Europe & Central Asia	1
#C49A00	5.202	1967	Albania	2	Albania	Europe & Central Asia	1
#C49A00	5.083	1968	Albania	2	Albania	Europe & Central Asia	1
#C49A00	4.972	1969	Albania	2	Albania	Europe & Central Asia	1
#C49A00	4.872	1970	Albania	2	Albania	Europe & Central Asia	1
#C49A00	4.778	1971	Albania	2	Albania	Europe & Central Asia	1
#C49A00	4.688	1972	Albania	2	Albania	Europe & Central Asia	1
#C49A00	4.598	1973	Albania	2	Albania	Europe & Central Asia	1
#C49A00	4.507	1974	Albania	2	Albania	Europe & Central Asia	1
#C49A00	4.417	1975	Albania	2	Albania	Europe & Central Asia	1
#C49A00	4.33	1976	Albania	2	Albania	Europe & Central Asia	1
#C49A00	4.247	1977	Albania	2	Albania	Europe & Central Asia	1
#C49A00	4.17	1978	Albania	2	Albania	Europe & Central Asia	1
#C49A00	4.099	1979	Albania	2	Albania	Europe & Central Asia	1
#C49A00	4.037	1980	Albania	2	Albania	Europe & Central Asia	1
#C49A00	3.985	1981	Albania	2	Albania	Europe & Central Asia	1
#C49A00	3.942	1982	Albania	2	Albania	Europe & Central Asia	1
#C49A00	3.904	1983	Albania	2	Albania	Europe & Central Asia	1
#C49A00	3.865	1984	Albania	2	Albania	Europe & Central Asia	1
#C49A00	3.816	1985	Albania	2	Albania	Europe & Central Asia	1
#C49A00	3.747	1986	Albania	2	Albania	Europe & Central Asia	1
#C49A00	3.65	1987	Albania	2	Albania	Europe & Central Asia	1
#C49A00	3.527	1988	Albania	2	Albania	Europe & Central Asia	1
#C49A00	3.38	1989	Albania	2	Albania	Europe & Central Asia	1
#C49A00	3.219	1990	Albania	2	Albania	Europe & Central Asia	1
#C49A00	3.058	1991	Albania	2	Albania	Europe & Central Asia	1
#C49A00	2.91	1992	Albania	2	Albania	Europe & Central Asia	1
#C49A00	2.784	1993	Albania	2	Albania	Europe & Central Asia	1
#C49A00	2.683	1994	Albania	2	Albania	Europe & Central Asia	1
#C49A00	2.604	1995	Albania	2	Albania	Europe & Central Asia	1
#C49A00	2.54	1996	Albania	2	Albania	Europe & Central Asia	1
#C49A00	2.478	1997	Albania	2	Albania	Europe & Central Asia	1
#C49A00	2.409	1998	Albania	2	Albania	Europe & Central Asia	1
#C49A00	2.33	1999	Albania	2	Albania	Europe & Central Asia	1
#C49A00	2.241	2000	Albania	2	Albania	Europe & Central Asia	1
#C49A00	2.142	2001	Albania	2	Albania	Europe & Central Asia	1
#C49A00	2.04	2002	Albania	2	Albania	Europe & Central Asia	1
#C49A00	1.941	2003	Albania	2	Albania	Europe & Central Asia	1
#C49A00	1.847	2004	Albania	2	Albania	Europe & Central Asia	1
#C49A00	1.764	2005	Albania	2	Albania	Europe & Central Asia	1
#C49A00	1.692	2006	Albania	2	Albania	Europe & Central Asia	1
#C49A00	1.635	2007	Albania	2	Albania	Europe & Central Asia	1
#C49A00	1.59	2008	Albania	2	Albania	Europe & Central Asia	1
#C49A00	1.558	2009	Albania	2	Albania	Europe & Central Asia	1
#C49A00	1.536	2010	Albania	2	Albania	Europe & Central Asia	1
#C49A00	1.523	2011	Albania	2	Albania	Europe & Central Asia	1
#C49A00	4.55	1960	Armenia	7	Armenia	Europe & Central Asia	1
#C49A00	4.512	1961	Armenia	7	Armenia	Europe & Central Asia	1
#C49A00	4.435	1962	Armenia	7	Armenia	Europe & Central Asia	1
#C49A00	4.317	1963	Armenia	7	Armenia	Europe & Central Asia	1
#C49A00	4.161	1964	Armenia	7	Armenia	Europe & Central Asia	1
#C49A00	3.979	1965	Armenia	7	Armenia	Europe & Central Asia	1
#C49A00	3.788	1966	Armenia	7	Armenia	Europe & Central Asia	1
#C49A00	3.606	1967	Armenia	7	Armenia	Europe & Central Asia	1
#C49A00	3.447	1968	Armenia	7	Armenia	Europe & Central Asia	1
#C49A00	3.314	1969	Armenia	7	Armenia	Europe & Central Asia	1
#C49A00	3.208	1970	Armenia	7	Armenia	Europe & Central Asia	1
#C49A00	3.118	1971	Armenia	7	Armenia	Europe & Central Asia	1
#C49A00	3.032	1972	Armenia	7	Armenia	Europe & Central Asia	1
#C49A00	2.942	1973	Armenia	7	Armenia	Europe & Central Asia	1
#C49A00	2.846	1974	Armenia	7	Armenia	Europe & Central Asia	1
#C49A00	2.745	1975	Armenia	7	Armenia	Europe & Central Asia	1
#C49A00	2.646	1976	Armenia	7	Armenia	Europe & Central Asia	1
#C49A00	2.555	1977	Armenia	7	Armenia	Europe & Central Asia	1
#C49A00	2.479	1978	Armenia	7	Armenia	Europe & Central Asia	1
#C49A00	2.421	1979	Armenia	7	Armenia	Europe & Central Asia	1
#C49A00	2.385	1980	Armenia	7	Armenia	Europe & Central Asia	1
#C49A00	2.373	1981	Armenia	7	Armenia	Europe & Central Asia	1
#C49A00	2.381	1982	Armenia	7	Armenia	Europe & Central Asia	1
#C49A00	2.406	1983	Armenia	7	Armenia	Europe & Central Asia	1
#C49A00	2.441	1984	Armenia	7	Armenia	Europe & Central Asia	1
#C49A00	2.481	1985	Armenia	7	Armenia	Europe & Central Asia	1
#C49A00	2.519	1986	Armenia	7	Armenia	Europe & Central Asia	1
#C49A00	2.549	1987	Armenia	7	Armenia	Europe & Central Asia	1
#C49A00	2.566	1988	Armenia	7	Armenia	Europe & Central Asia	1
#C49A00	2.565	1989	Armenia	7	Armenia	Europe & Central Asia	1
#C49A00	2.538	1990	Armenia	7	Armenia	Europe & Central Asia	1
#C49A00	2.482	1991	Armenia	7	Armenia	Europe & Central Asia	1
#C49A00	2.399	1992	Armenia	7	Armenia	Europe & Central Asia	1
#C49A00	2.295	1993	Armenia	7	Armenia	Europe & Central Asia	1
#C49A00	2.176	1994	Armenia	7	Armenia	Europe & Central Asia	1
#C49A00	2.053	1995	Armenia	7	Armenia	Europe & Central Asia	1
#C49A00	1.938	1996	Armenia	7	Armenia	Europe & Central Asia	1
#C49A00	1.838	1997	Armenia	7	Armenia	Europe & Central Asia	1
#C49A00	1.762	1998	Armenia	7	Armenia	Europe & Central Asia	1
#C49A00	1.712	1999	Armenia	7	Armenia	Europe & Central Asia	1
#C49A00	1.688	2000	Armenia	7	Armenia	Europe & Central Asia	1
#C49A00	1.684	2001	Armenia	7	Armenia	Europe & Central Asia	1
#C49A00	1.692	2002	Armenia	7	Armenia	Europe & Central Asia	1
#C49A00	1.704	2003	Armenia	7	Armenia	Europe & Central Asia	1
#C49A00	1.715	2004	Armenia	7	Armenia	Europe & Central Asia	1
#C49A00	1.724	2005	Armenia	7	Armenia	Europe & Central Asia	1
#C49A00	1.728	2006	Armenia	7	Armenia	Europe & Central Asia	1
#C49A00	1.731	2007	Armenia	7	Armenia	Europe & Central Asia	1
#C49A00	1.734	2008	Armenia	7	Armenia	Europe & Central Asia	1
#C49A00	1.735	2009	Armenia	7	Armenia	Europe & Central Asia	1
#C49A00	1.736	2010	Armenia	7	Armenia	Europe & Central Asia	1
#C49A00	1.736	2011	Armenia	7	Armenia	Europe & Central Asia	1
#FB61D7	7.316	1960	Angola	4	Angola	Sub-Saharan Africa	1
#FB61D7	7.354	1961	Angola	4	Angola	Sub-Saharan Africa	1
#FB61D7	7.385	1962	Angola	4	Angola	Sub-Saharan Africa	1
#FB61D7	7.41	1963	Angola	4	Angola	Sub-Saharan Africa	1
#FB61D7	7.425	1964	Angola	4	Angola	Sub-Saharan Africa	1
#FB61D7	7.43	1965	Angola	4	Angola	Sub-Saharan Africa	1
#FB61D7	7.422	1966	Angola	4	Angola	Sub-Saharan Africa	1
#FB61D7	7.403	1967	Angola	4	Angola	Sub-Saharan Africa	1
#FB61D7	7.375	1968	Angola	4	Angola	Sub-Saharan Africa	1
#FB61D7	7.339	1969	Angola	4	Angola	Sub-Saharan Africa	1
#FB61D7	7.301	1970	Angola	4	Angola	Sub-Saharan Africa	1
#FB61D7	7.264	1971	Angola	4	Angola	Sub-Saharan Africa	1
#FB61D7	7.232	1972	Angola	4	Angola	Sub-Saharan Africa	1
#FB61D7	7.208	1973	Angola	4	Angola	Sub-Saharan Africa	1
#FB61D7	7.192	1974	Angola	4	Angola	Sub-Saharan Africa	1
#FB61D7	7.185	1975	Angola	4	Angola	Sub-Saharan Africa	1
#FB61D7	7.186	1976	Angola	4	Angola	Sub-Saharan Africa	1
#FB61D7	7.189	1977	Angola	4	Angola	Sub-Saharan Africa	1
#FB61D7	7.194	1978	Angola	4	Angola	Sub-Saharan Africa	1
#FB61D7	7.197	1979	Angola	4	Angola	Sub-Saharan Africa	1
#FB61D7	7.2	1980	Angola	4	Angola	Sub-Saharan Africa	1
#FB61D7	7.201	1981	Angola	4	Angola	Sub-Saharan Africa	1
#FB61D7	7.203	1982	Angola	4	Angola	Sub-Saharan Africa	1
#FB61D7	7.205	1983	Angola	4	Angola	Sub-Saharan Africa	1
#FB61D7	7.207	1984	Angola	4	Angola	Sub-Saharan Africa	1
#FB61D7	7.208	1985	Angola	4	Angola	Sub-Saharan Africa	1
#FB61D7	7.206	1986	Angola	4	Angola	Sub-Saharan Africa	1
#FB61D7	7.202	1987	Angola	4	Angola	Sub-Saharan Africa	1
#FB61D7	7.194	1988	Angola	4	Angola	Sub-Saharan Africa	1
#FB61D7	7.182	1989	Angola	4	Angola	Sub-Saharan Africa	1
#FB61D7	7.165	1990	Angola	4	Angola	Sub-Saharan Africa	1
#FB61D7	7.144	1991	Angola	4	Angola	Sub-Saharan Africa	1
#FB61D7	7.12	1992	Angola	4	Angola	Sub-Saharan Africa	1
#FB61D7	7.093	1993	Angola	4	Angola	Sub-Saharan Africa	1
#FB61D7	7.063	1994	Angola	4	Angola	Sub-Saharan Africa	1
#FB61D7	7.03	1995	Angola	4	Angola	Sub-Saharan Africa	1
#FB61D7	6.997	1996	Angola	4	Angola	Sub-Saharan Africa	1
#FB61D7	6.963	1997	Angola	4	Angola	Sub-Saharan Africa	1
#FB61D7	6.925	1998	Angola	4	Angola	Sub-Saharan Africa	1
#FB61D7	6.882	1999	Angola	4	Angola	Sub-Saharan Africa	1
#FB61D7	6.826	2000	Angola	4	Angola	Sub-Saharan Africa	1
#FB61D7	6.751	2001	Angola	4	Angola	Sub-Saharan Africa	1
#FB61D7	6.654	2002	Angola	4	Angola	Sub-Saharan Africa	1
#FB61D7	6.533	2003	Angola	4	Angola	Sub-Saharan Africa	1
#FB61D7	6.391	2004	Angola	4	Angola	Sub-Saharan Africa	1
#FB61D7	6.233	2005	Angola	4	Angola	Sub-Saharan Africa	1
#FB61D7	6.066	2006	Angola	4	Angola	Sub-Saharan Africa	1
#FB61D7	5.898	2007	Angola	4	Angola	Sub-Saharan Africa	1
#FB61D7	5.736	2008	Angola	4	Angola	Sub-Saharan Africa	1
#FB61D7	5.584	2009	Angola	4	Angola	Sub-Saharan Africa	1
#FB61D7	5.443	2010	Angola	4	Angola	Sub-Saharan Africa	1
#FB61D7	5.313	2011	Angola	4	Angola	Sub-Saharan Africa	1
#53B400	3.109	1960	Argentina	6	Argentina	Latin America & Caribbean	1
#53B400	3.1	1961	Argentina	6	Argentina	Latin America & Caribbean	1
#53B400	3.089	1962	Argentina	6	Argentina	Latin America & Caribbean	1
#53B400	3.078	1963	Argentina	6	Argentina	Latin America & Caribbean	1
#53B400	3.068	1964	Argentina	6	Argentina	Latin America & Caribbean	1
#53B400	3.058	1965	Argentina	6	Argentina	Latin America & Caribbean	1
#53B400	3.051	1966	Argentina	6	Argentina	Latin America & Caribbean	1
#53B400	3.048	1967	Argentina	6	Argentina	Latin America & Caribbean	1
#53B400	3.049	1968	Argentina	6	Argentina	Latin America & Caribbean	1
#53B400	3.056	1969	Argentina	6	Argentina	Latin America & Caribbean	1
#53B400	3.073	1970	Argentina	6	Argentina	Latin America & Caribbean	1
#53B400	3.104	1971	Argentina	6	Argentina	Latin America & Caribbean	1
#53B400	3.148	1972	Argentina	6	Argentina	Latin America & Caribbean	1
#53B400	3.203	1973	Argentina	6	Argentina	Latin America & Caribbean	1
#53B400	3.264	1974	Argentina	6	Argentina	Latin America & Caribbean	1
#53B400	3.321	1975	Argentina	6	Argentina	Latin America & Caribbean	1
#53B400	3.366	1976	Argentina	6	Argentina	Latin America & Caribbean	1
#53B400	3.391	1977	Argentina	6	Argentina	Latin America & Caribbean	1
#53B400	3.391	1978	Argentina	6	Argentina	Latin America & Caribbean	1
#53B400	3.368	1979	Argentina	6	Argentina	Latin America & Caribbean	1
#53B400	3.325	1980	Argentina	6	Argentina	Latin America & Caribbean	1
#53B400	3.27	1981	Argentina	6	Argentina	Latin America & Caribbean	1
#53B400	3.213	1982	Argentina	6	Argentina	Latin America & Caribbean	1
#53B400	3.163	1983	Argentina	6	Argentina	Latin America & Caribbean	1
#53B400	3.123	1984	Argentina	6	Argentina	Latin America & Caribbean	1
#53B400	3.093	1985	Argentina	6	Argentina	Latin America & Caribbean	1
#53B400	3.073	1986	Argentina	6	Argentina	Latin America & Caribbean	1
#53B400	3.056	1987	Argentina	6	Argentina	Latin America & Caribbean	1
#53B400	3.037	1988	Argentina	6	Argentina	Latin America & Caribbean	1
#53B400	3.016	1989	Argentina	6	Argentina	Latin America & Caribbean	1
#53B400	2.989	1990	Argentina	6	Argentina	Latin America & Caribbean	1
#53B400	2.956	1991	Argentina	6	Argentina	Latin America & Caribbean	1
#53B400	2.918	1992	Argentina	6	Argentina	Latin America & Caribbean	1
#53B400	2.875	1993	Argentina	6	Argentina	Latin America & Caribbean	1
#53B400	2.827	1994	Argentina	6	Argentina	Latin America & Caribbean	1
#53B400	2.774	1995	Argentina	6	Argentina	Latin America & Caribbean	1
#53B400	2.717	1996	Argentina	6	Argentina	Latin America & Caribbean	1
#53B400	2.657	1997	Argentina	6	Argentina	Latin America & Caribbean	1
#53B400	2.596	1998	Argentina	6	Argentina	Latin America & Caribbean	1
#53B400	2.535	1999	Argentina	6	Argentina	Latin America & Caribbean	1
#53B400	2.477	2000	Argentina	6	Argentina	Latin America & Caribbean	1
#53B400	2.425	2001	Argentina	6	Argentina	Latin America & Caribbean	1
#53B400	2.379	2002	Argentina	6	Argentina	Latin America & Caribbean	1
#53B400	2.341	2003	Argentina	6	Argentina	Latin America & Caribbean	1
#53B400	2.31	2004	Argentina	6	Argentina	Latin America & Caribbean	1
#53B400	2.287	2005	Argentina	6	Argentina	Latin America & Caribbean	1
#53B400	2.269	2006	Argentina	6	Argentina	Latin America & Caribbean	1
#53B400	2.254	2007	Argentina	6	Argentina	Latin America & Caribbean	1
#53B400	2.24	2008	Argentina	6	Argentina	Latin America & Caribbean	1
#53B400	2.226	2009	Argentina	6	Argentina	Latin America & Caribbean	1
#53B400	2.211	2010	Argentina	6	Argentina	Latin America & Caribbean	1
#53B400	2.196	2011	Argentina	6	Argentina	Latin America & Caribbean	1
#C49A00	2.69	1960	Austria	10	Austria	Europe & Central Asia	1
#C49A00	2.799	1961	Austria	10	Austria	Europe & Central Asia	1
#C49A00	2.798	1962	Austria	10	Austria	Europe & Central Asia	1
#C49A00	2.811	1963	Austria	10	Austria	Europe & Central Asia	1
#C49A00	2.77	1964	Austria	10	Austria	Europe & Central Asia	1
#C49A00	2.685	1965	Austria	10	Austria	Europe & Central Asia	1
#C49A00	2.662	1966	Austria	10	Austria	Europe & Central Asia	1
#C49A00	2.63	1967	Austria	10	Austria	Europe & Central Asia	1
#C49A00	2.591	1968	Austria	10	Austria	Europe & Central Asia	1
#C49A00	2.496	1969	Austria	10	Austria	Europe & Central Asia	1
#C49A00	2.29	1970	Austria	10	Austria	Europe & Central Asia	1
#C49A00	2.202	1971	Austria	10	Austria	Europe & Central Asia	1
#C49A00	2.102	1972	Austria	10	Austria	Europe & Central Asia	1
#C49A00	1.97	1973	Austria	10	Austria	Europe & Central Asia	1
#C49A00	1.95	1974	Austria	10	Austria	Europe & Central Asia	1
#C49A00	1.82	1975	Austria	10	Austria	Europe & Central Asia	1
#C49A00	1.698	1976	Austria	10	Austria	Europe & Central Asia	1
#C49A00	1.641	1977	Austria	10	Austria	Europe & Central Asia	1
#C49A00	1.621	1978	Austria	10	Austria	Europe & Central Asia	1
#C49A00	1.6	1979	Austria	10	Austria	Europe & Central Asia	1
#C49A00	1.62	1980	Austria	10	Austria	Europe & Central Asia	1
#C49A00	1.67	1981	Austria	10	Austria	Europe & Central Asia	1
#C49A00	1.66	1982	Austria	10	Austria	Europe & Central Asia	1
#C49A00	1.56	1983	Austria	10	Austria	Europe & Central Asia	1
#C49A00	1.53	1984	Austria	10	Austria	Europe & Central Asia	1
#C49A00	1.46	1985	Austria	10	Austria	Europe & Central Asia	1
#C49A00	1.47	1986	Austria	10	Austria	Europe & Central Asia	1
#C49A00	1.42	1987	Austria	10	Austria	Europe & Central Asia	1
#C49A00	1.43	1988	Austria	10	Austria	Europe & Central Asia	1
#C49A00	1.45	1989	Austria	10	Austria	Europe & Central Asia	1
#C49A00	1.45	1990	Austria	10	Austria	Europe & Central Asia	1
#C49A00	1.5	1991	Austria	10	Austria	Europe & Central Asia	1
#C49A00	1.49	1992	Austria	10	Austria	Europe & Central Asia	1
#C49A00	1.48	1993	Austria	10	Austria	Europe & Central Asia	1
#C49A00	1.44	1994	Austria	10	Austria	Europe & Central Asia	1
#C49A00	1.4	1995	Austria	10	Austria	Europe & Central Asia	1
#C49A00	1.42	1996	Austria	10	Austria	Europe & Central Asia	1
#C49A00	1.36	1997	Austria	10	Austria	Europe & Central Asia	1
#C49A00	1.37	1998	Austria	10	Austria	Europe & Central Asia	1
#C49A00	1.34	1999	Austria	10	Austria	Europe & Central Asia	1
#C49A00	1.36	2000	Austria	10	Austria	Europe & Central Asia	1
#C49A00	1.33	2001	Austria	10	Austria	Europe & Central Asia	1
#C49A00	1.39	2002	Austria	10	Austria	Europe & Central Asia	1
#C49A00	1.38	2003	Austria	10	Austria	Europe & Central Asia	1
#C49A00	1.42	2004	Austria	10	Austria	Europe & Central Asia	1
#C49A00	1.41	2005	Austria	10	Austria	Europe & Central Asia	1
#C49A00	1.41	2006	Austria	10	Austria	Europe & Central Asia	1
#C49A00	1.38	2007	Austria	10	Austria	Europe & Central Asia	1
#C49A00	1.41	2008	Austria	10	Austria	Europe & Central Asia	1
#C49A00	1.39	2009	Austria	10	Austria	Europe & Central Asia	1
#C49A00	1.44	2010	Austria	10	Austria	Europe & Central Asia	1
#C49A00	1.42	2011	Austria	10	Austria	Europe & Central Asia	1
#F8766D	3.453	1960	Australia	9	Australia	East Asia & Pacific	1
#F8766D	3.54	1961	Australia	9	Australia	East Asia & Pacific	1
#F8766D	3.442	1962	Australia	9	Australia	East Asia & Pacific	1
#F8766D	3.332	1963	Australia	9	Australia	East Asia & Pacific	1
#F8766D	3.146	1964	Australia	9	Australia	East Asia & Pacific	1
#F8766D	2.977	1965	Australia	9	Australia	East Asia & Pacific	1
#F8766D	2.881	1966	Australia	9	Australia	East Asia & Pacific	1
#F8766D	2.848	1967	Australia	9	Australia	East Asia & Pacific	1
#F8766D	2.888	1968	Australia	9	Australia	East Asia & Pacific	1
#F8766D	2.886	1969	Australia	9	Australia	East Asia & Pacific	1
#F8766D	2.859	1970	Australia	9	Australia	East Asia & Pacific	1
#F8766D	2.961	1971	Australia	9	Australia	East Asia & Pacific	1
#F8766D	2.744	1972	Australia	9	Australia	East Asia & Pacific	1
#F8766D	2.491	1973	Australia	9	Australia	East Asia & Pacific	1
#F8766D	2.397	1974	Australia	9	Australia	East Asia & Pacific	1
#F8766D	2.148	1975	Australia	9	Australia	East Asia & Pacific	1
#F8766D	2.06	1976	Australia	9	Australia	East Asia & Pacific	1
#F8766D	2.007	1977	Australia	9	Australia	East Asia & Pacific	1
#F8766D	1.949	1978	Australia	9	Australia	East Asia & Pacific	1
#F8766D	1.907	1979	Australia	9	Australia	East Asia & Pacific	1
#F8766D	1.891	1980	Australia	9	Australia	East Asia & Pacific	1
#F8766D	1.935	1981	Australia	9	Australia	East Asia & Pacific	1
#F8766D	1.929	1982	Australia	9	Australia	East Asia & Pacific	1
#F8766D	1.924	1983	Australia	9	Australia	East Asia & Pacific	1
#F8766D	1.84	1984	Australia	9	Australia	East Asia & Pacific	1
#F8766D	1.923	1985	Australia	9	Australia	East Asia & Pacific	1
#F8766D	1.868	1986	Australia	9	Australia	East Asia & Pacific	1
#F8766D	1.845	1987	Australia	9	Australia	East Asia & Pacific	1
#F8766D	1.831	1988	Australia	9	Australia	East Asia & Pacific	1
#F8766D	1.838	1989	Australia	9	Australia	East Asia & Pacific	1
#F8766D	1.902	1990	Australia	9	Australia	East Asia & Pacific	1
#F8766D	1.849	1991	Australia	9	Australia	East Asia & Pacific	1
#F8766D	1.888	1992	Australia	9	Australia	East Asia & Pacific	1
#F8766D	1.859	1993	Australia	9	Australia	East Asia & Pacific	1
#F8766D	1.842	1994	Australia	9	Australia	East Asia & Pacific	1
#F8766D	1.822	1995	Australia	9	Australia	East Asia & Pacific	1
#F8766D	1.796	1996	Australia	9	Australia	East Asia & Pacific	1
#F8766D	1.778	1997	Australia	9	Australia	East Asia & Pacific	1
#F8766D	1.762	1998	Australia	9	Australia	East Asia & Pacific	1
#F8766D	1.755	1999	Australia	9	Australia	East Asia & Pacific	1
#F8766D	1.756	2000	Australia	9	Australia	East Asia & Pacific	1
#F8766D	1.739	2001	Australia	9	Australia	East Asia & Pacific	1
#F8766D	1.756	2002	Australia	9	Australia	East Asia & Pacific	1
#F8766D	1.748	2003	Australia	9	Australia	East Asia & Pacific	1
#F8766D	1.768	2004	Australia	9	Australia	East Asia & Pacific	1
#F8766D	1.807	2005	Australia	9	Australia	East Asia & Pacific	1
#F8766D	1.883	2006	Australia	9	Australia	East Asia & Pacific	1
#F8766D	1.931	2007	Australia	9	Australia	East Asia & Pacific	1
#F8766D	1.933	2008	Australia	9	Australia	East Asia & Pacific	1
#F8766D	1.857	2009	Australia	9	Australia	East Asia & Pacific	1
#F8766D	1.87	2010	Australia	9	Australia	East Asia & Pacific	1
#F8766D	1.87	2011	Australia	9	Australia	East Asia & Pacific	1
#53B400	4.82	1960	Aruba	8	Aruba	Latin America & Caribbean	1
#53B400	4.655	1961	Aruba	8	Aruba	Latin America & Caribbean	1
#53B400	4.471	1962	Aruba	8	Aruba	Latin America & Caribbean	1
#53B400	4.271	1963	Aruba	8	Aruba	Latin America & Caribbean	1
#53B400	4.059	1964	Aruba	8	Aruba	Latin America & Caribbean	1
#53B400	3.842	1965	Aruba	8	Aruba	Latin America & Caribbean	1
#53B400	3.625	1966	Aruba	8	Aruba	Latin America & Caribbean	1
#53B400	3.417	1967	Aruba	8	Aruba	Latin America & Caribbean	1
#53B400	3.226	1968	Aruba	8	Aruba	Latin America & Caribbean	1
#53B400	3.054	1969	Aruba	8	Aruba	Latin America & Caribbean	1
#53B400	2.908	1970	Aruba	8	Aruba	Latin America & Caribbean	1
#53B400	2.788	1971	Aruba	8	Aruba	Latin America & Caribbean	1
#53B400	2.691	1972	Aruba	8	Aruba	Latin America & Caribbean	1
#53B400	2.613	1973	Aruba	8	Aruba	Latin America & Caribbean	1
#53B400	2.552	1974	Aruba	8	Aruba	Latin America & Caribbean	1
#53B400	2.506	1975	Aruba	8	Aruba	Latin America & Caribbean	1
#53B400	2.472	1976	Aruba	8	Aruba	Latin America & Caribbean	1
#53B400	2.446	1977	Aruba	8	Aruba	Latin America & Caribbean	1
#53B400	2.425	1978	Aruba	8	Aruba	Latin America & Caribbean	1
#53B400	2.408	1979	Aruba	8	Aruba	Latin America & Caribbean	1
#53B400	2.392	1980	Aruba	8	Aruba	Latin America & Caribbean	1
#53B400	2.377	1981	Aruba	8	Aruba	Latin America & Caribbean	1
#53B400	2.364	1982	Aruba	8	Aruba	Latin America & Caribbean	1
#53B400	2.353	1983	Aruba	8	Aruba	Latin America & Caribbean	1
#53B400	2.342	1984	Aruba	8	Aruba	Latin America & Caribbean	1
#53B400	2.332	1985	Aruba	8	Aruba	Latin America & Caribbean	1
#53B400	2.32	1986	Aruba	8	Aruba	Latin America & Caribbean	1
#53B400	2.307	1987	Aruba	8	Aruba	Latin America & Caribbean	1
#53B400	2.291	1988	Aruba	8	Aruba	Latin America & Caribbean	1
#53B400	2.272	1989	Aruba	8	Aruba	Latin America & Caribbean	1
#53B400	2.249	1990	Aruba	8	Aruba	Latin America & Caribbean	1
#53B400	2.221	1991	Aruba	8	Aruba	Latin America & Caribbean	1
#53B400	2.187	1992	Aruba	8	Aruba	Latin America & Caribbean	1
#53B400	2.149	1993	Aruba	8	Aruba	Latin America & Caribbean	1
#53B400	2.108	1994	Aruba	8	Aruba	Latin America & Caribbean	1
#53B400	2.064	1995	Aruba	8	Aruba	Latin America & Caribbean	1
#53B400	2.021	1996	Aruba	8	Aruba	Latin America & Caribbean	1
#53B400	1.979	1997	Aruba	8	Aruba	Latin America & Caribbean	1
#53B400	1.94	1998	Aruba	8	Aruba	Latin America & Caribbean	1
#53B400	1.905	1999	Aruba	8	Aruba	Latin America & Caribbean	1
#53B400	1.874	2000	Aruba	8	Aruba	Latin America & Caribbean	1
#53B400	1.848	2001	Aruba	8	Aruba	Latin America & Caribbean	1
#53B400	1.825	2002	Aruba	8	Aruba	Latin America & Caribbean	1
#53B400	1.805	2003	Aruba	8	Aruba	Latin America & Caribbean	1
#53B400	1.787	2004	Aruba	8	Aruba	Latin America & Caribbean	1
#53B400	1.77	2005	Aruba	8	Aruba	Latin America & Caribbean	1
#53B400	1.755	2006	Aruba	8	Aruba	Latin America & Caribbean	1
#53B400	1.74	2007	Aruba	8	Aruba	Latin America & Caribbean	1
#53B400	1.726	2008	Aruba	8	Aruba	Latin America & Caribbean	1
#53B400	1.713	2009	Aruba	8	Aruba	Latin America & Caribbean	1
#53B400	1.699	2010	Aruba	8	Aruba	Latin America & Caribbean	1
#53B400	1.687	2011	Aruba	8	Aruba	Latin America & Caribbean	1
#C49A00	5.571	1960	Azerbaijan	11	Azerbaijan	Europe & Central Asia	1
#C49A00	5.596	1961	Azerbaijan	11	Azerbaijan	Europe & Central Asia	1
#C49A00	5.591	1962	Azerbaijan	11	Azerbaijan	Europe & Central Asia	1
#C49A00	5.549	1963	Azerbaijan	11	Azerbaijan	Europe & Central Asia	1
#C49A00	5.468	1964	Azerbaijan	11	Azerbaijan	Europe & Central Asia	1
#C49A00	5.352	1965	Azerbaijan	11	Azerbaijan	Europe & Central Asia	1
#C49A00	5.21	1966	Azerbaijan	11	Azerbaijan	Europe & Central Asia	1
#C49A00	5.056	1967	Azerbaijan	11	Azerbaijan	Europe & Central Asia	1
#C49A00	4.901	1968	Azerbaijan	11	Azerbaijan	Europe & Central Asia	1
#C49A00	4.753	1969	Azerbaijan	11	Azerbaijan	Europe & Central Asia	1
#C49A00	4.612	1970	Azerbaijan	11	Azerbaijan	Europe & Central Asia	1
#C49A00	4.479	1971	Azerbaijan	11	Azerbaijan	Europe & Central Asia	1
#C49A00	4.348	1972	Azerbaijan	11	Azerbaijan	Europe & Central Asia	1
#C49A00	4.216	1973	Azerbaijan	11	Azerbaijan	Europe & Central Asia	1
#C49A00	4.084	1974	Azerbaijan	11	Azerbaijan	Europe & Central Asia	1
#C49A00	3.95	1975	Azerbaijan	11	Azerbaijan	Europe & Central Asia	1
#C49A00	3.814	1976	Azerbaijan	11	Azerbaijan	Europe & Central Asia	1
#C49A00	3.676	1977	Azerbaijan	11	Azerbaijan	Europe & Central Asia	1
#C49A00	3.539	1978	Azerbaijan	11	Azerbaijan	Europe & Central Asia	1
#C49A00	3.407	1979	Azerbaijan	11	Azerbaijan	Europe & Central Asia	1
#C49A00	3.286	1980	Azerbaijan	11	Azerbaijan	Europe & Central Asia	1
#C49A00	3.179	1981	Azerbaijan	11	Azerbaijan	Europe & Central Asia	1
#C49A00	3.092	1982	Azerbaijan	11	Azerbaijan	Europe & Central Asia	1
#C49A00	3.026	1983	Azerbaijan	11	Azerbaijan	Europe & Central Asia	1
#C49A00	2.98	1984	Azerbaijan	11	Azerbaijan	Europe & Central Asia	1
#C49A00	2.91	1985	Azerbaijan	11	Azerbaijan	Europe & Central Asia	1
#C49A00	2.9	1986	Azerbaijan	11	Azerbaijan	Europe & Central Asia	1
#C49A00	2.9026	1987	Azerbaijan	11	Azerbaijan	Europe & Central Asia	1
#C49A00	2.8	1988	Azerbaijan	11	Azerbaijan	Europe & Central Asia	1
#C49A00	2.8	1989	Azerbaijan	11	Azerbaijan	Europe & Central Asia	1
#C49A00	2.74	1990	Azerbaijan	11	Azerbaijan	Europe & Central Asia	1
#C49A00	2.87	1991	Azerbaijan	11	Azerbaijan	Europe & Central Asia	1
#C49A00	2.74	1992	Azerbaijan	11	Azerbaijan	Europe & Central Asia	1
#C49A00	2.7	1993	Azerbaijan	11	Azerbaijan	Europe & Central Asia	1
#C49A00	2.52	1994	Azerbaijan	11	Azerbaijan	Europe & Central Asia	1
#C49A00	2.29	1995	Azerbaijan	11	Azerbaijan	Europe & Central Asia	1
#C49A00	2.06	1996	Azerbaijan	11	Azerbaijan	Europe & Central Asia	1
#C49A00	2.07	1997	Azerbaijan	11	Azerbaijan	Europe & Central Asia	1
#C49A00	2	1998	Azerbaijan	11	Azerbaijan	Europe & Central Asia	1
#C49A00	2.07	1999	Azerbaijan	11	Azerbaijan	Europe & Central Asia	1
#C49A00	2	2000	Azerbaijan	11	Azerbaijan	Europe & Central Asia	1
#C49A00	1.8	2001	Azerbaijan	11	Azerbaijan	Europe & Central Asia	1
#C49A00	1.8	2002	Azerbaijan	11	Azerbaijan	Europe & Central Asia	1
#C49A00	1.9	2003	Azerbaijan	11	Azerbaijan	Europe & Central Asia	1
#C49A00	2.0535	2004	Azerbaijan	11	Azerbaijan	Europe & Central Asia	1
#C49A00	2	2005	Azerbaijan	11	Azerbaijan	Europe & Central Asia	1
#C49A00	1.97	2006	Azerbaijan	11	Azerbaijan	Europe & Central Asia	1
#C49A00	1.97	2007	Azerbaijan	11	Azerbaijan	Europe & Central Asia	1
#C49A00	1.9	2008	Azerbaijan	11	Azerbaijan	Europe & Central Asia	1
#C49A00	1.82	2009	Azerbaijan	11	Azerbaijan	Europe & Central Asia	1
#C49A00	1.92	2010	Azerbaijan	11	Azerbaijan	Europe & Central Asia	1
#C49A00	1.92	2011	Azerbaijan	11	Azerbaijan	Europe & Central Asia	1
#C49A00	4.052	1960	Bosnia and Herzegovina	23	Bosnia and Herzegovina	Europe & Central Asia	1
#C49A00	3.954	1961	Bosnia and Herzegovina	23	Bosnia and Herzegovina	Europe & Central Asia	1
#C49A00	3.849	1962	Bosnia and Herzegovina	23	Bosnia and Herzegovina	Europe & Central Asia	1
#C49A00	3.737	1963	Bosnia and Herzegovina	23	Bosnia and Herzegovina	Europe & Central Asia	1
#C49A00	3.619	1964	Bosnia and Herzegovina	23	Bosnia and Herzegovina	Europe & Central Asia	1
#C49A00	3.495	1965	Bosnia and Herzegovina	23	Bosnia and Herzegovina	Europe & Central Asia	1
#C49A00	3.367	1966	Bosnia and Herzegovina	23	Bosnia and Herzegovina	Europe & Central Asia	1
#C49A00	3.239	1967	Bosnia and Herzegovina	23	Bosnia and Herzegovina	Europe & Central Asia	1
#C49A00	3.114	1968	Bosnia and Herzegovina	23	Bosnia and Herzegovina	Europe & Central Asia	1
#C49A00	2.994	1969	Bosnia and Herzegovina	23	Bosnia and Herzegovina	Europe & Central Asia	1
#C49A00	2.881	1970	Bosnia and Herzegovina	23	Bosnia and Herzegovina	Europe & Central Asia	1
#C49A00	2.775	1971	Bosnia and Herzegovina	23	Bosnia and Herzegovina	Europe & Central Asia	1
#C49A00	2.675	1972	Bosnia and Herzegovina	23	Bosnia and Herzegovina	Europe & Central Asia	1
#C49A00	2.581	1973	Bosnia and Herzegovina	23	Bosnia and Herzegovina	Europe & Central Asia	1
#C49A00	2.493	1974	Bosnia and Herzegovina	23	Bosnia and Herzegovina	Europe & Central Asia	1
#C49A00	2.412	1975	Bosnia and Herzegovina	23	Bosnia and Herzegovina	Europe & Central Asia	1
#C49A00	2.336	1976	Bosnia and Herzegovina	23	Bosnia and Herzegovina	Europe & Central Asia	1
#C49A00	2.267	1977	Bosnia and Herzegovina	23	Bosnia and Herzegovina	Europe & Central Asia	1
#C49A00	2.202	1978	Bosnia and Herzegovina	23	Bosnia and Herzegovina	Europe & Central Asia	1
#C49A00	2.144	1979	Bosnia and Herzegovina	23	Bosnia and Herzegovina	Europe & Central Asia	1
#C49A00	2.092	1980	Bosnia and Herzegovina	23	Bosnia and Herzegovina	Europe & Central Asia	1
#C49A00	2.05	1981	Bosnia and Herzegovina	23	Bosnia and Herzegovina	Europe & Central Asia	1
#C49A00	2.017	1982	Bosnia and Herzegovina	23	Bosnia and Herzegovina	Europe & Central Asia	1
#C49A00	1.992	1983	Bosnia and Herzegovina	23	Bosnia and Herzegovina	Europe & Central Asia	1
#C49A00	1.973	1984	Bosnia and Herzegovina	23	Bosnia and Herzegovina	Europe & Central Asia	1
#C49A00	1.953	1985	Bosnia and Herzegovina	23	Bosnia and Herzegovina	Europe & Central Asia	1
#C49A00	1.925	1986	Bosnia and Herzegovina	23	Bosnia and Herzegovina	Europe & Central Asia	1
#C49A00	1.887	1987	Bosnia and Herzegovina	23	Bosnia and Herzegovina	Europe & Central Asia	1
#C49A00	1.836	1988	Bosnia and Herzegovina	23	Bosnia and Herzegovina	Europe & Central Asia	1
#C49A00	1.775	1989	Bosnia and Herzegovina	23	Bosnia and Herzegovina	Europe & Central Asia	1
#C49A00	1.708	1990	Bosnia and Herzegovina	23	Bosnia and Herzegovina	Europe & Central Asia	1
#C49A00	1.645	1991	Bosnia and Herzegovina	23	Bosnia and Herzegovina	Europe & Central Asia	1
#C49A00	1.592	1992	Bosnia and Herzegovina	23	Bosnia and Herzegovina	Europe & Central Asia	1
#C49A00	1.556	1993	Bosnia and Herzegovina	23	Bosnia and Herzegovina	Europe & Central Asia	1
#C49A00	1.534	1994	Bosnia and Herzegovina	23	Bosnia and Herzegovina	Europe & Central Asia	1
#C49A00	1.524	1995	Bosnia and Herzegovina	23	Bosnia and Herzegovina	Europe & Central Asia	1
#C49A00	1.518	1996	Bosnia and Herzegovina	23	Bosnia and Herzegovina	Europe & Central Asia	1
#C49A00	1.508	1997	Bosnia and Herzegovina	23	Bosnia and Herzegovina	Europe & Central Asia	1
#C49A00	1.487	1998	Bosnia and Herzegovina	23	Bosnia and Herzegovina	Europe & Central Asia	1
#C49A00	1.454	1999	Bosnia and Herzegovina	23	Bosnia and Herzegovina	Europe & Central Asia	1
#C49A00	1.412	2000	Bosnia and Herzegovina	23	Bosnia and Herzegovina	Europe & Central Asia	1
#C49A00	1.363	2001	Bosnia and Herzegovina	23	Bosnia and Herzegovina	Europe & Central Asia	1
#C49A00	1.315	2002	Bosnia and Herzegovina	23	Bosnia and Herzegovina	Europe & Central Asia	1
#C49A00	1.273	2003	Bosnia and Herzegovina	23	Bosnia and Herzegovina	Europe & Central Asia	1
#C49A00	1.239	2004	Bosnia and Herzegovina	23	Bosnia and Herzegovina	Europe & Central Asia	1
#C49A00	1.212	2005	Bosnia and Herzegovina	23	Bosnia and Herzegovina	Europe & Central Asia	1
#C49A00	1.194	2006	Bosnia and Herzegovina	23	Bosnia and Herzegovina	Europe & Central Asia	1
#C49A00	1.179	2007	Bosnia and Herzegovina	23	Bosnia and Herzegovina	Europe & Central Asia	1
#C49A00	1.168	2008	Bosnia and Herzegovina	23	Bosnia and Herzegovina	Europe & Central Asia	1
#C49A00	1.157	2009	Bosnia and Herzegovina	23	Bosnia and Herzegovina	Europe & Central Asia	1
#C49A00	1.148	2010	Bosnia and Herzegovina	23	Bosnia and Herzegovina	Europe & Central Asia	1
#C49A00	1.14	2011	Bosnia and Herzegovina	23	Bosnia and Herzegovina	Europe & Central Asia	1
#53B400	4.333	1960	Barbados	15	Barbados	Latin America & Caribbean	1
#53B400	4.313	1961	Barbados	15	Barbados	Latin America & Caribbean	1
#53B400	4.269	1962	Barbados	15	Barbados	Latin America & Caribbean	1
#53B400	4.196	1963	Barbados	15	Barbados	Latin America & Caribbean	1
#53B400	4.094	1964	Barbados	15	Barbados	Latin America & Caribbean	1
#53B400	3.963	1965	Barbados	15	Barbados	Latin America & Caribbean	1
#53B400	3.807	1966	Barbados	15	Barbados	Latin America & Caribbean	1
#53B400	3.637	1967	Barbados	15	Barbados	Latin America & Caribbean	1
#53B400	3.46	1968	Barbados	15	Barbados	Latin America & Caribbean	1
#53B400	3.284	1969	Barbados	15	Barbados	Latin America & Caribbean	1
#53B400	3.113	1970	Barbados	15	Barbados	Latin America & Caribbean	1
#53B400	2.949	1971	Barbados	15	Barbados	Latin America & Caribbean	1
#53B400	2.794	1972	Barbados	15	Barbados	Latin America & Caribbean	1
#53B400	2.648	1973	Barbados	15	Barbados	Latin America & Caribbean	1
#53B400	2.513	1974	Barbados	15	Barbados	Latin America & Caribbean	1
#53B400	2.393	1975	Barbados	15	Barbados	Latin America & Caribbean	1
#53B400	2.288	1976	Barbados	15	Barbados	Latin America & Caribbean	1
#53B400	2.198	1977	Barbados	15	Barbados	Latin America & Caribbean	1
#53B400	2.121	1978	Barbados	15	Barbados	Latin America & Caribbean	1
#53B400	2.057	1979	Barbados	15	Barbados	Latin America & Caribbean	1
#53B400	2.004	1980	Barbados	15	Barbados	Latin America & Caribbean	1
#53B400	1.96	1981	Barbados	15	Barbados	Latin America & Caribbean	1
#53B400	1.922	1982	Barbados	15	Barbados	Latin America & Caribbean	1
#53B400	1.889	1983	Barbados	15	Barbados	Latin America & Caribbean	1
#53B400	1.858	1984	Barbados	15	Barbados	Latin America & Caribbean	1
#53B400	1.83	1985	Barbados	15	Barbados	Latin America & Caribbean	1
#53B400	1.806	1986	Barbados	15	Barbados	Latin America & Caribbean	1
#53B400	1.786	1987	Barbados	15	Barbados	Latin America & Caribbean	1
#53B400	1.77	1988	Barbados	15	Barbados	Latin America & Caribbean	1
#53B400	1.758	1989	Barbados	15	Barbados	Latin America & Caribbean	1
#53B400	1.748	1990	Barbados	15	Barbados	Latin America & Caribbean	1
#53B400	1.739	1991	Barbados	15	Barbados	Latin America & Caribbean	1
#53B400	1.73	1992	Barbados	15	Barbados	Latin America & Caribbean	1
#53B400	1.719	1993	Barbados	15	Barbados	Latin America & Caribbean	1
#53B400	1.705	1994	Barbados	15	Barbados	Latin America & Caribbean	1
#53B400	1.688	1995	Barbados	15	Barbados	Latin America & Caribbean	1
#53B400	1.667	1996	Barbados	15	Barbados	Latin America & Caribbean	1
#53B400	1.641	1997	Barbados	15	Barbados	Latin America & Caribbean	1
#53B400	1.614	1998	Barbados	15	Barbados	Latin America & Caribbean	1
#53B400	1.585	1999	Barbados	15	Barbados	Latin America & Caribbean	1
#53B400	1.558	2000	Barbados	15	Barbados	Latin America & Caribbean	1
#53B400	1.534	2001	Barbados	15	Barbados	Latin America & Caribbean	1
#53B400	1.516	2002	Barbados	15	Barbados	Latin America & Caribbean	1
#53B400	1.504	2003	Barbados	15	Barbados	Latin America & Caribbean	1
#53B400	1.5	2004	Barbados	15	Barbados	Latin America & Caribbean	1
#53B400	1.501	2005	Barbados	15	Barbados	Latin America & Caribbean	1
#53B400	1.508	2006	Barbados	15	Barbados	Latin America & Caribbean	1
#53B400	1.518	2007	Barbados	15	Barbados	Latin America & Caribbean	1
#53B400	1.529	2008	Barbados	15	Barbados	Latin America & Caribbean	1
#53B400	1.541	2009	Barbados	15	Barbados	Latin America & Caribbean	1
#53B400	1.551	2010	Barbados	15	Barbados	Latin America & Caribbean	1
#53B400	1.561	2011	Barbados	15	Barbados	Latin America & Caribbean	1
#A58AFF	6.724	1960	Bangladesh	14	Bangladesh	South Asia	1
#A58AFF	6.758	1961	Bangladesh	14	Bangladesh	South Asia	1
#A58AFF	6.79	1962	Bangladesh	14	Bangladesh	South Asia	1
#A58AFF	6.819	1963	Bangladesh	14	Bangladesh	South Asia	1
#A58AFF	6.846	1964	Bangladesh	14	Bangladesh	South Asia	1
#A58AFF	6.871	1965	Bangladesh	14	Bangladesh	South Asia	1
#A58AFF	6.894	1966	Bangladesh	14	Bangladesh	South Asia	1
#A58AFF	6.914	1967	Bangladesh	14	Bangladesh	South Asia	1
#A58AFF	6.93	1968	Bangladesh	14	Bangladesh	South Asia	1
#A58AFF	6.94	1969	Bangladesh	14	Bangladesh	South Asia	1
#A58AFF	6.945	1970	Bangladesh	14	Bangladesh	South Asia	1
#A58AFF	6.942	1971	Bangladesh	14	Bangladesh	South Asia	1
#A58AFF	6.931	1972	Bangladesh	14	Bangladesh	South Asia	1
#A58AFF	6.91	1973	Bangladesh	14	Bangladesh	South Asia	1
#A58AFF	6.877	1974	Bangladesh	14	Bangladesh	South Asia	1
#A58AFF	6.831	1975	Bangladesh	14	Bangladesh	South Asia	1
#A58AFF	6.771	1976	Bangladesh	14	Bangladesh	South Asia	1
#A58AFF	6.695	1977	Bangladesh	14	Bangladesh	South Asia	1
#A58AFF	6.604	1978	Bangladesh	14	Bangladesh	South Asia	1
#A58AFF	6.497	1979	Bangladesh	14	Bangladesh	South Asia	1
#A58AFF	6.374	1980	Bangladesh	14	Bangladesh	South Asia	1
#A58AFF	6.232	1981	Bangladesh	14	Bangladesh	South Asia	1
#A58AFF	6.075	1982	Bangladesh	14	Bangladesh	South Asia	1
#A58AFF	5.903	1983	Bangladesh	14	Bangladesh	South Asia	1
#A58AFF	5.719	1984	Bangladesh	14	Bangladesh	South Asia	1
#A58AFF	5.527	1985	Bangladesh	14	Bangladesh	South Asia	1
#A58AFF	5.328	1986	Bangladesh	14	Bangladesh	South Asia	1
#A58AFF	5.126	1987	Bangladesh	14	Bangladesh	South Asia	1
#A58AFF	4.925	1988	Bangladesh	14	Bangladesh	South Asia	1
#A58AFF	4.728	1989	Bangladesh	14	Bangladesh	South Asia	1
#A58AFF	4.538	1990	Bangladesh	14	Bangladesh	South Asia	1
#A58AFF	4.356	1991	Bangladesh	14	Bangladesh	South Asia	1
#A58AFF	4.184	1992	Bangladesh	14	Bangladesh	South Asia	1
#A58AFF	4.021	1993	Bangladesh	14	Bangladesh	South Asia	1
#A58AFF	3.867	1994	Bangladesh	14	Bangladesh	South Asia	1
#A58AFF	3.723	1995	Bangladesh	14	Bangladesh	South Asia	1
#A58AFF	3.589	1996	Bangladesh	14	Bangladesh	South Asia	1
#A58AFF	3.463	1997	Bangladesh	14	Bangladesh	South Asia	1
#A58AFF	3.344	1998	Bangladesh	14	Bangladesh	South Asia	1
#A58AFF	3.231	1999	Bangladesh	14	Bangladesh	South Asia	1
#A58AFF	3.121	2000	Bangladesh	14	Bangladesh	South Asia	1
#A58AFF	3.013	2001	Bangladesh	14	Bangladesh	South Asia	1
#A58AFF	2.907	2002	Bangladesh	14	Bangladesh	South Asia	1
#A58AFF	2.802	2003	Bangladesh	14	Bangladesh	South Asia	1
#A58AFF	2.699	2004	Bangladesh	14	Bangladesh	South Asia	1
#A58AFF	2.601	2005	Bangladesh	14	Bangladesh	South Asia	1
#A58AFF	2.509	2006	Bangladesh	14	Bangladesh	South Asia	1
#A58AFF	2.427	2007	Bangladesh	14	Bangladesh	South Asia	1
#A58AFF	2.356	2008	Bangladesh	14	Bangladesh	South Asia	1
#A58AFF	2.296	2009	Bangladesh	14	Bangladesh	South Asia	1
#A58AFF	2.245	2010	Bangladesh	14	Bangladesh	South Asia	1
#A58AFF	2.202	2011	Bangladesh	14	Bangladesh	South Asia	1
#C49A00	2.575	1960	Belgium	17	Belgium	Europe & Central Asia	1
#C49A00	2.644	1961	Belgium	17	Belgium	Europe & Central Asia	1
#C49A00	2.592	1962	Belgium	17	Belgium	Europe & Central Asia	1
#C49A00	2.68	1963	Belgium	17	Belgium	Europe & Central Asia	1
#C49A00	2.712	1964	Belgium	17	Belgium	Europe & Central Asia	1
#C49A00	2.613	1965	Belgium	17	Belgium	Europe & Central Asia	1
#C49A00	2.53	1966	Belgium	17	Belgium	Europe & Central Asia	1
#C49A00	2.42	1967	Belgium	17	Belgium	Europe & Central Asia	1
#C49A00	2.313	1968	Belgium	17	Belgium	Europe & Central Asia	1
#C49A00	2.245	1969	Belgium	17	Belgium	Europe & Central Asia	1
#C49A00	2.2	1970	Belgium	17	Belgium	Europe & Central Asia	1
#C49A00	2.208	1971	Belgium	17	Belgium	Europe & Central Asia	1
#C49A00	2.09	1972	Belgium	17	Belgium	Europe & Central Asia	1
#C49A00	1.95	1973	Belgium	17	Belgium	Europe & Central Asia	1
#C49A00	1.83	1974	Belgium	17	Belgium	Europe & Central Asia	1
#C49A00	1.736	1975	Belgium	17	Belgium	Europe & Central Asia	1
#C49A00	1.725	1976	Belgium	17	Belgium	Europe & Central Asia	1
#C49A00	1.705	1977	Belgium	17	Belgium	Europe & Central Asia	1
#C49A00	1.691	1978	Belgium	17	Belgium	Europe & Central Asia	1
#C49A00	1.689	1979	Belgium	17	Belgium	Europe & Central Asia	1
#C49A00	1.672	1980	Belgium	17	Belgium	Europe & Central Asia	1
#C49A00	1.67	1981	Belgium	17	Belgium	Europe & Central Asia	1
#C49A00	1.614	1982	Belgium	17	Belgium	Europe & Central Asia	1
#C49A00	1.56	1983	Belgium	17	Belgium	Europe & Central Asia	1
#C49A00	1.591	1984	Belgium	17	Belgium	Europe & Central Asia	1
#C49A00	1.49	1985	Belgium	17	Belgium	Europe & Central Asia	1
#C49A00	1.54	1986	Belgium	17	Belgium	Europe & Central Asia	1
#C49A00	1.55	1987	Belgium	17	Belgium	Europe & Central Asia	1
#C49A00	1.56	1988	Belgium	17	Belgium	Europe & Central Asia	1
#C49A00	1.58	1989	Belgium	17	Belgium	Europe & Central Asia	1
#C49A00	1.62	1990	Belgium	17	Belgium	Europe & Central Asia	1
#C49A00	1.57	1991	Belgium	17	Belgium	Europe & Central Asia	1
#C49A00	1.56	1992	Belgium	17	Belgium	Europe & Central Asia	1
#C49A00	1.61	1993	Belgium	17	Belgium	Europe & Central Asia	1
#C49A00	1.55	1994	Belgium	17	Belgium	Europe & Central Asia	1
#C49A00	1.57	1995	Belgium	17	Belgium	Europe & Central Asia	1
#C49A00	1.55	1996	Belgium	17	Belgium	Europe & Central Asia	1
#C49A00	1.6	1997	Belgium	17	Belgium	Europe & Central Asia	1
#C49A00	1.6	1998	Belgium	17	Belgium	Europe & Central Asia	1
#C49A00	1.62	1999	Belgium	17	Belgium	Europe & Central Asia	1
#C49A00	1.67	2000	Belgium	17	Belgium	Europe & Central Asia	1
#C49A00	1.6632	2001	Belgium	17	Belgium	Europe & Central Asia	1
#C49A00	1.6599	2002	Belgium	17	Belgium	Europe & Central Asia	1
#C49A00	1.66	2003	Belgium	17	Belgium	Europe & Central Asia	1
#C49A00	1.72	2004	Belgium	17	Belgium	Europe & Central Asia	1
#C49A00	1.76	2005	Belgium	17	Belgium	Europe & Central Asia	1
#C49A00	1.8	2006	Belgium	17	Belgium	Europe & Central Asia	1
#C49A00	1.82	2007	Belgium	17	Belgium	Europe & Central Asia	1
#C49A00	1.86	2008	Belgium	17	Belgium	Europe & Central Asia	1
#C49A00	1.84	2009	Belgium	17	Belgium	Europe & Central Asia	1
#C49A00	1.84	2010	Belgium	17	Belgium	Europe & Central Asia	1
#C49A00	1.84	2011	Belgium	17	Belgium	Europe & Central Asia	1
#FB61D7	6.291	1960	Burkina Faso	28	Burkina Faso	Sub-Saharan Africa	1
#FB61D7	6.316	1961	Burkina Faso	28	Burkina Faso	Sub-Saharan Africa	1
#FB61D7	6.344	1962	Burkina Faso	28	Burkina Faso	Sub-Saharan Africa	1
#FB61D7	6.377	1963	Burkina Faso	28	Burkina Faso	Sub-Saharan Africa	1
#FB61D7	6.414	1964	Burkina Faso	28	Burkina Faso	Sub-Saharan Africa	1
#FB61D7	6.454	1965	Burkina Faso	28	Burkina Faso	Sub-Saharan Africa	1
#FB61D7	6.493	1966	Burkina Faso	28	Burkina Faso	Sub-Saharan Africa	1
#FB61D7	6.53	1967	Burkina Faso	28	Burkina Faso	Sub-Saharan Africa	1
#FB61D7	6.563	1968	Burkina Faso	28	Burkina Faso	Sub-Saharan Africa	1
#FB61D7	6.593	1969	Burkina Faso	28	Burkina Faso	Sub-Saharan Africa	1
#FB61D7	6.624	1970	Burkina Faso	28	Burkina Faso	Sub-Saharan Africa	1
#FB61D7	6.658	1971	Burkina Faso	28	Burkina Faso	Sub-Saharan Africa	1
#FB61D7	6.7	1972	Burkina Faso	28	Burkina Faso	Sub-Saharan Africa	1
#FB61D7	6.75	1973	Burkina Faso	28	Burkina Faso	Sub-Saharan Africa	1
#FB61D7	6.807	1974	Burkina Faso	28	Burkina Faso	Sub-Saharan Africa	1
#FB61D7	6.868	1975	Burkina Faso	28	Burkina Faso	Sub-Saharan Africa	1
#FB61D7	6.927	1976	Burkina Faso	28	Burkina Faso	Sub-Saharan Africa	1
#FB61D7	6.98	1977	Burkina Faso	28	Burkina Faso	Sub-Saharan Africa	1
#FB61D7	7.022	1978	Burkina Faso	28	Burkina Faso	Sub-Saharan Africa	1
#FB61D7	7.053	1979	Burkina Faso	28	Burkina Faso	Sub-Saharan Africa	1
#FB61D7	7.069	1980	Burkina Faso	28	Burkina Faso	Sub-Saharan Africa	1
#FB61D7	7.074	1981	Burkina Faso	28	Burkina Faso	Sub-Saharan Africa	1
#FB61D7	7.07	1982	Burkina Faso	28	Burkina Faso	Sub-Saharan Africa	1
#FB61D7	7.059	1983	Burkina Faso	28	Burkina Faso	Sub-Saharan Africa	1
#FB61D7	7.043	1984	Burkina Faso	28	Burkina Faso	Sub-Saharan Africa	1
#FB61D7	7.022	1985	Burkina Faso	28	Burkina Faso	Sub-Saharan Africa	1
#FB61D7	6.996	1986	Burkina Faso	28	Burkina Faso	Sub-Saharan Africa	1
#FB61D7	6.965	1987	Burkina Faso	28	Burkina Faso	Sub-Saharan Africa	1
#FB61D7	6.93	1988	Burkina Faso	28	Burkina Faso	Sub-Saharan Africa	1
#FB61D7	6.889	1989	Burkina Faso	28	Burkina Faso	Sub-Saharan Africa	1
#FB61D7	6.844	1990	Burkina Faso	28	Burkina Faso	Sub-Saharan Africa	1
#FB61D7	6.794	1991	Burkina Faso	28	Burkina Faso	Sub-Saharan Africa	1
#FB61D7	6.739	1992	Burkina Faso	28	Burkina Faso	Sub-Saharan Africa	1
#FB61D7	6.681	1993	Burkina Faso	28	Burkina Faso	Sub-Saharan Africa	1
#FB61D7	6.62	1994	Burkina Faso	28	Burkina Faso	Sub-Saharan Africa	1
#FB61D7	6.558	1995	Burkina Faso	28	Burkina Faso	Sub-Saharan Africa	1
#FB61D7	6.495	1996	Burkina Faso	28	Burkina Faso	Sub-Saharan Africa	1
#FB61D7	6.432	1997	Burkina Faso	28	Burkina Faso	Sub-Saharan Africa	1
#FB61D7	6.372	1998	Burkina Faso	28	Burkina Faso	Sub-Saharan Africa	1
#FB61D7	6.314	1999	Burkina Faso	28	Burkina Faso	Sub-Saharan Africa	1
#FB61D7	6.259	2000	Burkina Faso	28	Burkina Faso	Sub-Saharan Africa	1
#FB61D7	6.208	2001	Burkina Faso	28	Burkina Faso	Sub-Saharan Africa	1
#FB61D7	6.161	2002	Burkina Faso	28	Burkina Faso	Sub-Saharan Africa	1
#FB61D7	6.117	2003	Burkina Faso	28	Burkina Faso	Sub-Saharan Africa	1
#FB61D7	6.075	2004	Burkina Faso	28	Burkina Faso	Sub-Saharan Africa	1
#FB61D7	6.036	2005	Burkina Faso	28	Burkina Faso	Sub-Saharan Africa	1
#FB61D7	5.998	2006	Burkina Faso	28	Burkina Faso	Sub-Saharan Africa	1
#FB61D7	5.961	2007	Burkina Faso	28	Burkina Faso	Sub-Saharan Africa	1
#FB61D7	5.924	2008	Burkina Faso	28	Burkina Faso	Sub-Saharan Africa	1
#FB61D7	5.887	2009	Burkina Faso	28	Burkina Faso	Sub-Saharan Africa	1
#FB61D7	5.85	2010	Burkina Faso	28	Burkina Faso	Sub-Saharan Africa	1
#FB61D7	5.812	2011	Burkina Faso	28	Burkina Faso	Sub-Saharan Africa	1
#C49A00	2.308	1960	Bulgaria	27	Bulgaria	Europe & Central Asia	1
#C49A00	2.29	1961	Bulgaria	27	Bulgaria	Europe & Central Asia	1
#C49A00	2.24	1962	Bulgaria	27	Bulgaria	Europe & Central Asia	1
#C49A00	2.21	1963	Bulgaria	27	Bulgaria	Europe & Central Asia	1
#C49A00	2.19	1964	Bulgaria	27	Bulgaria	Europe & Central Asia	1
#C49A00	2.09	1965	Bulgaria	27	Bulgaria	Europe & Central Asia	1
#C49A00	2.03	1966	Bulgaria	27	Bulgaria	Europe & Central Asia	1
#C49A00	2.02	1967	Bulgaria	27	Bulgaria	Europe & Central Asia	1
#C49A00	2.27	1968	Bulgaria	27	Bulgaria	Europe & Central Asia	1
#C49A00	2.27	1969	Bulgaria	27	Bulgaria	Europe & Central Asia	1
#C49A00	2.17	1970	Bulgaria	27	Bulgaria	Europe & Central Asia	1
#C49A00	2.1	1971	Bulgaria	27	Bulgaria	Europe & Central Asia	1
#C49A00	2.03	1972	Bulgaria	27	Bulgaria	Europe & Central Asia	1
#C49A00	2.15	1973	Bulgaria	27	Bulgaria	Europe & Central Asia	1
#C49A00	2.29	1974	Bulgaria	27	Bulgaria	Europe & Central Asia	1
#C49A00	2.23	1975	Bulgaria	27	Bulgaria	Europe & Central Asia	1
#C49A00	2.24	1976	Bulgaria	27	Bulgaria	Europe & Central Asia	1
#C49A00	2.2	1977	Bulgaria	27	Bulgaria	Europe & Central Asia	1
#C49A00	2.15	1978	Bulgaria	27	Bulgaria	Europe & Central Asia	1
#C49A00	2.15	1979	Bulgaria	27	Bulgaria	Europe & Central Asia	1
#C49A00	2.05	1980	Bulgaria	27	Bulgaria	Europe & Central Asia	1
#C49A00	2.01	1981	Bulgaria	27	Bulgaria	Europe & Central Asia	1
#C49A00	2.02	1982	Bulgaria	27	Bulgaria	Europe & Central Asia	1
#C49A00	2	1983	Bulgaria	27	Bulgaria	Europe & Central Asia	1
#C49A00	1.99	1984	Bulgaria	27	Bulgaria	Europe & Central Asia	1
#C49A00	1.95	1985	Bulgaria	27	Bulgaria	Europe & Central Asia	1
#C49A00	1.99	1986	Bulgaria	27	Bulgaria	Europe & Central Asia	1
#C49A00	1.96	1987	Bulgaria	27	Bulgaria	Europe & Central Asia	1
#C49A00	1.97	1988	Bulgaria	27	Bulgaria	Europe & Central Asia	1
#C49A00	1.9	1989	Bulgaria	27	Bulgaria	Europe & Central Asia	1
#C49A00	1.81	1990	Bulgaria	27	Bulgaria	Europe & Central Asia	1
#C49A00	1.65	1991	Bulgaria	27	Bulgaria	Europe & Central Asia	1
#C49A00	1.54	1992	Bulgaria	27	Bulgaria	Europe & Central Asia	1
#C49A00	1.45	1993	Bulgaria	27	Bulgaria	Europe & Central Asia	1
#C49A00	1.37	1994	Bulgaria	27	Bulgaria	Europe & Central Asia	1
#C49A00	1.23	1995	Bulgaria	27	Bulgaria	Europe & Central Asia	1
#C49A00	1.24	1996	Bulgaria	27	Bulgaria	Europe & Central Asia	1
#C49A00	1.09	1997	Bulgaria	27	Bulgaria	Europe & Central Asia	1
#C49A00	1.11	1998	Bulgaria	27	Bulgaria	Europe & Central Asia	1
#C49A00	1.23	1999	Bulgaria	27	Bulgaria	Europe & Central Asia	1
#C49A00	1.26	2000	Bulgaria	27	Bulgaria	Europe & Central Asia	1
#C49A00	1.21	2001	Bulgaria	27	Bulgaria	Europe & Central Asia	1
#C49A00	1.21	2002	Bulgaria	27	Bulgaria	Europe & Central Asia	1
#C49A00	1.23	2003	Bulgaria	27	Bulgaria	Europe & Central Asia	1
#C49A00	1.29	2004	Bulgaria	27	Bulgaria	Europe & Central Asia	1
#C49A00	1.32	2005	Bulgaria	27	Bulgaria	Europe & Central Asia	1
#C49A00	1.38	2006	Bulgaria	27	Bulgaria	Europe & Central Asia	1
#C49A00	1.42	2007	Bulgaria	27	Bulgaria	Europe & Central Asia	1
#C49A00	1.48	2008	Bulgaria	27	Bulgaria	Europe & Central Asia	1
#C49A00	1.57	2009	Bulgaria	27	Bulgaria	Europe & Central Asia	1
#C49A00	1.49	2010	Bulgaria	27	Bulgaria	Europe & Central Asia	1
#C49A00	1.51	2011	Bulgaria	27	Bulgaria	Europe & Central Asia	1
#00C094	7.09	1960	Bahrain	13	Bahrain	Middle East & North Africa	1
#00C094	7.132	1961	Bahrain	13	Bahrain	Middle East & North Africa	1
#00C094	7.168	1962	Bahrain	13	Bahrain	Middle East & North Africa	1
#00C094	7.19	1963	Bahrain	13	Bahrain	Middle East & North Africa	1
#00C094	7.192	1964	Bahrain	13	Bahrain	Middle East & North Africa	1
#00C094	7.165	1965	Bahrain	13	Bahrain	Middle East & North Africa	1
#00C094	7.101	1966	Bahrain	13	Bahrain	Middle East & North Africa	1
#00C094	6.998	1967	Bahrain	13	Bahrain	Middle East & North Africa	1
#00C094	6.86	1968	Bahrain	13	Bahrain	Middle East & North Africa	1
#00C094	6.69	1969	Bahrain	13	Bahrain	Middle East & North Africa	1
#00C094	6.498	1970	Bahrain	13	Bahrain	Middle East & North Africa	1
#00C094	6.293	1971	Bahrain	13	Bahrain	Middle East & North Africa	1
#00C094	6.089	1972	Bahrain	13	Bahrain	Middle East & North Africa	1
#00C094	5.895	1973	Bahrain	13	Bahrain	Middle East & North Africa	1
#00C094	5.716	1974	Bahrain	13	Bahrain	Middle East & North Africa	1
#00C094	5.556	1975	Bahrain	13	Bahrain	Middle East & North Africa	1
#00C094	5.414	1976	Bahrain	13	Bahrain	Middle East & North Africa	1
#00C094	5.283	1977	Bahrain	13	Bahrain	Middle East & North Africa	1
#00C094	5.157	1978	Bahrain	13	Bahrain	Middle East & North Africa	1
#00C094	5.036	1979	Bahrain	13	Bahrain	Middle East & North Africa	1
#00C094	4.917	1980	Bahrain	13	Bahrain	Middle East & North Africa	1
#00C094	4.803	1981	Bahrain	13	Bahrain	Middle East & North Africa	1
#00C094	4.692	1982	Bahrain	13	Bahrain	Middle East & North Africa	1
#00C094	4.583	1983	Bahrain	13	Bahrain	Middle East & North Africa	1
#00C094	4.476	1984	Bahrain	13	Bahrain	Middle East & North Africa	1
#00C094	4.365	1985	Bahrain	13	Bahrain	Middle East & North Africa	1
#00C094	4.249	1986	Bahrain	13	Bahrain	Middle East & North Africa	1
#00C094	4.124	1987	Bahrain	13	Bahrain	Middle East & North Africa	1
#00C094	3.991	1988	Bahrain	13	Bahrain	Middle East & North Africa	1
#00C094	3.852	1989	Bahrain	13	Bahrain	Middle East & North Africa	1
#00C094	3.709	1990	Bahrain	13	Bahrain	Middle East & North Africa	1
#00C094	3.567	1991	Bahrain	13	Bahrain	Middle East & North Africa	1
#00C094	3.43	1992	Bahrain	13	Bahrain	Middle East & North Africa	1
#00C094	3.303	1993	Bahrain	13	Bahrain	Middle East & North Africa	1
#00C094	3.188	1994	Bahrain	13	Bahrain	Middle East & North Africa	1
#00C094	3.085	1995	Bahrain	13	Bahrain	Middle East & North Africa	1
#00C094	2.994	1996	Bahrain	13	Bahrain	Middle East & North Africa	1
#00C094	2.913	1997	Bahrain	13	Bahrain	Middle East & North Africa	1
#00C094	2.84	1998	Bahrain	13	Bahrain	Middle East & North Africa	1
#00C094	2.775	1999	Bahrain	13	Bahrain	Middle East & North Africa	1
#00C094	2.72	2000	Bahrain	13	Bahrain	Middle East & North Africa	1
#00C094	2.677	2001	Bahrain	13	Bahrain	Middle East & North Africa	1
#00C094	2.647	2002	Bahrain	13	Bahrain	Middle East & North Africa	1
#00C094	2.629	2003	Bahrain	13	Bahrain	Middle East & North Africa	1
#00C094	2.621	2004	Bahrain	13	Bahrain	Middle East & North Africa	1
#00C094	2.618	2005	Bahrain	13	Bahrain	Middle East & North Africa	1
#00C094	2.616	2006	Bahrain	13	Bahrain	Middle East & North Africa	1
#00C094	2.609	2007	Bahrain	13	Bahrain	Middle East & North Africa	1
#00C094	2.595	2008	Bahrain	13	Bahrain	Middle East & North Africa	1
#00C094	2.572	2009	Bahrain	13	Bahrain	Middle East & North Africa	1
#00C094	2.54	2010	Bahrain	13	Bahrain	Middle East & North Africa	1
#00C094	2.501	2011	Bahrain	13	Bahrain	Middle East & North Africa	1
#FB61D7	6.801	1960	Burundi	29	Burundi	Sub-Saharan Africa	1
#FB61D7	6.801	1961	Burundi	29	Burundi	Sub-Saharan Africa	1
#FB61D7	6.801	1962	Burundi	29	Burundi	Sub-Saharan Africa	1
#FB61D7	6.801	1963	Burundi	29	Burundi	Sub-Saharan Africa	1
#FB61D7	6.801	1964	Burundi	29	Burundi	Sub-Saharan Africa	1
#FB61D7	6.801	1965	Burundi	29	Burundi	Sub-Saharan Africa	1
#FB61D7	6.801	1966	Burundi	29	Burundi	Sub-Saharan Africa	1
#FB61D7	6.801	1967	Burundi	29	Burundi	Sub-Saharan Africa	1
#FB61D7	6.801	1968	Burundi	29	Burundi	Sub-Saharan Africa	1
#FB61D7	6.801	1969	Burundi	29	Burundi	Sub-Saharan Africa	1
#FB61D7	6.802	1970	Burundi	29	Burundi	Sub-Saharan Africa	1
#FB61D7	6.805	1971	Burundi	29	Burundi	Sub-Saharan Africa	1
#FB61D7	6.811	1972	Burundi	29	Burundi	Sub-Saharan Africa	1
#FB61D7	6.817	1973	Burundi	29	Burundi	Sub-Saharan Africa	1
#FB61D7	6.823	1974	Burundi	29	Burundi	Sub-Saharan Africa	1
#FB61D7	6.823	1975	Burundi	29	Burundi	Sub-Saharan Africa	1
#FB61D7	6.813	1976	Burundi	29	Burundi	Sub-Saharan Africa	1
#FB61D7	6.79	1977	Burundi	29	Burundi	Sub-Saharan Africa	1
#FB61D7	6.753	1978	Burundi	29	Burundi	Sub-Saharan Africa	1
#FB61D7	6.705	1979	Burundi	29	Burundi	Sub-Saharan Africa	1
#FB61D7	6.651	1980	Burundi	29	Burundi	Sub-Saharan Africa	1
#FB61D7	6.597	1981	Burundi	29	Burundi	Sub-Saharan Africa	1
#FB61D7	6.549	1982	Burundi	29	Burundi	Sub-Saharan Africa	1
#FB61D7	6.514	1983	Burundi	29	Burundi	Sub-Saharan Africa	1
#FB61D7	6.491	1984	Burundi	29	Burundi	Sub-Saharan Africa	1
#FB61D7	6.483	1985	Burundi	29	Burundi	Sub-Saharan Africa	1
#FB61D7	6.485	1986	Burundi	29	Burundi	Sub-Saharan Africa	1
#FB61D7	6.494	1987	Burundi	29	Burundi	Sub-Saharan Africa	1
#FB61D7	6.503	1988	Burundi	29	Burundi	Sub-Saharan Africa	1
#FB61D7	6.508	1989	Burundi	29	Burundi	Sub-Saharan Africa	1
#FB61D7	6.505	1990	Burundi	29	Burundi	Sub-Saharan Africa	1
#FB61D7	6.492	1991	Burundi	29	Burundi	Sub-Saharan Africa	1
#FB61D7	6.468	1992	Burundi	29	Burundi	Sub-Saharan Africa	1
#FB61D7	6.432	1993	Burundi	29	Burundi	Sub-Saharan Africa	1
#FB61D7	6.381	1994	Burundi	29	Burundi	Sub-Saharan Africa	1
#FB61D7	6.316	1995	Burundi	29	Burundi	Sub-Saharan Africa	1
#FB61D7	6.233	1996	Burundi	29	Burundi	Sub-Saharan Africa	1
#FB61D7	6.136	1997	Burundi	29	Burundi	Sub-Saharan Africa	1
#FB61D7	6.026	1998	Burundi	29	Burundi	Sub-Saharan Africa	1
#FB61D7	5.904	1999	Burundi	29	Burundi	Sub-Saharan Africa	1
#FB61D7	5.772	2000	Burundi	29	Burundi	Sub-Saharan Africa	1
#FB61D7	5.632	2001	Burundi	29	Burundi	Sub-Saharan Africa	1
#FB61D7	5.484	2002	Burundi	29	Burundi	Sub-Saharan Africa	1
#FB61D7	5.333	2003	Burundi	29	Burundi	Sub-Saharan Africa	1
#FB61D7	5.18	2004	Burundi	29	Burundi	Sub-Saharan Africa	1
#FB61D7	5.028	2005	Burundi	29	Burundi	Sub-Saharan Africa	1
#FB61D7	4.88	2006	Burundi	29	Burundi	Sub-Saharan Africa	1
#FB61D7	4.736	2007	Burundi	29	Burundi	Sub-Saharan Africa	1
#FB61D7	4.597	2008	Burundi	29	Burundi	Sub-Saharan Africa	1
#FB61D7	4.465	2009	Burundi	29	Burundi	Sub-Saharan Africa	1
#FB61D7	4.338	2010	Burundi	29	Burundi	Sub-Saharan Africa	1
#FB61D7	4.218	2011	Burundi	29	Burundi	Sub-Saharan Africa	1
#FB61D7	6.282	1960	Benin	19	Benin	Sub-Saharan Africa	1
#FB61D7	6.339	1961	Benin	19	Benin	Sub-Saharan Africa	1
#FB61D7	6.394	1962	Benin	19	Benin	Sub-Saharan Africa	1
#FB61D7	6.447	1963	Benin	19	Benin	Sub-Saharan Africa	1
#FB61D7	6.497	1964	Benin	19	Benin	Sub-Saharan Africa	1
#FB61D7	6.544	1965	Benin	19	Benin	Sub-Saharan Africa	1
#FB61D7	6.588	1966	Benin	19	Benin	Sub-Saharan Africa	1
#FB61D7	6.63	1967	Benin	19	Benin	Sub-Saharan Africa	1
#FB61D7	6.671	1968	Benin	19	Benin	Sub-Saharan Africa	1
#FB61D7	6.71	1969	Benin	19	Benin	Sub-Saharan Africa	1
#FB61D7	6.748	1970	Benin	19	Benin	Sub-Saharan Africa	1
#FB61D7	6.786	1971	Benin	19	Benin	Sub-Saharan Africa	1
#FB61D7	6.823	1972	Benin	19	Benin	Sub-Saharan Africa	1
#FB61D7	6.86	1973	Benin	19	Benin	Sub-Saharan Africa	1
#FB61D7	6.896	1974	Benin	19	Benin	Sub-Saharan Africa	1
#FB61D7	6.929	1975	Benin	19	Benin	Sub-Saharan Africa	1
#FB61D7	6.959	1976	Benin	19	Benin	Sub-Saharan Africa	1
#FB61D7	6.984	1977	Benin	19	Benin	Sub-Saharan Africa	1
#FB61D7	7.004	1978	Benin	19	Benin	Sub-Saharan Africa	1
#FB61D7	7.018	1979	Benin	19	Benin	Sub-Saharan Africa	1
#FB61D7	7.025	1980	Benin	19	Benin	Sub-Saharan Africa	1
#FB61D7	7.025	1981	Benin	19	Benin	Sub-Saharan Africa	1
#FB61D7	7.021	1982	Benin	19	Benin	Sub-Saharan Africa	1
#FB61D7	7.01	1983	Benin	19	Benin	Sub-Saharan Africa	1
#FB61D7	6.994	1984	Benin	19	Benin	Sub-Saharan Africa	1
#FB61D7	6.972	1985	Benin	19	Benin	Sub-Saharan Africa	1
#FB61D7	6.942	1986	Benin	19	Benin	Sub-Saharan Africa	1
#FB61D7	6.904	1987	Benin	19	Benin	Sub-Saharan Africa	1
#FB61D7	6.858	1988	Benin	19	Benin	Sub-Saharan Africa	1
#FB61D7	6.805	1989	Benin	19	Benin	Sub-Saharan Africa	1
#FB61D7	6.744	1990	Benin	19	Benin	Sub-Saharan Africa	1
#FB61D7	6.677	1991	Benin	19	Benin	Sub-Saharan Africa	1
#FB61D7	6.603	1992	Benin	19	Benin	Sub-Saharan Africa	1
#FB61D7	6.526	1993	Benin	19	Benin	Sub-Saharan Africa	1
#FB61D7	6.446	1994	Benin	19	Benin	Sub-Saharan Africa	1
#FB61D7	6.364	1995	Benin	19	Benin	Sub-Saharan Africa	1
#FB61D7	6.282	1996	Benin	19	Benin	Sub-Saharan Africa	1
#FB61D7	6.2	1997	Benin	19	Benin	Sub-Saharan Africa	1
#FB61D7	6.12	1998	Benin	19	Benin	Sub-Saharan Africa	1
#FB61D7	6.041	1999	Benin	19	Benin	Sub-Saharan Africa	1
#FB61D7	5.966	2000	Benin	19	Benin	Sub-Saharan Africa	1
#FB61D7	5.895	2001	Benin	19	Benin	Sub-Saharan Africa	1
#FB61D7	5.828	2002	Benin	19	Benin	Sub-Saharan Africa	1
#FB61D7	5.764	2003	Benin	19	Benin	Sub-Saharan Africa	1
#FB61D7	5.702	2004	Benin	19	Benin	Sub-Saharan Africa	1
#FB61D7	5.64	2005	Benin	19	Benin	Sub-Saharan Africa	1
#FB61D7	5.577	2006	Benin	19	Benin	Sub-Saharan Africa	1
#FB61D7	5.511	2007	Benin	19	Benin	Sub-Saharan Africa	1
#FB61D7	5.44	2008	Benin	19	Benin	Sub-Saharan Africa	1
#FB61D7	5.366	2009	Benin	19	Benin	Sub-Saharan Africa	1
#FB61D7	5.287	2010	Benin	19	Benin	Sub-Saharan Africa	1
#FB61D7	5.206	2011	Benin	19	Benin	Sub-Saharan Africa	1
#00B6EB	1.74	2000	Bermuda	20	Bermuda	North America	1
#00B6EB	1.752	2005	Bermuda	20	Bermuda	North America	1
#00B6EB	1.7544	2006	Bermuda	20	Bermuda	North America	1
#00B6EB	1.7568	2007	Bermuda	20	Bermuda	North America	1
#00B6EB	1.7592	2008	Bermuda	20	Bermuda	North America	1
#00B6EB	1.7616	2009	Bermuda	20	Bermuda	North America	1
#00B6EB	1.764	2010	Bermuda	20	Bermuda	North America	1
#00B6EB	1.764	2011	Bermuda	20	Bermuda	North America	1
#F8766D	6.487	1960	Brunei Darussalam	26	Brunei Darussalam	East Asia & Pacific	1
#F8766D	6.487	1961	Brunei Darussalam	26	Brunei Darussalam	East Asia & Pacific	1
#F8766D	6.448	1962	Brunei Darussalam	26	Brunei Darussalam	East Asia & Pacific	1
#F8766D	6.36	1963	Brunei Darussalam	26	Brunei Darussalam	East Asia & Pacific	1
#F8766D	6.227	1964	Brunei Darussalam	26	Brunei Darussalam	East Asia & Pacific	1
#F8766D	6.068	1965	Brunei Darussalam	26	Brunei Darussalam	East Asia & Pacific	1
#F8766D	5.918	1966	Brunei Darussalam	26	Brunei Darussalam	East Asia & Pacific	1
#F8766D	5.804	1967	Brunei Darussalam	26	Brunei Darussalam	East Asia & Pacific	1
#F8766D	5.742	1968	Brunei Darussalam	26	Brunei Darussalam	East Asia & Pacific	1
#F8766D	5.731	1969	Brunei Darussalam	26	Brunei Darussalam	East Asia & Pacific	1
#F8766D	5.751	1970	Brunei Darussalam	26	Brunei Darussalam	East Asia & Pacific	1
#F8766D	5.771	1971	Brunei Darussalam	26	Brunei Darussalam	East Asia & Pacific	1
#F8766D	5.758	1972	Brunei Darussalam	26	Brunei Darussalam	East Asia & Pacific	1
#F8766D	5.687	1973	Brunei Darussalam	26	Brunei Darussalam	East Asia & Pacific	1
#F8766D	5.555	1974	Brunei Darussalam	26	Brunei Darussalam	East Asia & Pacific	1
#F8766D	5.365	1975	Brunei Darussalam	26	Brunei Darussalam	East Asia & Pacific	1
#F8766D	5.132	1976	Brunei Darussalam	26	Brunei Darussalam	East Asia & Pacific	1
#F8766D	4.884	1977	Brunei Darussalam	26	Brunei Darussalam	East Asia & Pacific	1
#F8766D	4.645	1978	Brunei Darussalam	26	Brunei Darussalam	East Asia & Pacific	1
#F8766D	4.429	1979	Brunei Darussalam	26	Brunei Darussalam	East Asia & Pacific	1
#F8766D	4.246	1980	Brunei Darussalam	26	Brunei Darussalam	East Asia & Pacific	1
#F8766D	4.103	1981	Brunei Darussalam	26	Brunei Darussalam	East Asia & Pacific	1
#F8766D	3.992	1982	Brunei Darussalam	26	Brunei Darussalam	East Asia & Pacific	1
#F8766D	3.906	1983	Brunei Darussalam	26	Brunei Darussalam	East Asia & Pacific	1
#F8766D	3.843	1984	Brunei Darussalam	26	Brunei Darussalam	East Asia & Pacific	1
#F8766D	3.794	1985	Brunei Darussalam	26	Brunei Darussalam	East Asia & Pacific	1
#F8766D	3.755	1986	Brunei Darussalam	26	Brunei Darussalam	East Asia & Pacific	1
#F8766D	3.715	1987	Brunei Darussalam	26	Brunei Darussalam	East Asia & Pacific	1
#F8766D	3.668	1988	Brunei Darussalam	26	Brunei Darussalam	East Asia & Pacific	1
#F8766D	3.608	1989	Brunei Darussalam	26	Brunei Darussalam	East Asia & Pacific	1
#F8766D	3.532	1990	Brunei Darussalam	26	Brunei Darussalam	East Asia & Pacific	1
#F8766D	3.435	1991	Brunei Darussalam	26	Brunei Darussalam	East Asia & Pacific	1
#F8766D	3.321	1992	Brunei Darussalam	26	Brunei Darussalam	East Asia & Pacific	1
#F8766D	3.197	1993	Brunei Darussalam	26	Brunei Darussalam	East Asia & Pacific	1
#F8766D	3.064	1994	Brunei Darussalam	26	Brunei Darussalam	East Asia & Pacific	1
#F8766D	2.929	1995	Brunei Darussalam	26	Brunei Darussalam	East Asia & Pacific	1
#F8766D	2.798	1996	Brunei Darussalam	26	Brunei Darussalam	East Asia & Pacific	1
#F8766D	2.677	1997	Brunei Darussalam	26	Brunei Darussalam	East Asia & Pacific	1
#F8766D	2.569	1998	Brunei Darussalam	26	Brunei Darussalam	East Asia & Pacific	1
#F8766D	2.477	1999	Brunei Darussalam	26	Brunei Darussalam	East Asia & Pacific	1
#F8766D	2.401	2000	Brunei Darussalam	26	Brunei Darussalam	East Asia & Pacific	1
#F8766D	2.341	2001	Brunei Darussalam	26	Brunei Darussalam	East Asia & Pacific	1
#F8766D	2.292	2002	Brunei Darussalam	26	Brunei Darussalam	East Asia & Pacific	1
#F8766D	2.25	2003	Brunei Darussalam	26	Brunei Darussalam	East Asia & Pacific	1
#F8766D	2.213	2004	Brunei Darussalam	26	Brunei Darussalam	East Asia & Pacific	1
#F8766D	2.179	2005	Brunei Darussalam	26	Brunei Darussalam	East Asia & Pacific	1
#F8766D	2.148	2006	Brunei Darussalam	26	Brunei Darussalam	East Asia & Pacific	1
#F8766D	2.119	2007	Brunei Darussalam	26	Brunei Darussalam	East Asia & Pacific	1
#F8766D	2.092	2008	Brunei Darussalam	26	Brunei Darussalam	East Asia & Pacific	1
#F8766D	2.066	2009	Brunei Darussalam	26	Brunei Darussalam	East Asia & Pacific	1
#F8766D	2.042	2010	Brunei Darussalam	26	Brunei Darussalam	East Asia & Pacific	1
#F8766D	2.017	2011	Brunei Darussalam	26	Brunei Darussalam	East Asia & Pacific	1
#53B400	6.696	1960	Bolivia	22	Bolivia	Latin America & Caribbean	1
#53B400	6.672	1961	Bolivia	22	Bolivia	Latin America & Caribbean	1
#53B400	6.648	1962	Bolivia	22	Bolivia	Latin America & Caribbean	1
#53B400	6.627	1963	Bolivia	22	Bolivia	Latin America & Caribbean	1
#53B400	6.607	1964	Bolivia	22	Bolivia	Latin America & Caribbean	1
#53B400	6.593	1965	Bolivia	22	Bolivia	Latin America & Caribbean	1
#53B400	6.586	1966	Bolivia	22	Bolivia	Latin America & Caribbean	1
#53B400	6.585	1967	Bolivia	22	Bolivia	Latin America & Caribbean	1
#53B400	6.587	1968	Bolivia	22	Bolivia	Latin America & Caribbean	1
#53B400	6.587	1969	Bolivia	22	Bolivia	Latin America & Caribbean	1
#53B400	6.578	1970	Bolivia	22	Bolivia	Latin America & Caribbean	1
#53B400	6.549	1971	Bolivia	22	Bolivia	Latin America & Caribbean	1
#53B400	6.496	1972	Bolivia	22	Bolivia	Latin America & Caribbean	1
#53B400	6.415	1973	Bolivia	22	Bolivia	Latin America & Caribbean	1
#53B400	6.31	1974	Bolivia	22	Bolivia	Latin America & Caribbean	1
#53B400	6.183	1975	Bolivia	22	Bolivia	Latin America & Caribbean	1
#53B400	6.043	1976	Bolivia	22	Bolivia	Latin America & Caribbean	1
#53B400	5.899	1977	Bolivia	22	Bolivia	Latin America & Caribbean	1
#53B400	5.761	1978	Bolivia	22	Bolivia	Latin America & Caribbean	1
#53B400	5.634	1979	Bolivia	22	Bolivia	Latin America & Caribbean	1
#53B400	5.521	1980	Bolivia	22	Bolivia	Latin America & Caribbean	1
#53B400	5.423	1981	Bolivia	22	Bolivia	Latin America & Caribbean	1
#53B400	5.337	1982	Bolivia	22	Bolivia	Latin America & Caribbean	1
#53B400	5.259	1983	Bolivia	22	Bolivia	Latin America & Caribbean	1
#53B400	5.189	1984	Bolivia	22	Bolivia	Latin America & Caribbean	1
#53B400	5.127	1985	Bolivia	22	Bolivia	Latin America & Caribbean	1
#53B400	5.074	1986	Bolivia	22	Bolivia	Latin America & Caribbean	1
#53B400	5.029	1987	Bolivia	22	Bolivia	Latin America & Caribbean	1
#53B400	4.989	1988	Bolivia	22	Bolivia	Latin America & Caribbean	1
#53B400	4.952	1989	Bolivia	22	Bolivia	Latin America & Caribbean	1
#53B400	4.913	1990	Bolivia	22	Bolivia	Latin America & Caribbean	1
#53B400	4.866	1991	Bolivia	22	Bolivia	Latin America & Caribbean	1
#53B400	4.81	1992	Bolivia	22	Bolivia	Latin America & Caribbean	1
#53B400	4.742	1993	Bolivia	22	Bolivia	Latin America & Caribbean	1
#53B400	4.663	1994	Bolivia	22	Bolivia	Latin America & Caribbean	1
#53B400	4.575	1995	Bolivia	22	Bolivia	Latin America & Caribbean	1
#53B400	4.482	1996	Bolivia	22	Bolivia	Latin America & Caribbean	1
#53B400	4.39	1997	Bolivia	22	Bolivia	Latin America & Caribbean	1
#53B400	4.302	1998	Bolivia	22	Bolivia	Latin America & Caribbean	1
#53B400	4.219	1999	Bolivia	22	Bolivia	Latin America & Caribbean	1
#53B400	4.14	2000	Bolivia	22	Bolivia	Latin America & Caribbean	1
#53B400	4.063	2001	Bolivia	22	Bolivia	Latin America & Caribbean	1
#53B400	3.983	2002	Bolivia	22	Bolivia	Latin America & Caribbean	1
#53B400	3.899	2003	Bolivia	22	Bolivia	Latin America & Caribbean	1
#53B400	3.811	2004	Bolivia	22	Bolivia	Latin America & Caribbean	1
#53B400	3.721	2005	Bolivia	22	Bolivia	Latin America & Caribbean	1
#53B400	3.634	2006	Bolivia	22	Bolivia	Latin America & Caribbean	1
#53B400	3.551	2007	Bolivia	22	Bolivia	Latin America & Caribbean	1
#53B400	3.475	2008	Bolivia	22	Bolivia	Latin America & Caribbean	1
#53B400	3.407	2009	Bolivia	22	Bolivia	Latin America & Caribbean	1
#53B400	3.348	2010	Bolivia	22	Bolivia	Latin America & Caribbean	1
#53B400	3.294	2011	Bolivia	22	Bolivia	Latin America & Caribbean	1
#53B400	6.21	1960	Brazil	25	Brazil	Latin America & Caribbean	1
#53B400	6.19	1961	Brazil	25	Brazil	Latin America & Caribbean	1
#53B400	6.143	1962	Brazil	25	Brazil	Latin America & Caribbean	1
#53B400	6.063	1963	Brazil	25	Brazil	Latin America & Caribbean	1
#53B400	5.953	1964	Brazil	25	Brazil	Latin America & Caribbean	1
#53B400	5.815	1965	Brazil	25	Brazil	Latin America & Caribbean	1
#53B400	5.658	1966	Brazil	25	Brazil	Latin America & Caribbean	1
#53B400	5.491	1967	Brazil	25	Brazil	Latin America & Caribbean	1
#53B400	5.326	1968	Brazil	25	Brazil	Latin America & Caribbean	1
#53B400	5.168	1969	Brazil	25	Brazil	Latin America & Caribbean	1
#53B400	5.024	1970	Brazil	25	Brazil	Latin America & Caribbean	1
#53B400	4.896	1971	Brazil	25	Brazil	Latin America & Caribbean	1
#53B400	4.782	1972	Brazil	25	Brazil	Latin America & Caribbean	1
#53B400	4.679	1973	Brazil	25	Brazil	Latin America & Caribbean	1
#53B400	4.585	1974	Brazil	25	Brazil	Latin America & Caribbean	1
#53B400	4.499	1975	Brazil	25	Brazil	Latin America & Caribbean	1
#53B400	4.418	1976	Brazil	25	Brazil	Latin America & Caribbean	1
#53B400	4.339	1977	Brazil	25	Brazil	Latin America & Caribbean	1
#53B400	4.256	1978	Brazil	25	Brazil	Latin America & Caribbean	1
#53B400	4.169	1979	Brazil	25	Brazil	Latin America & Caribbean	1
#53B400	4.073	1980	Brazil	25	Brazil	Latin America & Caribbean	1
#53B400	3.966	1981	Brazil	25	Brazil	Latin America & Caribbean	1
#53B400	3.848	1982	Brazil	25	Brazil	Latin America & Caribbean	1
#53B400	3.721	1983	Brazil	25	Brazil	Latin America & Caribbean	1
#53B400	3.587	1984	Brazil	25	Brazil	Latin America & Caribbean	1
#53B400	3.449	1985	Brazil	25	Brazil	Latin America & Caribbean	1
#53B400	3.308	1986	Brazil	25	Brazil	Latin America & Caribbean	1
#53B400	3.17	1987	Brazil	25	Brazil	Latin America & Caribbean	1
#53B400	3.039	1988	Brazil	25	Brazil	Latin America & Caribbean	1
#53B400	2.917	1989	Brazil	25	Brazil	Latin America & Caribbean	1
#53B400	2.809	1990	Brazil	25	Brazil	Latin America & Caribbean	1
#53B400	2.717	1991	Brazil	25	Brazil	Latin America & Caribbean	1
#53B400	2.643	1992	Brazil	25	Brazil	Latin America & Caribbean	1
#53B400	2.583	1993	Brazil	25	Brazil	Latin America & Caribbean	1
#53B400	2.537	1994	Brazil	25	Brazil	Latin America & Caribbean	1
#53B400	2.502	1995	Brazil	25	Brazil	Latin America & Caribbean	1
#53B400	2.474	1996	Brazil	25	Brazil	Latin America & Caribbean	1
#53B400	2.451	1997	Brazil	25	Brazil	Latin America & Caribbean	1
#53B400	2.427	1998	Brazil	25	Brazil	Latin America & Caribbean	1
#53B400	2.399	1999	Brazil	25	Brazil	Latin America & Caribbean	1
#53B400	2.364	2000	Brazil	25	Brazil	Latin America & Caribbean	1
#53B400	2.319	2001	Brazil	25	Brazil	Latin America & Caribbean	1
#53B400	2.264	2002	Brazil	25	Brazil	Latin America & Caribbean	1
#53B400	2.203	2003	Brazil	25	Brazil	Latin America & Caribbean	1
#53B400	2.136	2004	Brazil	25	Brazil	Latin America & Caribbean	1
#53B400	2.068	2005	Brazil	25	Brazil	Latin America & Caribbean	1
#53B400	2.002	2006	Brazil	25	Brazil	Latin America & Caribbean	1
#53B400	1.944	2007	Brazil	25	Brazil	Latin America & Caribbean	1
#53B400	1.895	2008	Brazil	25	Brazil	Latin America & Caribbean	1
#53B400	1.857	2009	Brazil	25	Brazil	Latin America & Caribbean	1
#53B400	1.83	2010	Brazil	25	Brazil	Latin America & Caribbean	1
#53B400	1.811	2011	Brazil	25	Brazil	Latin America & Caribbean	1
#53B400	4.495	1960	Bahamas, The	12	Bahamas, The	Latin America & Caribbean	1
#53B400	4.496	1961	Bahamas, The	12	Bahamas, The	Latin America & Caribbean	1
#53B400	4.45	1962	Bahamas, The	12	Bahamas, The	Latin America & Caribbean	1
#53B400	4.356	1963	Bahamas, The	12	Bahamas, The	Latin America & Caribbean	1
#53B400	4.22	1964	Bahamas, The	12	Bahamas, The	Latin America & Caribbean	1
#53B400	4.057	1965	Bahamas, The	12	Bahamas, The	Latin America & Caribbean	1
#53B400	3.893	1966	Bahamas, The	12	Bahamas, The	Latin America & Caribbean	1
#53B400	3.75	1967	Bahamas, The	12	Bahamas, The	Latin America & Caribbean	1
#53B400	3.641	1968	Bahamas, The	12	Bahamas, The	Latin America & Caribbean	1
#53B400	3.571	1969	Bahamas, The	12	Bahamas, The	Latin America & Caribbean	1
#53B400	3.531	1970	Bahamas, The	12	Bahamas, The	Latin America & Caribbean	1
#53B400	3.504	1971	Bahamas, The	12	Bahamas, The	Latin America & Caribbean	1
#53B400	3.469	1972	Bahamas, The	12	Bahamas, The	Latin America & Caribbean	1
#53B400	3.411	1973	Bahamas, The	12	Bahamas, The	Latin America & Caribbean	1
#53B400	3.33	1974	Bahamas, The	12	Bahamas, The	Latin America & Caribbean	1
#53B400	3.234	1975	Bahamas, The	12	Bahamas, The	Latin America & Caribbean	1
#53B400	3.139	1976	Bahamas, The	12	Bahamas, The	Latin America & Caribbean	1
#53B400	3.062	1977	Bahamas, The	12	Bahamas, The	Latin America & Caribbean	1
#53B400	3.012	1978	Bahamas, The	12	Bahamas, The	Latin America & Caribbean	1
#53B400	2.99	1979	Bahamas, The	12	Bahamas, The	Latin America & Caribbean	1
#53B400	2.989	1980	Bahamas, The	12	Bahamas, The	Latin America & Caribbean	1
#53B400	2.994	1981	Bahamas, The	12	Bahamas, The	Latin America & Caribbean	1
#53B400	2.989	1982	Bahamas, The	12	Bahamas, The	Latin America & Caribbean	1
#53B400	2.965	1983	Bahamas, The	12	Bahamas, The	Latin America & Caribbean	1
#53B400	2.919	1984	Bahamas, The	12	Bahamas, The	Latin America & Caribbean	1
#53B400	2.857	1985	Bahamas, The	12	Bahamas, The	Latin America & Caribbean	1
#53B400	2.789	1986	Bahamas, The	12	Bahamas, The	Latin America & Caribbean	1
#53B400	2.728	1987	Bahamas, The	12	Bahamas, The	Latin America & Caribbean	1
#53B400	2.683	1988	Bahamas, The	12	Bahamas, The	Latin America & Caribbean	1
#53B400	2.654	1989	Bahamas, The	12	Bahamas, The	Latin America & Caribbean	1
#53B400	2.639	1990	Bahamas, The	12	Bahamas, The	Latin America & Caribbean	1
#53B400	2.631	1991	Bahamas, The	12	Bahamas, The	Latin America & Caribbean	1
#53B400	2.621	1992	Bahamas, The	12	Bahamas, The	Latin America & Caribbean	1
#53B400	2.601	1993	Bahamas, The	12	Bahamas, The	Latin America & Caribbean	1
#53B400	2.566	1994	Bahamas, The	12	Bahamas, The	Latin America & Caribbean	1
#53B400	2.514	1995	Bahamas, The	12	Bahamas, The	Latin America & Caribbean	1
#53B400	2.443	1996	Bahamas, The	12	Bahamas, The	Latin America & Caribbean	1
#53B400	2.357	1997	Bahamas, The	12	Bahamas, The	Latin America & Caribbean	1
#53B400	2.263	1998	Bahamas, The	12	Bahamas, The	Latin America & Caribbean	1
#53B400	2.165	1999	Bahamas, The	12	Bahamas, The	Latin America & Caribbean	1
#53B400	2.071	2000	Bahamas, The	12	Bahamas, The	Latin America & Caribbean	1
#53B400	1.989	2001	Bahamas, The	12	Bahamas, The	Latin America & Caribbean	1
#53B400	1.925	2002	Bahamas, The	12	Bahamas, The	Latin America & Caribbean	1
#53B400	1.881	2003	Bahamas, The	12	Bahamas, The	Latin America & Caribbean	1
#53B400	1.858	2004	Bahamas, The	12	Bahamas, The	Latin America & Caribbean	1
#53B400	1.854	2005	Bahamas, The	12	Bahamas, The	Latin America & Caribbean	1
#53B400	1.862	2006	Bahamas, The	12	Bahamas, The	Latin America & Caribbean	1
#53B400	1.876	2007	Bahamas, The	12	Bahamas, The	Latin America & Caribbean	1
#53B400	1.888	2008	Bahamas, The	12	Bahamas, The	Latin America & Caribbean	1
#53B400	1.895	2009	Bahamas, The	12	Bahamas, The	Latin America & Caribbean	1
#53B400	1.896	2010	Bahamas, The	12	Bahamas, The	Latin America & Caribbean	1
#53B400	1.891	2011	Bahamas, The	12	Bahamas, The	Latin America & Caribbean	1
#A58AFF	6.67	1960	Bhutan	21	Bhutan	South Asia	1
#A58AFF	6.67	1961	Bhutan	21	Bhutan	South Asia	1
#A58AFF	6.67	1962	Bhutan	21	Bhutan	South Asia	1
#A58AFF	6.67	1963	Bhutan	21	Bhutan	South Asia	1
#A58AFF	6.67	1964	Bhutan	21	Bhutan	South Asia	1
#A58AFF	6.67	1965	Bhutan	21	Bhutan	South Asia	1
#A58AFF	6.67	1966	Bhutan	21	Bhutan	South Asia	1
#A58AFF	6.67	1967	Bhutan	21	Bhutan	South Asia	1
#A58AFF	6.67	1968	Bhutan	21	Bhutan	South Asia	1
#A58AFF	6.67	1969	Bhutan	21	Bhutan	South Asia	1
#A58AFF	6.671	1970	Bhutan	21	Bhutan	South Asia	1
#A58AFF	6.674	1971	Bhutan	21	Bhutan	South Asia	1
#A58AFF	6.679	1972	Bhutan	21	Bhutan	South Asia	1
#A58AFF	6.685	1973	Bhutan	21	Bhutan	South Asia	1
#A58AFF	6.69	1974	Bhutan	21	Bhutan	South Asia	1
#A58AFF	6.692	1975	Bhutan	21	Bhutan	South Asia	1
#A58AFF	6.685	1976	Bhutan	21	Bhutan	South Asia	1
#A58AFF	6.668	1977	Bhutan	21	Bhutan	South Asia	1
#A58AFF	6.64	1978	Bhutan	21	Bhutan	South Asia	1
#A58AFF	6.601	1979	Bhutan	21	Bhutan	South Asia	1
#A58AFF	6.553	1980	Bhutan	21	Bhutan	South Asia	1
#A58AFF	6.501	1981	Bhutan	21	Bhutan	South Asia	1
#A58AFF	6.449	1982	Bhutan	21	Bhutan	South Asia	1
#A58AFF	6.399	1983	Bhutan	21	Bhutan	South Asia	1
#A58AFF	6.348	1984	Bhutan	21	Bhutan	South Asia	1
#A58AFF	6.292	1985	Bhutan	21	Bhutan	South Asia	1
#A58AFF	6.225	1986	Bhutan	21	Bhutan	South Asia	1
#A58AFF	6.141	1987	Bhutan	21	Bhutan	South Asia	1
#A58AFF	6.036	1988	Bhutan	21	Bhutan	South Asia	1
#A58AFF	5.907	1989	Bhutan	21	Bhutan	South Asia	1
#A58AFF	5.753	1990	Bhutan	21	Bhutan	South Asia	1
#A58AFF	5.573	1991	Bhutan	21	Bhutan	South Asia	1
#A58AFF	5.372	1992	Bhutan	21	Bhutan	South Asia	1
#A58AFF	5.155	1993	Bhutan	21	Bhutan	South Asia	1
#A58AFF	4.929	1994	Bhutan	21	Bhutan	South Asia	1
#A58AFF	4.7	1995	Bhutan	21	Bhutan	South Asia	1
#A58AFF	4.474	1996	Bhutan	21	Bhutan	South Asia	1
#A58AFF	4.256	1997	Bhutan	21	Bhutan	South Asia	1
#A58AFF	4.048	1998	Bhutan	21	Bhutan	South Asia	1
#A58AFF	3.855	1999	Bhutan	21	Bhutan	South Asia	1
#A58AFF	3.676	2000	Bhutan	21	Bhutan	South Asia	1
#A58AFF	3.51	2001	Bhutan	21	Bhutan	South Asia	1
#A58AFF	3.352	2002	Bhutan	21	Bhutan	South Asia	1
#A58AFF	3.199	2003	Bhutan	21	Bhutan	South Asia	1
#A58AFF	3.053	2004	Bhutan	21	Bhutan	South Asia	1
#A58AFF	2.914	2005	Bhutan	21	Bhutan	South Asia	1
#A58AFF	2.785	2006	Bhutan	21	Bhutan	South Asia	1
#A58AFF	2.668	2007	Bhutan	21	Bhutan	South Asia	1
#A58AFF	2.565	2008	Bhutan	21	Bhutan	South Asia	1
#A58AFF	2.476	2009	Bhutan	21	Bhutan	South Asia	1
#A58AFF	2.399	2010	Bhutan	21	Bhutan	South Asia	1
#A58AFF	2.332	2011	Bhutan	21	Bhutan	South Asia	1
#FB61D7	6.615	1960	Botswana	24	Botswana	Sub-Saharan Africa	1
#FB61D7	6.632	1961	Botswana	24	Botswana	Sub-Saharan Africa	1
#FB61D7	6.649	1962	Botswana	24	Botswana	Sub-Saharan Africa	1
#FB61D7	6.666	1963	Botswana	24	Botswana	Sub-Saharan Africa	1
#FB61D7	6.681	1964	Botswana	24	Botswana	Sub-Saharan Africa	1
#FB61D7	6.693	1965	Botswana	24	Botswana	Sub-Saharan Africa	1
#FB61D7	6.698	1966	Botswana	24	Botswana	Sub-Saharan Africa	1
#FB61D7	6.696	1967	Botswana	24	Botswana	Sub-Saharan Africa	1
#FB61D7	6.686	1968	Botswana	24	Botswana	Sub-Saharan Africa	1
#FB61D7	6.667	1969	Botswana	24	Botswana	Sub-Saharan Africa	1
#FB61D7	6.641	1970	Botswana	24	Botswana	Sub-Saharan Africa	1
#FB61D7	6.611	1971	Botswana	24	Botswana	Sub-Saharan Africa	1
#FB61D7	6.579	1972	Botswana	24	Botswana	Sub-Saharan Africa	1
#FB61D7	6.546	1973	Botswana	24	Botswana	Sub-Saharan Africa	1
#FB61D7	6.512	1974	Botswana	24	Botswana	Sub-Saharan Africa	1
#FB61D7	6.477	1975	Botswana	24	Botswana	Sub-Saharan Africa	1
#FB61D7	6.44	1976	Botswana	24	Botswana	Sub-Saharan Africa	1
#FB61D7	6.399	1977	Botswana	24	Botswana	Sub-Saharan Africa	1
#FB61D7	6.35	1978	Botswana	24	Botswana	Sub-Saharan Africa	1
#FB61D7	6.291	1979	Botswana	24	Botswana	Sub-Saharan Africa	1
#FB61D7	6.217	1980	Botswana	24	Botswana	Sub-Saharan Africa	1
#FB61D7	6.125	1981	Botswana	24	Botswana	Sub-Saharan Africa	1
#FB61D7	6.012	1982	Botswana	24	Botswana	Sub-Saharan Africa	1
#FB61D7	5.88	1983	Botswana	24	Botswana	Sub-Saharan Africa	1
#FB61D7	5.731	1984	Botswana	24	Botswana	Sub-Saharan Africa	1
#FB61D7	5.567	1985	Botswana	24	Botswana	Sub-Saharan Africa	1
#FB61D7	5.393	1986	Botswana	24	Botswana	Sub-Saharan Africa	1
#FB61D7	5.214	1987	Botswana	24	Botswana	Sub-Saharan Africa	1
#FB61D7	5.036	1988	Botswana	24	Botswana	Sub-Saharan Africa	1
#FB61D7	4.863	1989	Botswana	24	Botswana	Sub-Saharan Africa	1
#FB61D7	4.698	1990	Botswana	24	Botswana	Sub-Saharan Africa	1
#FB61D7	4.542	1991	Botswana	24	Botswana	Sub-Saharan Africa	1
#FB61D7	4.394	1992	Botswana	24	Botswana	Sub-Saharan Africa	1
#FB61D7	4.252	1993	Botswana	24	Botswana	Sub-Saharan Africa	1
#FB61D7	4.117	1994	Botswana	24	Botswana	Sub-Saharan Africa	1
#FB61D7	3.989	1995	Botswana	24	Botswana	Sub-Saharan Africa	1
#FB61D7	3.866	1996	Botswana	24	Botswana	Sub-Saharan Africa	1
#FB61D7	3.746	1997	Botswana	24	Botswana	Sub-Saharan Africa	1
#FB61D7	3.631	1998	Botswana	24	Botswana	Sub-Saharan Africa	1
#FB61D7	3.519	1999	Botswana	24	Botswana	Sub-Saharan Africa	1
#FB61D7	3.414	2000	Botswana	24	Botswana	Sub-Saharan Africa	1
#FB61D7	3.316	2001	Botswana	24	Botswana	Sub-Saharan Africa	1
#FB61D7	3.228	2002	Botswana	24	Botswana	Sub-Saharan Africa	1
#FB61D7	3.149	2003	Botswana	24	Botswana	Sub-Saharan Africa	1
#FB61D7	3.08	2004	Botswana	24	Botswana	Sub-Saharan Africa	1
#FB61D7	3.019	2005	Botswana	24	Botswana	Sub-Saharan Africa	1
#FB61D7	2.963	2006	Botswana	24	Botswana	Sub-Saharan Africa	1
#FB61D7	2.91	2007	Botswana	24	Botswana	Sub-Saharan Africa	1
#FB61D7	2.857	2008	Botswana	24	Botswana	Sub-Saharan Africa	1
#FB61D7	2.804	2009	Botswana	24	Botswana	Sub-Saharan Africa	1
#FB61D7	2.75	2010	Botswana	24	Botswana	Sub-Saharan Africa	1
#FB61D7	2.696	2011	Botswana	24	Botswana	Sub-Saharan Africa	1
#C49A00	2.67	1960	Belarus	16	Belarus	Europe & Central Asia	1
#C49A00	2.59	1961	Belarus	16	Belarus	Europe & Central Asia	1
#C49A00	2.5	1962	Belarus	16	Belarus	Europe & Central Asia	1
#C49A00	2.4	1963	Belarus	16	Belarus	Europe & Central Asia	1
#C49A00	2.31	1964	Belarus	16	Belarus	Europe & Central Asia	1
#C49A00	2.27	1965	Belarus	16	Belarus	Europe & Central Asia	1
#C49A00	2.29	1966	Belarus	16	Belarus	Europe & Central Asia	1
#C49A00	2.26	1967	Belarus	16	Belarus	Europe & Central Asia	1
#C49A00	2.22	1968	Belarus	16	Belarus	Europe & Central Asia	1
#C49A00	2.26	1969	Belarus	16	Belarus	Europe & Central Asia	1
#C49A00	2.31	1970	Belarus	16	Belarus	Europe & Central Asia	1
#C49A00	2.31	1971	Belarus	16	Belarus	Europe & Central Asia	1
#C49A00	2.28	1972	Belarus	16	Belarus	Europe & Central Asia	1
#C49A00	2.25	1973	Belarus	16	Belarus	Europe & Central Asia	1
#C49A00	2.21	1974	Belarus	16	Belarus	Europe & Central Asia	1
#C49A00	2.17	1975	Belarus	16	Belarus	Europe & Central Asia	1
#C49A00	2.12	1976	Belarus	16	Belarus	Europe & Central Asia	1
#C49A00	2.08	1977	Belarus	16	Belarus	Europe & Central Asia	1
#C49A00	2.06	1978	Belarus	16	Belarus	Europe & Central Asia	1
#C49A00	2.05	1979	Belarus	16	Belarus	Europe & Central Asia	1
#C49A00	2.03	1980	Belarus	16	Belarus	Europe & Central Asia	1
#C49A00	2.02	1981	Belarus	16	Belarus	Europe & Central Asia	1
#C49A00	2.05	1982	Belarus	16	Belarus	Europe & Central Asia	1
#C49A00	2.11	1983	Belarus	16	Belarus	Europe & Central Asia	1
#C49A00	2.11	1984	Belarus	16	Belarus	Europe & Central Asia	1
#C49A00	2.09	1985	Belarus	16	Belarus	Europe & Central Asia	1
#C49A00	2.09	1986	Belarus	16	Belarus	Europe & Central Asia	1
#C49A00	2.03	1987	Belarus	16	Belarus	Europe & Central Asia	1
#C49A00	2.04	1988	Belarus	16	Belarus	Europe & Central Asia	1
#C49A00	2.03	1989	Belarus	16	Belarus	Europe & Central Asia	1
#C49A00	1.91	1990	Belarus	16	Belarus	Europe & Central Asia	1
#C49A00	1.8	1991	Belarus	16	Belarus	Europe & Central Asia	1
#C49A00	1.75	1992	Belarus	16	Belarus	Europe & Central Asia	1
#C49A00	1.61	1993	Belarus	16	Belarus	Europe & Central Asia	1
#C49A00	1.51	1994	Belarus	16	Belarus	Europe & Central Asia	1
#C49A00	1.386	1995	Belarus	16	Belarus	Europe & Central Asia	1
#C49A00	1.31	1996	Belarus	16	Belarus	Europe & Central Asia	1
#C49A00	1.23	1997	Belarus	16	Belarus	Europe & Central Asia	1
#C49A00	1.27	1998	Belarus	16	Belarus	Europe & Central Asia	1
#C49A00	1.31	1999	Belarus	16	Belarus	Europe & Central Asia	1
#C49A00	1.31	2000	Belarus	16	Belarus	Europe & Central Asia	1
#C49A00	1.27	2001	Belarus	16	Belarus	Europe & Central Asia	1
#C49A00	1.22	2002	Belarus	16	Belarus	Europe & Central Asia	1
#C49A00	1.21	2003	Belarus	16	Belarus	Europe & Central Asia	1
#C49A00	1.2	2004	Belarus	16	Belarus	Europe & Central Asia	1
#C49A00	1.21	2005	Belarus	16	Belarus	Europe & Central Asia	1
#C49A00	1.287	2006	Belarus	16	Belarus	Europe & Central Asia	1
#C49A00	1.37	2007	Belarus	16	Belarus	Europe & Central Asia	1
#C49A00	1.42	2008	Belarus	16	Belarus	Europe & Central Asia	1
#C49A00	1.42	2009	Belarus	16	Belarus	Europe & Central Asia	1
#C49A00	1.44	2010	Belarus	16	Belarus	Europe & Central Asia	1
#C49A00	1.51	2011	Belarus	16	Belarus	Europe & Central Asia	1
#53B400	6.5	1960	Belize	18	Belize	Latin America & Caribbean	1
#53B400	6.48	1961	Belize	18	Belize	Latin America & Caribbean	1
#53B400	6.46	1962	Belize	18	Belize	Latin America & Caribbean	1
#53B400	6.44	1963	Belize	18	Belize	Latin America & Caribbean	1
#53B400	6.42	1964	Belize	18	Belize	Latin America & Caribbean	1
#53B400	6.4	1965	Belize	18	Belize	Latin America & Caribbean	1
#53B400	6.379	1966	Belize	18	Belize	Latin America & Caribbean	1
#53B400	6.358	1967	Belize	18	Belize	Latin America & Caribbean	1
#53B400	6.337	1968	Belize	18	Belize	Latin America & Caribbean	1
#53B400	6.316	1969	Belize	18	Belize	Latin America & Caribbean	1
#53B400	6.299	1970	Belize	18	Belize	Latin America & Caribbean	1
#53B400	6.288	1971	Belize	18	Belize	Latin America & Caribbean	1
#53B400	6.284	1972	Belize	18	Belize	Latin America & Caribbean	1
#53B400	6.285	1973	Belize	18	Belize	Latin America & Caribbean	1
#53B400	6.287	1974	Belize	18	Belize	Latin America & Caribbean	1
#53B400	6.278	1975	Belize	18	Belize	Latin America & Caribbean	1
#53B400	6.25	1976	Belize	18	Belize	Latin America & Caribbean	1
#53B400	6.195	1977	Belize	18	Belize	Latin America & Caribbean	1
#53B400	6.109	1978	Belize	18	Belize	Latin America & Caribbean	1
#53B400	5.992	1979	Belize	18	Belize	Latin America & Caribbean	1
#53B400	5.849	1980	Belize	18	Belize	Latin America & Caribbean	1
#53B400	5.684	1981	Belize	18	Belize	Latin America & Caribbean	1
#53B400	5.51	1982	Belize	18	Belize	Latin America & Caribbean	1
#53B400	5.336	1983	Belize	18	Belize	Latin America & Caribbean	1
#53B400	5.17	1984	Belize	18	Belize	Latin America & Caribbean	1
#53B400	5.019	1985	Belize	18	Belize	Latin America & Caribbean	1
#53B400	4.886	1986	Belize	18	Belize	Latin America & Caribbean	1
#53B400	4.771	1987	Belize	18	Belize	Latin America & Caribbean	1
#53B400	4.671	1988	Belize	18	Belize	Latin America & Caribbean	1
#53B400	4.584	1989	Belize	18	Belize	Latin America & Caribbean	1
#53B400	4.508	1990	Belize	18	Belize	Latin America & Caribbean	1
#53B400	4.436	1991	Belize	18	Belize	Latin America & Caribbean	1
#53B400	4.363	1992	Belize	18	Belize	Latin America & Caribbean	1
#53B400	4.286	1993	Belize	18	Belize	Latin America & Caribbean	1
#53B400	4.201	1994	Belize	18	Belize	Latin America & Caribbean	1
#53B400	4.108	1995	Belize	18	Belize	Latin America & Caribbean	1
#53B400	4.008	1996	Belize	18	Belize	Latin America & Caribbean	1
#53B400	3.905	1997	Belize	18	Belize	Latin America & Caribbean	1
#53B400	3.8	1998	Belize	18	Belize	Latin America & Caribbean	1
#53B400	3.696	1999	Belize	18	Belize	Latin America & Caribbean	1
#53B400	3.594	2000	Belize	18	Belize	Latin America & Caribbean	1
#53B400	3.493	2001	Belize	18	Belize	Latin America & Caribbean	1
#53B400	3.396	2002	Belize	18	Belize	Latin America & Caribbean	1
#53B400	3.301	2003	Belize	18	Belize	Latin America & Caribbean	1
#53B400	3.209	2004	Belize	18	Belize	Latin America & Caribbean	1
#53B400	3.124	2005	Belize	18	Belize	Latin America & Caribbean	1
#53B400	3.044	2006	Belize	18	Belize	Latin America & Caribbean	1
#53B400	2.971	2007	Belize	18	Belize	Latin America & Caribbean	1
#53B400	2.905	2008	Belize	18	Belize	Latin America & Caribbean	1
#53B400	2.845	2009	Belize	18	Belize	Latin America & Caribbean	1
#53B400	2.79	2010	Belize	18	Belize	Latin America & Caribbean	1
#53B400	2.741	2011	Belize	18	Belize	Latin America & Caribbean	1
#00B6EB	3.811	1960	Canada	32	Canada	North America	1
#00B6EB	3.753	1961	Canada	32	Canada	North America	1
#00B6EB	3.681	1962	Canada	32	Canada	North America	1
#00B6EB	3.607	1963	Canada	32	Canada	North America	1
#00B6EB	3.456	1964	Canada	32	Canada	North America	1
#00B6EB	3.115	1965	Canada	32	Canada	North America	1
#00B6EB	2.749	1966	Canada	32	Canada	North America	1
#00B6EB	2.528	1967	Canada	32	Canada	North America	1
#00B6EB	2.386	1968	Canada	32	Canada	North America	1
#00B6EB	2.334	1969	Canada	32	Canada	North America	1
#00B6EB	2.258	1970	Canada	32	Canada	North America	1
#00B6EB	2.141	1971	Canada	32	Canada	North America	1
#00B6EB	1.98	1972	Canada	32	Canada	North America	1
#00B6EB	1.89	1973	Canada	32	Canada	North America	1
#00B6EB	1.837	1974	Canada	32	Canada	North America	1
#00B6EB	1.824	1975	Canada	32	Canada	North America	1
#00B6EB	1.796	1976	Canada	32	Canada	North America	1
#00B6EB	1.782	1977	Canada	32	Canada	North America	1
#00B6EB	1.768	1978	Canada	32	Canada	North America	1
#00B6EB	1.754	1979	Canada	32	Canada	North America	1
#00B6EB	1.74	1980	Canada	32	Canada	North America	1
#00B6EB	1.7	1981	Canada	32	Canada	North America	1
#00B6EB	1.69	1982	Canada	32	Canada	North America	1
#00B6EB	1.68	1983	Canada	32	Canada	North America	1
#00B6EB	1.65	1984	Canada	32	Canada	North America	1
#00B6EB	1.67	1985	Canada	32	Canada	North America	1
#00B6EB	1.675	1986	Canada	32	Canada	North America	1
#00B6EB	1.68	1987	Canada	32	Canada	North America	1
#00B6EB	1.68	1988	Canada	32	Canada	North America	1
#00B6EB	1.77	1989	Canada	32	Canada	North America	1
#00B6EB	1.83	1990	Canada	32	Canada	North America	1
#00B6EB	1.7	1991	Canada	32	Canada	North America	1
#00B6EB	1.71	1992	Canada	32	Canada	North America	1
#00B6EB	1.7	1993	Canada	32	Canada	North America	1
#00B6EB	1.6695	1994	Canada	32	Canada	North America	1
#00B6EB	1.639	1995	Canada	32	Canada	North America	1
#00B6EB	1.592	1996	Canada	32	Canada	North America	1
#00B6EB	1.55	1997	Canada	32	Canada	North America	1
#00B6EB	1.53	1998	Canada	32	Canada	North America	1
#00B6EB	1.51	1999	Canada	32	Canada	North America	1
#00B6EB	1.49	2000	Canada	32	Canada	North America	1
#00B6EB	1.505	2001	Canada	32	Canada	North America	1
#00B6EB	1.52	2002	Canada	32	Canada	North America	1
#00B6EB	1.53	2003	Canada	32	Canada	North America	1
#00B6EB	1.53	2004	Canada	32	Canada	North America	1
#00B6EB	1.54	2005	Canada	32	Canada	North America	1
#00B6EB	1.5862	2006	Canada	32	Canada	North America	1
#00B6EB	1.6589	2007	Canada	32	Canada	North America	1
#00B6EB	1.6808	2008	Canada	32	Canada	North America	1
#00B6EB	1.668	2009	Canada	32	Canada	North America	1
#00B6EB	1.6269	2010	Canada	32	Canada	North America	1
#00B6EB	1.6269	2011	Canada	32	Canada	North America	1
#FB61D7	6.001	1960	Congo, Dem. Rep.	41	Congo, Dem. Rep.	Sub-Saharan Africa	1
#FB61D7	6.015	1961	Congo, Dem. Rep.	41	Congo, Dem. Rep.	Sub-Saharan Africa	1
#FB61D7	6.03	1962	Congo, Dem. Rep.	41	Congo, Dem. Rep.	Sub-Saharan Africa	1
#FB61D7	6.048	1963	Congo, Dem. Rep.	41	Congo, Dem. Rep.	Sub-Saharan Africa	1
#FB61D7	6.067	1964	Congo, Dem. Rep.	41	Congo, Dem. Rep.	Sub-Saharan Africa	1
#FB61D7	6.089	1965	Congo, Dem. Rep.	41	Congo, Dem. Rep.	Sub-Saharan Africa	1
#FB61D7	6.111	1966	Congo, Dem. Rep.	41	Congo, Dem. Rep.	Sub-Saharan Africa	1
#FB61D7	6.135	1967	Congo, Dem. Rep.	41	Congo, Dem. Rep.	Sub-Saharan Africa	1
#FB61D7	6.161	1968	Congo, Dem. Rep.	41	Congo, Dem. Rep.	Sub-Saharan Africa	1
#FB61D7	6.187	1969	Congo, Dem. Rep.	41	Congo, Dem. Rep.	Sub-Saharan Africa	1
#FB61D7	6.214	1970	Congo, Dem. Rep.	41	Congo, Dem. Rep.	Sub-Saharan Africa	1
#FB61D7	6.242	1971	Congo, Dem. Rep.	41	Congo, Dem. Rep.	Sub-Saharan Africa	1
#FB61D7	6.271	1972	Congo, Dem. Rep.	41	Congo, Dem. Rep.	Sub-Saharan Africa	1
#FB61D7	6.301	1973	Congo, Dem. Rep.	41	Congo, Dem. Rep.	Sub-Saharan Africa	1
#FB61D7	6.333	1974	Congo, Dem. Rep.	41	Congo, Dem. Rep.	Sub-Saharan Africa	1
#FB61D7	6.366	1975	Congo, Dem. Rep.	41	Congo, Dem. Rep.	Sub-Saharan Africa	1
#FB61D7	6.403	1976	Congo, Dem. Rep.	41	Congo, Dem. Rep.	Sub-Saharan Africa	1
#FB61D7	6.443	1977	Congo, Dem. Rep.	41	Congo, Dem. Rep.	Sub-Saharan Africa	1
#FB61D7	6.487	1978	Congo, Dem. Rep.	41	Congo, Dem. Rep.	Sub-Saharan Africa	1
#FB61D7	6.535	1979	Congo, Dem. Rep.	41	Congo, Dem. Rep.	Sub-Saharan Africa	1
#FB61D7	6.585	1980	Congo, Dem. Rep.	41	Congo, Dem. Rep.	Sub-Saharan Africa	1
#FB61D7	6.638	1981	Congo, Dem. Rep.	41	Congo, Dem. Rep.	Sub-Saharan Africa	1
#FB61D7	6.693	1982	Congo, Dem. Rep.	41	Congo, Dem. Rep.	Sub-Saharan Africa	1
#FB61D7	6.748	1983	Congo, Dem. Rep.	41	Congo, Dem. Rep.	Sub-Saharan Africa	1
#FB61D7	6.802	1984	Congo, Dem. Rep.	41	Congo, Dem. Rep.	Sub-Saharan Africa	1
#FB61D7	6.856	1985	Congo, Dem. Rep.	41	Congo, Dem. Rep.	Sub-Saharan Africa	1
#FB61D7	6.907	1986	Congo, Dem. Rep.	41	Congo, Dem. Rep.	Sub-Saharan Africa	1
#FB61D7	6.957	1987	Congo, Dem. Rep.	41	Congo, Dem. Rep.	Sub-Saharan Africa	1
#FB61D7	7.005	1988	Congo, Dem. Rep.	41	Congo, Dem. Rep.	Sub-Saharan Africa	1
#FB61D7	7.047	1989	Congo, Dem. Rep.	41	Congo, Dem. Rep.	Sub-Saharan Africa	1
#FB61D7	7.084	1990	Congo, Dem. Rep.	41	Congo, Dem. Rep.	Sub-Saharan Africa	1
#FB61D7	7.112	1991	Congo, Dem. Rep.	41	Congo, Dem. Rep.	Sub-Saharan Africa	1
#FB61D7	7.131	1992	Congo, Dem. Rep.	41	Congo, Dem. Rep.	Sub-Saharan Africa	1
#FB61D7	7.14	1993	Congo, Dem. Rep.	41	Congo, Dem. Rep.	Sub-Saharan Africa	1
#FB61D7	7.138	1994	Congo, Dem. Rep.	41	Congo, Dem. Rep.	Sub-Saharan Africa	1
#FB61D7	7.125	1995	Congo, Dem. Rep.	41	Congo, Dem. Rep.	Sub-Saharan Africa	1
#FB61D7	7.102	1996	Congo, Dem. Rep.	41	Congo, Dem. Rep.	Sub-Saharan Africa	1
#FB61D7	7.068	1997	Congo, Dem. Rep.	41	Congo, Dem. Rep.	Sub-Saharan Africa	1
#FB61D7	7.026	1998	Congo, Dem. Rep.	41	Congo, Dem. Rep.	Sub-Saharan Africa	1
#FB61D7	6.974	1999	Congo, Dem. Rep.	41	Congo, Dem. Rep.	Sub-Saharan Africa	1
#FB61D7	6.911	2000	Congo, Dem. Rep.	41	Congo, Dem. Rep.	Sub-Saharan Africa	1
#FB61D7	6.835	2001	Congo, Dem. Rep.	41	Congo, Dem. Rep.	Sub-Saharan Africa	1
#FB61D7	6.746	2002	Congo, Dem. Rep.	41	Congo, Dem. Rep.	Sub-Saharan Africa	1
#FB61D7	6.644	2003	Congo, Dem. Rep.	41	Congo, Dem. Rep.	Sub-Saharan Africa	1
#FB61D7	6.531	2004	Congo, Dem. Rep.	41	Congo, Dem. Rep.	Sub-Saharan Africa	1
#FB61D7	6.409	2005	Congo, Dem. Rep.	41	Congo, Dem. Rep.	Sub-Saharan Africa	1
#FB61D7	6.281	2006	Congo, Dem. Rep.	41	Congo, Dem. Rep.	Sub-Saharan Africa	1
#FB61D7	6.152	2007	Congo, Dem. Rep.	41	Congo, Dem. Rep.	Sub-Saharan Africa	1
#FB61D7	6.023	2008	Congo, Dem. Rep.	41	Congo, Dem. Rep.	Sub-Saharan Africa	1
#FB61D7	5.897	2009	Congo, Dem. Rep.	41	Congo, Dem. Rep.	Sub-Saharan Africa	1
#FB61D7	5.775	2010	Congo, Dem. Rep.	41	Congo, Dem. Rep.	Sub-Saharan Africa	1
#FB61D7	5.657	2011	Congo, Dem. Rep.	41	Congo, Dem. Rep.	Sub-Saharan Africa	1
#FB61D7	5.84	1960	Central African Republic	34	Central African Republic	Sub-Saharan Africa	1
#FB61D7	5.867	1961	Central African Republic	34	Central African Republic	Sub-Saharan Africa	1
#FB61D7	5.891	1962	Central African Republic	34	Central African Republic	Sub-Saharan Africa	1
#FB61D7	5.91	1963	Central African Republic	34	Central African Republic	Sub-Saharan Africa	1
#FB61D7	5.925	1964	Central African Republic	34	Central African Republic	Sub-Saharan Africa	1
#FB61D7	5.937	1965	Central African Republic	34	Central African Republic	Sub-Saharan Africa	1
#FB61D7	5.945	1966	Central African Republic	34	Central African Republic	Sub-Saharan Africa	1
#FB61D7	5.95	1967	Central African Republic	34	Central African Republic	Sub-Saharan Africa	1
#FB61D7	5.953	1968	Central African Republic	34	Central African Republic	Sub-Saharan Africa	1
#FB61D7	5.954	1969	Central African Republic	34	Central African Republic	Sub-Saharan Africa	1
#FB61D7	5.954	1970	Central African Republic	34	Central African Republic	Sub-Saharan Africa	1
#FB61D7	5.954	1971	Central African Republic	34	Central African Republic	Sub-Saharan Africa	1
#FB61D7	5.953	1972	Central African Republic	34	Central African Republic	Sub-Saharan Africa	1
#FB61D7	5.952	1973	Central African Republic	34	Central African Republic	Sub-Saharan Africa	1
#FB61D7	5.951	1974	Central African Republic	34	Central African Republic	Sub-Saharan Africa	1
#FB61D7	5.95	1975	Central African Republic	34	Central African Republic	Sub-Saharan Africa	1
#FB61D7	5.951	1976	Central African Republic	34	Central African Republic	Sub-Saharan Africa	1
#FB61D7	5.952	1977	Central African Republic	34	Central African Republic	Sub-Saharan Africa	1
#FB61D7	5.953	1978	Central African Republic	34	Central African Republic	Sub-Saharan Africa	1
#FB61D7	5.954	1979	Central African Republic	34	Central African Republic	Sub-Saharan Africa	1
#FB61D7	5.954	1980	Central African Republic	34	Central African Republic	Sub-Saharan Africa	1
#FB61D7	5.955	1981	Central African Republic	34	Central African Republic	Sub-Saharan Africa	1
#FB61D7	5.956	1982	Central African Republic	34	Central African Republic	Sub-Saharan Africa	1
#FB61D7	5.955	1983	Central African Republic	34	Central African Republic	Sub-Saharan Africa	1
#FB61D7	5.952	1984	Central African Republic	34	Central African Republic	Sub-Saharan Africa	1
#FB61D7	5.944	1985	Central African Republic	34	Central African Republic	Sub-Saharan Africa	1
#FB61D7	5.927	1986	Central African Republic	34	Central African Republic	Sub-Saharan Africa	1
#FB61D7	5.902	1987	Central African Republic	34	Central African Republic	Sub-Saharan Africa	1
#FB61D7	5.868	1988	Central African Republic	34	Central African Republic	Sub-Saharan Africa	1
#FB61D7	5.826	1989	Central African Republic	34	Central African Republic	Sub-Saharan Africa	1
#FB61D7	5.78	1990	Central African Republic	34	Central African Republic	Sub-Saharan Africa	1
#FB61D7	5.734	1991	Central African Republic	34	Central African Republic	Sub-Saharan Africa	1
#FB61D7	5.691	1992	Central African Republic	34	Central African Republic	Sub-Saharan Africa	1
#FB61D7	5.653	1993	Central African Republic	34	Central African Republic	Sub-Saharan Africa	1
#FB61D7	5.622	1994	Central African Republic	34	Central African Republic	Sub-Saharan Africa	1
#FB61D7	5.596	1995	Central African Republic	34	Central African Republic	Sub-Saharan Africa	1
#FB61D7	5.573	1996	Central African Republic	34	Central African Republic	Sub-Saharan Africa	1
#FB61D7	5.55	1997	Central African Republic	34	Central African Republic	Sub-Saharan Africa	1
#FB61D7	5.522	1998	Central African Republic	34	Central African Republic	Sub-Saharan Africa	1
#FB61D7	5.488	1999	Central African Republic	34	Central African Republic	Sub-Saharan Africa	1
#FB61D7	5.446	2000	Central African Republic	34	Central African Republic	Sub-Saharan Africa	1
#FB61D7	5.392	2001	Central African Republic	34	Central African Republic	Sub-Saharan Africa	1
#FB61D7	5.329	2002	Central African Republic	34	Central African Republic	Sub-Saharan Africa	1
#FB61D7	5.256	2003	Central African Republic	34	Central African Republic	Sub-Saharan Africa	1
#FB61D7	5.175	2004	Central African Republic	34	Central African Republic	Sub-Saharan Africa	1
#FB61D7	5.088	2005	Central African Republic	34	Central African Republic	Sub-Saharan Africa	1
#FB61D7	4.996	2006	Central African Republic	34	Central African Republic	Sub-Saharan Africa	1
#FB61D7	4.903	2007	Central African Republic	34	Central African Republic	Sub-Saharan Africa	1
#FB61D7	4.81	2008	Central African Republic	34	Central African Republic	Sub-Saharan Africa	1
#FB61D7	4.719	2009	Central African Republic	34	Central African Republic	Sub-Saharan Africa	1
#FB61D7	4.631	2010	Central African Republic	34	Central African Republic	Sub-Saharan Africa	1
#FB61D7	4.546	2011	Central African Republic	34	Central African Republic	Sub-Saharan Africa	1
#FB61D7	5.88	1960	Congo, Rep.	42	Congo, Rep.	Sub-Saharan Africa	1
#FB61D7	5.922	1961	Congo, Rep.	42	Congo, Rep.	Sub-Saharan Africa	1
#FB61D7	5.967	1962	Congo, Rep.	42	Congo, Rep.	Sub-Saharan Africa	1
#FB61D7	6.012	1963	Congo, Rep.	42	Congo, Rep.	Sub-Saharan Africa	1
#FB61D7	6.056	1964	Congo, Rep.	42	Congo, Rep.	Sub-Saharan Africa	1
#FB61D7	6.098	1965	Congo, Rep.	42	Congo, Rep.	Sub-Saharan Africa	1
#FB61D7	6.138	1966	Congo, Rep.	42	Congo, Rep.	Sub-Saharan Africa	1
#FB61D7	6.174	1967	Congo, Rep.	42	Congo, Rep.	Sub-Saharan Africa	1
#FB61D7	6.207	1968	Congo, Rep.	42	Congo, Rep.	Sub-Saharan Africa	1
#FB61D7	6.235	1969	Congo, Rep.	42	Congo, Rep.	Sub-Saharan Africa	1
#FB61D7	6.259	1970	Congo, Rep.	42	Congo, Rep.	Sub-Saharan Africa	1
#FB61D7	6.28	1971	Congo, Rep.	42	Congo, Rep.	Sub-Saharan Africa	1
#FB61D7	6.297	1972	Congo, Rep.	42	Congo, Rep.	Sub-Saharan Africa	1
#FB61D7	6.312	1973	Congo, Rep.	42	Congo, Rep.	Sub-Saharan Africa	1
#FB61D7	6.321	1974	Congo, Rep.	42	Congo, Rep.	Sub-Saharan Africa	1
#FB61D7	6.325	1975	Congo, Rep.	42	Congo, Rep.	Sub-Saharan Africa	1
#FB61D7	6.318	1976	Congo, Rep.	42	Congo, Rep.	Sub-Saharan Africa	1
#FB61D7	6.301	1977	Congo, Rep.	42	Congo, Rep.	Sub-Saharan Africa	1
#FB61D7	6.273	1978	Congo, Rep.	42	Congo, Rep.	Sub-Saharan Africa	1
#FB61D7	6.231	1979	Congo, Rep.	42	Congo, Rep.	Sub-Saharan Africa	1
#FB61D7	6.178	1980	Congo, Rep.	42	Congo, Rep.	Sub-Saharan Africa	1
#FB61D7	6.112	1981	Congo, Rep.	42	Congo, Rep.	Sub-Saharan Africa	1
#FB61D7	6.036	1982	Congo, Rep.	42	Congo, Rep.	Sub-Saharan Africa	1
#FB61D7	5.952	1983	Congo, Rep.	42	Congo, Rep.	Sub-Saharan Africa	1
#FB61D7	5.864	1984	Congo, Rep.	42	Congo, Rep.	Sub-Saharan Africa	1
#FB61D7	5.774	1985	Congo, Rep.	42	Congo, Rep.	Sub-Saharan Africa	1
#FB61D7	5.684	1986	Congo, Rep.	42	Congo, Rep.	Sub-Saharan Africa	1
#FB61D7	5.596	1987	Congo, Rep.	42	Congo, Rep.	Sub-Saharan Africa	1
#FB61D7	5.511	1988	Congo, Rep.	42	Congo, Rep.	Sub-Saharan Africa	1
#FB61D7	5.431	1989	Congo, Rep.	42	Congo, Rep.	Sub-Saharan Africa	1
#FB61D7	5.358	1990	Congo, Rep.	42	Congo, Rep.	Sub-Saharan Africa	1
#FB61D7	5.293	1991	Congo, Rep.	42	Congo, Rep.	Sub-Saharan Africa	1
#FB61D7	5.235	1992	Congo, Rep.	42	Congo, Rep.	Sub-Saharan Africa	1
#FB61D7	5.183	1993	Congo, Rep.	42	Congo, Rep.	Sub-Saharan Africa	1
#FB61D7	5.137	1994	Congo, Rep.	42	Congo, Rep.	Sub-Saharan Africa	1
#FB61D7	5.096	1995	Congo, Rep.	42	Congo, Rep.	Sub-Saharan Africa	1
#FB61D7	5.06	1996	Congo, Rep.	42	Congo, Rep.	Sub-Saharan Africa	1
#FB61D7	5.026	1997	Congo, Rep.	42	Congo, Rep.	Sub-Saharan Africa	1
#FB61D7	4.995	1998	Congo, Rep.	42	Congo, Rep.	Sub-Saharan Africa	1
#FB61D7	4.964	1999	Congo, Rep.	42	Congo, Rep.	Sub-Saharan Africa	1
#FB61D7	4.932	2000	Congo, Rep.	42	Congo, Rep.	Sub-Saharan Africa	1
#FB61D7	4.899	2001	Congo, Rep.	42	Congo, Rep.	Sub-Saharan Africa	1
#FB61D7	4.864	2002	Congo, Rep.	42	Congo, Rep.	Sub-Saharan Africa	1
#FB61D7	4.827	2003	Congo, Rep.	42	Congo, Rep.	Sub-Saharan Africa	1
#FB61D7	4.788	2004	Congo, Rep.	42	Congo, Rep.	Sub-Saharan Africa	1
#FB61D7	4.748	2005	Congo, Rep.	42	Congo, Rep.	Sub-Saharan Africa	1
#FB61D7	4.706	2006	Congo, Rep.	42	Congo, Rep.	Sub-Saharan Africa	1
#FB61D7	4.665	2007	Congo, Rep.	42	Congo, Rep.	Sub-Saharan Africa	1
#FB61D7	4.625	2008	Congo, Rep.	42	Congo, Rep.	Sub-Saharan Africa	1
#FB61D7	4.584	2009	Congo, Rep.	42	Congo, Rep.	Sub-Saharan Africa	1
#FB61D7	4.544	2010	Congo, Rep.	42	Congo, Rep.	Sub-Saharan Africa	1
#FB61D7	4.504	2011	Congo, Rep.	42	Congo, Rep.	Sub-Saharan Africa	1
#C49A00	2.336	1960	Switzerland	177	Switzerland	Europe & Central Asia	1
#C49A00	2.484	1961	Switzerland	177	Switzerland	Europe & Central Asia	1
#C49A00	2.464	1962	Switzerland	177	Switzerland	Europe & Central Asia	1
#C49A00	2.68	1963	Switzerland	177	Switzerland	Europe & Central Asia	1
#C49A00	2.852	1964	Switzerland	177	Switzerland	Europe & Central Asia	1
#C49A00	2.568	1965	Switzerland	177	Switzerland	Europe & Central Asia	1
#C49A00	2.472	1966	Switzerland	177	Switzerland	Europe & Central Asia	1
#C49A00	2.374	1967	Switzerland	177	Switzerland	Europe & Central Asia	1
#C49A00	2.287	1968	Switzerland	177	Switzerland	Europe & Central Asia	1
#C49A00	2.123	1969	Switzerland	177	Switzerland	Europe & Central Asia	1
#C49A00	2.087	1970	Switzerland	177	Switzerland	Europe & Central Asia	1
#C49A00	2.033	1971	Switzerland	177	Switzerland	Europe & Central Asia	1
#C49A00	1.923	1972	Switzerland	177	Switzerland	Europe & Central Asia	1
#C49A00	1.823	1973	Switzerland	177	Switzerland	Europe & Central Asia	1
#C49A00	1.731	1974	Switzerland	177	Switzerland	Europe & Central Asia	1
#C49A00	1.598	1975	Switzerland	177	Switzerland	Europe & Central Asia	1
#C49A00	1.531	1976	Switzerland	177	Switzerland	Europe & Central Asia	1
#C49A00	1.521	1977	Switzerland	177	Switzerland	Europe & Central Asia	1
#C49A00	1.493	1978	Switzerland	177	Switzerland	Europe & Central Asia	1
#C49A00	1.505	1979	Switzerland	177	Switzerland	Europe & Central Asia	1
#C49A00	1.55	1980	Switzerland	177	Switzerland	Europe & Central Asia	1
#C49A00	1.55	1981	Switzerland	177	Switzerland	Europe & Central Asia	1
#C49A00	1.56	1982	Switzerland	177	Switzerland	Europe & Central Asia	1
#C49A00	1.51	1983	Switzerland	177	Switzerland	Europe & Central Asia	1
#C49A00	1.52	1984	Switzerland	177	Switzerland	Europe & Central Asia	1
#C49A00	1.51	1985	Switzerland	177	Switzerland	Europe & Central Asia	1
#C49A00	1.52	1986	Switzerland	177	Switzerland	Europe & Central Asia	1
#C49A00	1.55	1987	Switzerland	177	Switzerland	Europe & Central Asia	1
#C49A00	1.57	1988	Switzerland	177	Switzerland	Europe & Central Asia	1
#C49A00	1.56	1989	Switzerland	177	Switzerland	Europe & Central Asia	1
#C49A00	1.59	1990	Switzerland	177	Switzerland	Europe & Central Asia	1
#C49A00	1.58	1991	Switzerland	177	Switzerland	Europe & Central Asia	1
#C49A00	1.58	1992	Switzerland	177	Switzerland	Europe & Central Asia	1
#C49A00	1.51	1993	Switzerland	177	Switzerland	Europe & Central Asia	1
#C49A00	1.49	1994	Switzerland	177	Switzerland	Europe & Central Asia	1
#C49A00	1.47	1995	Switzerland	177	Switzerland	Europe & Central Asia	1
#C49A00	1.5	1996	Switzerland	177	Switzerland	Europe & Central Asia	1
#C49A00	1.48	1997	Switzerland	177	Switzerland	Europe & Central Asia	1
#C49A00	1.47	1998	Switzerland	177	Switzerland	Europe & Central Asia	1
#C49A00	1.48	1999	Switzerland	177	Switzerland	Europe & Central Asia	1
#C49A00	1.5	2000	Switzerland	177	Switzerland	Europe & Central Asia	1
#C49A00	1.38	2001	Switzerland	177	Switzerland	Europe & Central Asia	1
#C49A00	1.39	2002	Switzerland	177	Switzerland	Europe & Central Asia	1
#C49A00	1.39	2003	Switzerland	177	Switzerland	Europe & Central Asia	1
#C49A00	1.42	2004	Switzerland	177	Switzerland	Europe & Central Asia	1
#C49A00	1.42	2005	Switzerland	177	Switzerland	Europe & Central Asia	1
#C49A00	1.44	2006	Switzerland	177	Switzerland	Europe & Central Asia	1
#C49A00	1.46	2007	Switzerland	177	Switzerland	Europe & Central Asia	1
#C49A00	1.48	2008	Switzerland	177	Switzerland	Europe & Central Asia	1
#C49A00	1.5	2009	Switzerland	177	Switzerland	Europe & Central Asia	1
#C49A00	1.52	2010	Switzerland	177	Switzerland	Europe & Central Asia	1
#C49A00	1.52	2011	Switzerland	177	Switzerland	Europe & Central Asia	1
#FB61D7	7.351	1960	Cote d'Ivoire	44	Cote d'Ivoire	Sub-Saharan Africa	1
#FB61D7	7.427	1961	Cote d'Ivoire	44	Cote d'Ivoire	Sub-Saharan Africa	1
#FB61D7	7.501	1962	Cote d'Ivoire	44	Cote d'Ivoire	Sub-Saharan Africa	1
#FB61D7	7.572	1963	Cote d'Ivoire	44	Cote d'Ivoire	Sub-Saharan Africa	1
#FB61D7	7.639	1964	Cote d'Ivoire	44	Cote d'Ivoire	Sub-Saharan Africa	1
#FB61D7	7.701	1965	Cote d'Ivoire	44	Cote d'Ivoire	Sub-Saharan Africa	1
#FB61D7	7.757	1966	Cote d'Ivoire	44	Cote d'Ivoire	Sub-Saharan Africa	1
#FB61D7	7.806	1967	Cote d'Ivoire	44	Cote d'Ivoire	Sub-Saharan Africa	1
#FB61D7	7.849	1968	Cote d'Ivoire	44	Cote d'Ivoire	Sub-Saharan Africa	1
#FB61D7	7.883	1969	Cote d'Ivoire	44	Cote d'Ivoire	Sub-Saharan Africa	1
#FB61D7	7.908	1970	Cote d'Ivoire	44	Cote d'Ivoire	Sub-Saharan Africa	1
#FB61D7	7.927	1971	Cote d'Ivoire	44	Cote d'Ivoire	Sub-Saharan Africa	1
#FB61D7	7.937	1972	Cote d'Ivoire	44	Cote d'Ivoire	Sub-Saharan Africa	1
#FB61D7	7.94	1973	Cote d'Ivoire	44	Cote d'Ivoire	Sub-Saharan Africa	1
#FB61D7	7.934	1974	Cote d'Ivoire	44	Cote d'Ivoire	Sub-Saharan Africa	1
#FB61D7	7.917	1975	Cote d'Ivoire	44	Cote d'Ivoire	Sub-Saharan Africa	1
#FB61D7	7.886	1976	Cote d'Ivoire	44	Cote d'Ivoire	Sub-Saharan Africa	1
#FB61D7	7.84	1977	Cote d'Ivoire	44	Cote d'Ivoire	Sub-Saharan Africa	1
#FB61D7	7.778	1978	Cote d'Ivoire	44	Cote d'Ivoire	Sub-Saharan Africa	1
#FB61D7	7.701	1979	Cote d'Ivoire	44	Cote d'Ivoire	Sub-Saharan Africa	1
#FB61D7	7.608	1980	Cote d'Ivoire	44	Cote d'Ivoire	Sub-Saharan Africa	1
#FB61D7	7.501	1981	Cote d'Ivoire	44	Cote d'Ivoire	Sub-Saharan Africa	1
#FB61D7	7.382	1982	Cote d'Ivoire	44	Cote d'Ivoire	Sub-Saharan Africa	1
#FB61D7	7.253	1983	Cote d'Ivoire	44	Cote d'Ivoire	Sub-Saharan Africa	1
#FB61D7	7.117	1984	Cote d'Ivoire	44	Cote d'Ivoire	Sub-Saharan Africa	1
#FB61D7	6.977	1985	Cote d'Ivoire	44	Cote d'Ivoire	Sub-Saharan Africa	1
#FB61D7	6.834	1986	Cote d'Ivoire	44	Cote d'Ivoire	Sub-Saharan Africa	1
#FB61D7	6.689	1987	Cote d'Ivoire	44	Cote d'Ivoire	Sub-Saharan Africa	1
#FB61D7	6.543	1988	Cote d'Ivoire	44	Cote d'Ivoire	Sub-Saharan Africa	1
#FB61D7	6.399	1989	Cote d'Ivoire	44	Cote d'Ivoire	Sub-Saharan Africa	1
#FB61D7	6.257	1990	Cote d'Ivoire	44	Cote d'Ivoire	Sub-Saharan Africa	1
#FB61D7	6.117	1991	Cote d'Ivoire	44	Cote d'Ivoire	Sub-Saharan Africa	1
#FB61D7	5.977	1992	Cote d'Ivoire	44	Cote d'Ivoire	Sub-Saharan Africa	1
#FB61D7	5.84	1993	Cote d'Ivoire	44	Cote d'Ivoire	Sub-Saharan Africa	1
#FB61D7	5.706	1994	Cote d'Ivoire	44	Cote d'Ivoire	Sub-Saharan Africa	1
#FB61D7	5.581	1995	Cote d'Ivoire	44	Cote d'Ivoire	Sub-Saharan Africa	1
#FB61D7	5.469	1996	Cote d'Ivoire	44	Cote d'Ivoire	Sub-Saharan Africa	1
#FB61D7	5.371	1997	Cote d'Ivoire	44	Cote d'Ivoire	Sub-Saharan Africa	1
#FB61D7	5.289	1998	Cote d'Ivoire	44	Cote d'Ivoire	Sub-Saharan Africa	1
#FB61D7	5.22	1999	Cote d'Ivoire	44	Cote d'Ivoire	Sub-Saharan Africa	1
#FB61D7	5.162	2000	Cote d'Ivoire	44	Cote d'Ivoire	Sub-Saharan Africa	1
#FB61D7	5.109	2001	Cote d'Ivoire	44	Cote d'Ivoire	Sub-Saharan Africa	1
#FB61D7	5.055	2002	Cote d'Ivoire	44	Cote d'Ivoire	Sub-Saharan Africa	1
#FB61D7	4.997	2003	Cote d'Ivoire	44	Cote d'Ivoire	Sub-Saharan Africa	1
#FB61D7	4.932	2004	Cote d'Ivoire	44	Cote d'Ivoire	Sub-Saharan Africa	1
#FB61D7	4.858	2005	Cote d'Ivoire	44	Cote d'Ivoire	Sub-Saharan Africa	1
#FB61D7	4.777	2006	Cote d'Ivoire	44	Cote d'Ivoire	Sub-Saharan Africa	1
#FB61D7	4.691	2007	Cote d'Ivoire	44	Cote d'Ivoire	Sub-Saharan Africa	1
#FB61D7	4.605	2008	Cote d'Ivoire	44	Cote d'Ivoire	Sub-Saharan Africa	1
#FB61D7	4.518	2009	Cote d'Ivoire	44	Cote d'Ivoire	Sub-Saharan Africa	1
#FB61D7	4.432	2010	Cote d'Ivoire	44	Cote d'Ivoire	Sub-Saharan Africa	1
#FB61D7	4.348	2011	Cote d'Ivoire	44	Cote d'Ivoire	Sub-Saharan Africa	1
#53B400	5.582	1960	Chile	37	Chile	Latin America & Caribbean	1
#53B400	5.543	1961	Chile	37	Chile	Latin America & Caribbean	1
#53B400	5.463	1962	Chile	37	Chile	Latin America & Caribbean	1
#53B400	5.342	1963	Chile	37	Chile	Latin America & Caribbean	1
#53B400	5.185	1964	Chile	37	Chile	Latin America & Caribbean	1
#53B400	5	1965	Chile	37	Chile	Latin America & Caribbean	1
#53B400	4.799	1966	Chile	37	Chile	Latin America & Caribbean	1
#53B400	4.593	1967	Chile	37	Chile	Latin America & Caribbean	1
#53B400	4.392	1968	Chile	37	Chile	Latin America & Caribbean	1
#53B400	4.202	1969	Chile	37	Chile	Latin America & Caribbean	1
#53B400	4.023	1970	Chile	37	Chile	Latin America & Caribbean	1
#53B400	3.851	1971	Chile	37	Chile	Latin America & Caribbean	1
#53B400	3.679	1972	Chile	37	Chile	Latin America & Caribbean	1
#53B400	3.504	1973	Chile	37	Chile	Latin America & Caribbean	1
#53B400	3.33	1974	Chile	37	Chile	Latin America & Caribbean	1
#53B400	3.163	1975	Chile	37	Chile	Latin America & Caribbean	1
#53B400	3.013	1976	Chile	37	Chile	Latin America & Caribbean	1
#53B400	2.887	1977	Chile	37	Chile	Latin America & Caribbean	1
#53B400	2.788	1978	Chile	37	Chile	Latin America & Caribbean	1
#53B400	2.718	1979	Chile	37	Chile	Latin America & Caribbean	1
#53B400	2.675	1980	Chile	37	Chile	Latin America & Caribbean	1
#53B400	2.656	1981	Chile	37	Chile	Latin America & Caribbean	1
#53B400	2.65	1982	Chile	37	Chile	Latin America & Caribbean	1
#53B400	2.651	1983	Chile	37	Chile	Latin America & Caribbean	1
#53B400	2.655	1984	Chile	37	Chile	Latin America & Caribbean	1
#53B400	2.657	1985	Chile	37	Chile	Latin America & Caribbean	1
#53B400	2.656	1986	Chile	37	Chile	Latin America & Caribbean	1
#53B400	2.653	1987	Chile	37	Chile	Latin America & Caribbean	1
#53B400	2.649	1988	Chile	37	Chile	Latin America & Caribbean	1
#53B400	2.64	1989	Chile	37	Chile	Latin America & Caribbean	1
#53B400	2.624	1990	Chile	37	Chile	Latin America & Caribbean	1
#53B400	2.597	1991	Chile	37	Chile	Latin America & Caribbean	1
#53B400	2.559	1992	Chile	37	Chile	Latin America & Caribbean	1
#53B400	2.51	1993	Chile	37	Chile	Latin America & Caribbean	1
#53B400	2.453	1994	Chile	37	Chile	Latin America & Caribbean	1
#53B400	2.388	1995	Chile	37	Chile	Latin America & Caribbean	1
#53B400	2.321	1996	Chile	37	Chile	Latin America & Caribbean	1
#53B400	2.254	1997	Chile	37	Chile	Latin America & Caribbean	1
#53B400	2.192	1998	Chile	37	Chile	Latin America & Caribbean	1
#53B400	2.135	1999	Chile	37	Chile	Latin America & Caribbean	1
#53B400	2.087	2000	Chile	37	Chile	Latin America & Caribbean	1
#53B400	2.047	2001	Chile	37	Chile	Latin America & Caribbean	1
#53B400	2.014	2002	Chile	37	Chile	Latin America & Caribbean	1
#53B400	1.985	2003	Chile	37	Chile	Latin America & Caribbean	1
#53B400	1.96	2004	Chile	37	Chile	Latin America & Caribbean	1
#53B400	1.939	2005	Chile	37	Chile	Latin America & Caribbean	1
#53B400	1.92	2006	Chile	37	Chile	Latin America & Caribbean	1
#53B400	1.904	2007	Chile	37	Chile	Latin America & Caribbean	1
#53B400	1.889	2008	Chile	37	Chile	Latin America & Caribbean	1
#53B400	1.876	2009	Chile	37	Chile	Latin America & Caribbean	1
#53B400	1.862	2010	Chile	37	Chile	Latin America & Caribbean	1
#53B400	1.849	2011	Chile	37	Chile	Latin America & Caribbean	1
#FB61D7	5.774	1960	Cameroon	31	Cameroon	Sub-Saharan Africa	1
#FB61D7	5.819	1961	Cameroon	31	Cameroon	Sub-Saharan Africa	1
#FB61D7	5.866	1962	Cameroon	31	Cameroon	Sub-Saharan Africa	1
#FB61D7	5.913	1963	Cameroon	31	Cameroon	Sub-Saharan Africa	1
#FB61D7	5.958	1964	Cameroon	31	Cameroon	Sub-Saharan Africa	1
#FB61D7	6.001	1965	Cameroon	31	Cameroon	Sub-Saharan Africa	1
#FB61D7	6.043	1966	Cameroon	31	Cameroon	Sub-Saharan Africa	1
#FB61D7	6.084	1967	Cameroon	31	Cameroon	Sub-Saharan Africa	1
#FB61D7	6.126	1968	Cameroon	31	Cameroon	Sub-Saharan Africa	1
#FB61D7	6.168	1969	Cameroon	31	Cameroon	Sub-Saharan Africa	1
#FB61D7	6.208	1970	Cameroon	31	Cameroon	Sub-Saharan Africa	1
#FB61D7	6.247	1971	Cameroon	31	Cameroon	Sub-Saharan Africa	1
#FB61D7	6.283	1972	Cameroon	31	Cameroon	Sub-Saharan Africa	1
#FB61D7	6.315	1973	Cameroon	31	Cameroon	Sub-Saharan Africa	1
#FB61D7	6.343	1974	Cameroon	31	Cameroon	Sub-Saharan Africa	1
#FB61D7	6.366	1975	Cameroon	31	Cameroon	Sub-Saharan Africa	1
#FB61D7	6.387	1976	Cameroon	31	Cameroon	Sub-Saharan Africa	1
#FB61D7	6.404	1977	Cameroon	31	Cameroon	Sub-Saharan Africa	1
#FB61D7	6.419	1978	Cameroon	31	Cameroon	Sub-Saharan Africa	1
#FB61D7	6.428	1979	Cameroon	31	Cameroon	Sub-Saharan Africa	1
#FB61D7	6.431	1980	Cameroon	31	Cameroon	Sub-Saharan Africa	1
#FB61D7	6.425	1981	Cameroon	31	Cameroon	Sub-Saharan Africa	1
#FB61D7	6.407	1982	Cameroon	31	Cameroon	Sub-Saharan Africa	1
#FB61D7	6.377	1983	Cameroon	31	Cameroon	Sub-Saharan Africa	1
#FB61D7	6.335	1984	Cameroon	31	Cameroon	Sub-Saharan Africa	1
#FB61D7	6.282	1985	Cameroon	31	Cameroon	Sub-Saharan Africa	1
#FB61D7	6.22	1986	Cameroon	31	Cameroon	Sub-Saharan Africa	1
#FB61D7	6.152	1987	Cameroon	31	Cameroon	Sub-Saharan Africa	1
#FB61D7	6.08	1988	Cameroon	31	Cameroon	Sub-Saharan Africa	1
#FB61D7	6.004	1989	Cameroon	31	Cameroon	Sub-Saharan Africa	1
#FB61D7	5.923	1990	Cameroon	31	Cameroon	Sub-Saharan Africa	1
#FB61D7	5.832	1991	Cameroon	31	Cameroon	Sub-Saharan Africa	1
#FB61D7	5.731	1992	Cameroon	31	Cameroon	Sub-Saharan Africa	1
#FB61D7	5.62	1993	Cameroon	31	Cameroon	Sub-Saharan Africa	1
#FB61D7	5.502	1994	Cameroon	31	Cameroon	Sub-Saharan Africa	1
#FB61D7	5.384	1995	Cameroon	31	Cameroon	Sub-Saharan Africa	1
#FB61D7	5.273	1996	Cameroon	31	Cameroon	Sub-Saharan Africa	1
#FB61D7	5.175	1997	Cameroon	31	Cameroon	Sub-Saharan Africa	1
#FB61D7	5.094	1998	Cameroon	31	Cameroon	Sub-Saharan Africa	1
#FB61D7	5.03	1999	Cameroon	31	Cameroon	Sub-Saharan Africa	1
#FB61D7	4.983	2000	Cameroon	31	Cameroon	Sub-Saharan Africa	1
#FB61D7	4.947	2001	Cameroon	31	Cameroon	Sub-Saharan Africa	1
#FB61D7	4.917	2002	Cameroon	31	Cameroon	Sub-Saharan Africa	1
#FB61D7	4.886	2003	Cameroon	31	Cameroon	Sub-Saharan Africa	1
#FB61D7	4.85	2004	Cameroon	31	Cameroon	Sub-Saharan Africa	1
#FB61D7	4.807	2005	Cameroon	31	Cameroon	Sub-Saharan Africa	1
#FB61D7	4.756	2006	Cameroon	31	Cameroon	Sub-Saharan Africa	1
#FB61D7	4.696	2007	Cameroon	31	Cameroon	Sub-Saharan Africa	1
#FB61D7	4.631	2008	Cameroon	31	Cameroon	Sub-Saharan Africa	1
#FB61D7	4.561	2009	Cameroon	31	Cameroon	Sub-Saharan Africa	1
#FB61D7	4.487	2010	Cameroon	31	Cameroon	Sub-Saharan Africa	1
#FB61D7	4.409	2011	Cameroon	31	Cameroon	Sub-Saharan Africa	1
#F8766D	5.469	1960	China	38	China	East Asia & Pacific	1
#F8766D	5.523	1961	China	38	China	East Asia & Pacific	1
#F8766D	5.602	1962	China	38	China	East Asia & Pacific	1
#F8766D	5.697	1963	China	38	China	East Asia & Pacific	1
#F8766D	5.793	1964	China	38	China	East Asia & Pacific	1
#F8766D	5.872	1965	China	38	China	East Asia & Pacific	1
#F8766D	5.914	1966	China	38	China	East Asia & Pacific	1
#F8766D	5.906	1967	China	38	China	East Asia & Pacific	1
#F8766D	5.841	1968	China	38	China	East Asia & Pacific	1
#F8766D	5.712	1969	China	38	China	East Asia & Pacific	1
#F8766D	5.512	1970	China	38	China	East Asia & Pacific	1
#F8766D	5.24	1971	China	38	China	East Asia & Pacific	1
#F8766D	4.91	1972	China	38	China	East Asia & Pacific	1
#F8766D	4.544	1973	China	38	China	East Asia & Pacific	1
#F8766D	4.16	1974	China	38	China	East Asia & Pacific	1
#F8766D	3.783	1975	China	38	China	East Asia & Pacific	1
#F8766D	3.439	1976	China	38	China	East Asia & Pacific	1
#F8766D	3.144	1977	China	38	China	East Asia & Pacific	1
#F8766D	2.907	1978	China	38	China	East Asia & Pacific	1
#F8766D	2.736	1979	China	38	China	East Asia & Pacific	1
#F8766D	2.632	1980	China	38	China	East Asia & Pacific	1
#F8766D	2.589	1981	China	38	China	East Asia & Pacific	1
#F8766D	2.586	1982	China	38	China	East Asia & Pacific	1
#F8766D	2.602	1983	China	38	China	East Asia & Pacific	1
#F8766D	2.625	1984	China	38	China	East Asia & Pacific	1
#F8766D	2.639	1985	China	38	China	East Asia & Pacific	1
#F8766D	2.629	1986	China	38	China	East Asia & Pacific	1
#F8766D	2.594	1987	China	38	China	East Asia & Pacific	1
#F8766D	2.532	1988	China	38	China	East Asia & Pacific	1
#F8766D	2.444	1989	China	38	China	East Asia & Pacific	1
#F8766D	2.336	1990	China	38	China	East Asia & Pacific	1
#F8766D	2.219	1991	China	38	China	East Asia & Pacific	1
#F8766D	2.106	1992	China	38	China	East Asia & Pacific	1
#F8766D	2.007	1993	China	38	China	East Asia & Pacific	1
#F8766D	1.927	1994	China	38	China	East Asia & Pacific	1
#F8766D	1.868	1995	China	38	China	East Asia & Pacific	1
#F8766D	1.828	1996	China	38	China	East Asia & Pacific	1
#F8766D	1.799	1997	China	38	China	East Asia & Pacific	1
#F8766D	1.776	1998	China	38	China	East Asia & Pacific	1
#F8766D	1.755	1999	China	38	China	East Asia & Pacific	1
#F8766D	1.737	2000	China	38	China	East Asia & Pacific	1
#F8766D	1.72	2001	China	38	China	East Asia & Pacific	1
#F8766D	1.705	2002	China	38	China	East Asia & Pacific	1
#F8766D	1.692	2003	China	38	China	East Asia & Pacific	1
#F8766D	1.68	2004	China	38	China	East Asia & Pacific	1
#F8766D	1.668	2005	China	38	China	East Asia & Pacific	1
#F8766D	1.656	2006	China	38	China	East Asia & Pacific	1
#F8766D	1.643	2007	China	38	China	East Asia & Pacific	1
#F8766D	1.629	2008	China	38	China	East Asia & Pacific	1
#F8766D	1.614	2009	China	38	China	East Asia & Pacific	1
#F8766D	1.598	2010	China	38	China	East Asia & Pacific	1
#F8766D	1.582	2011	China	38	China	East Asia & Pacific	1
#53B400	6.807	1960	Colombia	39	Colombia	Latin America & Caribbean	1
#53B400	6.8	1961	Colombia	39	Colombia	Latin America & Caribbean	1
#53B400	6.776	1962	Colombia	39	Colombia	Latin America & Caribbean	1
#53B400	6.731	1963	Colombia	39	Colombia	Latin America & Caribbean	1
#53B400	6.661	1964	Colombia	39	Colombia	Latin America & Caribbean	1
#53B400	6.559	1965	Colombia	39	Colombia	Latin America & Caribbean	1
#53B400	6.422	1966	Colombia	39	Colombia	Latin America & Caribbean	1
#53B400	6.25	1967	Colombia	39	Colombia	Latin America & Caribbean	1
#53B400	6.05	1968	Colombia	39	Colombia	Latin America & Caribbean	1
#53B400	5.83	1969	Colombia	39	Colombia	Latin America & Caribbean	1
#53B400	5.599	1970	Colombia	39	Colombia	Latin America & Caribbean	1
#53B400	5.37	1971	Colombia	39	Colombia	Latin America & Caribbean	1
#53B400	5.153	1972	Colombia	39	Colombia	Latin America & Caribbean	1
#53B400	4.956	1973	Colombia	39	Colombia	Latin America & Caribbean	1
#53B400	4.782	1974	Colombia	39	Colombia	Latin America & Caribbean	1
#53B400	4.631	1975	Colombia	39	Colombia	Latin America & Caribbean	1
#53B400	4.497	1976	Colombia	39	Colombia	Latin America & Caribbean	1
#53B400	4.372	1977	Colombia	39	Colombia	Latin America & Caribbean	1
#53B400	4.247	1978	Colombia	39	Colombia	Latin America & Caribbean	1
#53B400	4.121	1979	Colombia	39	Colombia	Latin America & Caribbean	1
#53B400	3.993	1980	Colombia	39	Colombia	Latin America & Caribbean	1
#53B400	3.867	1981	Colombia	39	Colombia	Latin America & Caribbean	1
#53B400	3.744	1982	Colombia	39	Colombia	Latin America & Caribbean	1
#53B400	3.63	1983	Colombia	39	Colombia	Latin America & Caribbean	1
#53B400	3.525	1984	Colombia	39	Colombia	Latin America & Caribbean	1
#53B400	3.43	1985	Colombia	39	Colombia	Latin America & Caribbean	1
#53B400	3.347	1986	Colombia	39	Colombia	Latin America & Caribbean	1
#53B400	3.275	1987	Colombia	39	Colombia	Latin America & Caribbean	1
#53B400	3.211	1988	Colombia	39	Colombia	Latin America & Caribbean	1
#53B400	3.155	1989	Colombia	39	Colombia	Latin America & Caribbean	1
#53B400	3.104	1990	Colombia	39	Colombia	Latin America & Caribbean	1
#53B400	3.057	1991	Colombia	39	Colombia	Latin America & Caribbean	1
#53B400	3.012	1992	Colombia	39	Colombia	Latin America & Caribbean	1
#53B400	2.966	1993	Colombia	39	Colombia	Latin America & Caribbean	1
#53B400	2.92	1994	Colombia	39	Colombia	Latin America & Caribbean	1
#53B400	2.872	1995	Colombia	39	Colombia	Latin America & Caribbean	1
#53B400	2.823	1996	Colombia	39	Colombia	Latin America & Caribbean	1
#53B400	2.775	1997	Colombia	39	Colombia	Latin America & Caribbean	1
#53B400	2.727	1998	Colombia	39	Colombia	Latin America & Caribbean	1
#53B400	2.682	1999	Colombia	39	Colombia	Latin America & Caribbean	1
#53B400	2.64	2000	Colombia	39	Colombia	Latin America & Caribbean	1
#53B400	2.603	2001	Colombia	39	Colombia	Latin America & Caribbean	1
#53B400	2.57	2002	Colombia	39	Colombia	Latin America & Caribbean	1
#53B400	2.542	2003	Colombia	39	Colombia	Latin America & Caribbean	1
#53B400	2.518	2004	Colombia	39	Colombia	Latin America & Caribbean	1
#53B400	2.496	2005	Colombia	39	Colombia	Latin America & Caribbean	1
#53B400	2.475	2006	Colombia	39	Colombia	Latin America & Caribbean	1
#53B400	2.454	2007	Colombia	39	Colombia	Latin America & Caribbean	1
#53B400	2.43	2008	Colombia	39	Colombia	Latin America & Caribbean	1
#53B400	2.403	2009	Colombia	39	Colombia	Latin America & Caribbean	1
#53B400	2.1	2010	Colombia	39	Colombia	Latin America & Caribbean	1
#53B400	2.1	2011	Colombia	39	Colombia	Latin America & Caribbean	1
#53B400	7.311	1960	Costa Rica	43	Costa Rica	Latin America & Caribbean	1
#53B400	7.295	1961	Costa Rica	43	Costa Rica	Latin America & Caribbean	1
#53B400	7.221	1962	Costa Rica	43	Costa Rica	Latin America & Caribbean	1
#53B400	7.085	1963	Costa Rica	43	Costa Rica	Latin America & Caribbean	1
#53B400	6.886	1964	Costa Rica	43	Costa Rica	Latin America & Caribbean	1
#53B400	6.631	1965	Costa Rica	43	Costa Rica	Latin America & Caribbean	1
#53B400	6.328	1966	Costa Rica	43	Costa Rica	Latin America & Caribbean	1
#53B400	5.997	1967	Costa Rica	43	Costa Rica	Latin America & Caribbean	1
#53B400	5.657	1968	Costa Rica	43	Costa Rica	Latin America & Caribbean	1
#53B400	5.324	1969	Costa Rica	43	Costa Rica	Latin America & Caribbean	1
#53B400	5.012	1970	Costa Rica	43	Costa Rica	Latin America & Caribbean	1
#53B400	4.733	1971	Costa Rica	43	Costa Rica	Latin America & Caribbean	1
#53B400	4.488	1972	Costa Rica	43	Costa Rica	Latin America & Caribbean	1
#53B400	4.278	1973	Costa Rica	43	Costa Rica	Latin America & Caribbean	1
#53B400	4.105	1974	Costa Rica	43	Costa Rica	Latin America & Caribbean	1
#53B400	3.968	1975	Costa Rica	43	Costa Rica	Latin America & Caribbean	1
#53B400	3.864	1976	Costa Rica	43	Costa Rica	Latin America & Caribbean	1
#53B400	3.784	1977	Costa Rica	43	Costa Rica	Latin America & Caribbean	1
#53B400	3.719	1978	Costa Rica	43	Costa Rica	Latin America & Caribbean	1
#53B400	3.665	1979	Costa Rica	43	Costa Rica	Latin America & Caribbean	1
#53B400	3.618	1980	Costa Rica	43	Costa Rica	Latin America & Caribbean	1
#53B400	3.577	1981	Costa Rica	43	Costa Rica	Latin America & Caribbean	1
#53B400	3.544	1982	Costa Rica	43	Costa Rica	Latin America & Caribbean	1
#53B400	3.517	1983	Costa Rica	43	Costa Rica	Latin America & Caribbean	1
#53B400	3.491	1984	Costa Rica	43	Costa Rica	Latin America & Caribbean	1
#53B400	3.463	1985	Costa Rica	43	Costa Rica	Latin America & Caribbean	1
#53B400	3.427	1986	Costa Rica	43	Costa Rica	Latin America & Caribbean	1
#53B400	3.38	1987	Costa Rica	43	Costa Rica	Latin America & Caribbean	1
#53B400	3.323	1988	Costa Rica	43	Costa Rica	Latin America & Caribbean	1
#53B400	3.254	1989	Costa Rica	43	Costa Rica	Latin America & Caribbean	1
#53B400	3.175	1990	Costa Rica	43	Costa Rica	Latin America & Caribbean	1
#53B400	3.09	1991	Costa Rica	43	Costa Rica	Latin America & Caribbean	1
#53B400	3.002	1992	Costa Rica	43	Costa Rica	Latin America & Caribbean	1
#53B400	2.917	1993	Costa Rica	43	Costa Rica	Latin America & Caribbean	1
#53B400	2.835	1994	Costa Rica	43	Costa Rica	Latin America & Caribbean	1
#53B400	2.758	1995	Costa Rica	43	Costa Rica	Latin America & Caribbean	1
#53B400	2.686	1996	Costa Rica	43	Costa Rica	Latin America & Caribbean	1
#53B400	2.616	1997	Costa Rica	43	Costa Rica	Latin America & Caribbean	1
#53B400	2.548	1998	Costa Rica	43	Costa Rica	Latin America & Caribbean	1
#53B400	2.481	1999	Costa Rica	43	Costa Rica	Latin America & Caribbean	1
#53B400	2.414	2000	Costa Rica	43	Costa Rica	Latin America & Caribbean	1
#53B400	2.345	2001	Costa Rica	43	Costa Rica	Latin America & Caribbean	1
#53B400	2.275	2002	Costa Rica	43	Costa Rica	Latin America & Caribbean	1
#53B400	2.204	2003	Costa Rica	43	Costa Rica	Latin America & Caribbean	1
#53B400	2.134	2004	Costa Rica	43	Costa Rica	Latin America & Caribbean	1
#53B400	2.067	2005	Costa Rica	43	Costa Rica	Latin America & Caribbean	1
#53B400	2.007	2006	Costa Rica	43	Costa Rica	Latin America & Caribbean	1
#53B400	1.954	2007	Costa Rica	43	Costa Rica	Latin America & Caribbean	1
#53B400	1.91	2008	Costa Rica	43	Costa Rica	Latin America & Caribbean	1
#53B400	1.875	2009	Costa Rica	43	Costa Rica	Latin America & Caribbean	1
#53B400	1.848	2010	Costa Rica	43	Costa Rica	Latin America & Caribbean	1
#53B400	1.827	2011	Costa Rica	43	Costa Rica	Latin America & Caribbean	1
#53B400	4.182	1960	Cuba	46	Cuba	Latin America & Caribbean	1
#53B400	4.36	1961	Cuba	46	Cuba	Latin America & Caribbean	1
#53B400	4.509	1962	Cuba	46	Cuba	Latin America & Caribbean	1
#53B400	4.606	1963	Cuba	46	Cuba	Latin America & Caribbean	1
#53B400	4.643	1964	Cuba	46	Cuba	Latin America & Caribbean	1
#53B400	4.617	1965	Cuba	46	Cuba	Latin America & Caribbean	1
#53B400	4.54	1966	Cuba	46	Cuba	Latin America & Caribbean	1
#53B400	4.433	1967	Cuba	46	Cuba	Latin America & Caribbean	1
#53B400	4.312	1968	Cuba	46	Cuba	Latin America & Caribbean	1
#53B400	4.18	1969	Cuba	46	Cuba	Latin America & Caribbean	1
#53B400	4.033	1970	Cuba	46	Cuba	Latin America & Caribbean	1
#53B400	3.857	1971	Cuba	46	Cuba	Latin America & Caribbean	1
#53B400	3.646	1972	Cuba	46	Cuba	Latin America & Caribbean	1
#53B400	3.4	1973	Cuba	46	Cuba	Latin America & Caribbean	1
#53B400	3.127	1974	Cuba	46	Cuba	Latin America & Caribbean	1
#53B400	2.844	1975	Cuba	46	Cuba	Latin America & Caribbean	1
#53B400	2.573	1976	Cuba	46	Cuba	Latin America & Caribbean	1
#53B400	2.332	1977	Cuba	46	Cuba	Latin America & Caribbean	1
#53B400	2.134	1978	Cuba	46	Cuba	Latin America & Caribbean	1
#53B400	1.987	1979	Cuba	46	Cuba	Latin America & Caribbean	1
#53B400	1.892	1980	Cuba	46	Cuba	Latin America & Caribbean	1
#53B400	1.843	1981	Cuba	46	Cuba	Latin America & Caribbean	1
#53B400	1.826	1982	Cuba	46	Cuba	Latin America & Caribbean	1
#53B400	1.825	1983	Cuba	46	Cuba	Latin America & Caribbean	1
#53B400	1.832	1984	Cuba	46	Cuba	Latin America & Caribbean	1
#53B400	1.837	1985	Cuba	46	Cuba	Latin America & Caribbean	1
#53B400	1.836	1986	Cuba	46	Cuba	Latin America & Caribbean	1
#53B400	1.827	1987	Cuba	46	Cuba	Latin America & Caribbean	1
#53B400	1.81	1988	Cuba	46	Cuba	Latin America & Caribbean	1
#53B400	1.785	1989	Cuba	46	Cuba	Latin America & Caribbean	1
#53B400	1.752	1990	Cuba	46	Cuba	Latin America & Caribbean	1
#53B400	1.715	1991	Cuba	46	Cuba	Latin America & Caribbean	1
#53B400	1.68	1992	Cuba	46	Cuba	Latin America & Caribbean	1
#53B400	1.65	1993	Cuba	46	Cuba	Latin America & Caribbean	1
#53B400	1.628	1994	Cuba	46	Cuba	Latin America & Caribbean	1
#53B400	1.614	1995	Cuba	46	Cuba	Latin America & Caribbean	1
#53B400	1.609	1996	Cuba	46	Cuba	Latin America & Caribbean	1
#53B400	1.61	1997	Cuba	46	Cuba	Latin America & Caribbean	1
#53B400	1.615	1998	Cuba	46	Cuba	Latin America & Caribbean	1
#53B400	1.621	1999	Cuba	46	Cuba	Latin America & Caribbean	1
#53B400	1.626	2000	Cuba	46	Cuba	Latin America & Caribbean	1
#53B400	1.626	2001	Cuba	46	Cuba	Latin America & Caribbean	1
#53B400	1.621	2002	Cuba	46	Cuba	Latin America & Caribbean	1
#53B400	1.61	2003	Cuba	46	Cuba	Latin America & Caribbean	1
#53B400	1.592	2004	Cuba	46	Cuba	Latin America & Caribbean	1
#53B400	1.57	2005	Cuba	46	Cuba	Latin America & Caribbean	1
#53B400	1.545	2006	Cuba	46	Cuba	Latin America & Caribbean	1
#53B400	1.52	2007	Cuba	46	Cuba	Latin America & Caribbean	1
#53B400	1.499	2008	Cuba	46	Cuba	Latin America & Caribbean	1
#53B400	1.481	2009	Cuba	46	Cuba	Latin America & Caribbean	1
#53B400	1.467	2010	Cuba	46	Cuba	Latin America & Caribbean	1
#53B400	1.457	2011	Cuba	46	Cuba	Latin America & Caribbean	1
#FB61D7	6.885	1960	Cape Verde	33	Cape Verde	Sub-Saharan Africa	1
#FB61D7	6.922	1961	Cape Verde	33	Cape Verde	Sub-Saharan Africa	1
#FB61D7	6.953	1962	Cape Verde	33	Cape Verde	Sub-Saharan Africa	1
#FB61D7	6.976	1963	Cape Verde	33	Cape Verde	Sub-Saharan Africa	1
#FB61D7	6.989	1964	Cape Verde	33	Cape Verde	Sub-Saharan Africa	1
#FB61D7	6.993	1965	Cape Verde	33	Cape Verde	Sub-Saharan Africa	1
#FB61D7	6.99	1966	Cape Verde	33	Cape Verde	Sub-Saharan Africa	1
#FB61D7	6.982	1967	Cape Verde	33	Cape Verde	Sub-Saharan Africa	1
#FB61D7	6.97	1968	Cape Verde	33	Cape Verde	Sub-Saharan Africa	1
#FB61D7	6.954	1969	Cape Verde	33	Cape Verde	Sub-Saharan Africa	1
#FB61D7	6.935	1970	Cape Verde	33	Cape Verde	Sub-Saharan Africa	1
#FB61D7	6.913	1971	Cape Verde	33	Cape Verde	Sub-Saharan Africa	1
#FB61D7	6.887	1972	Cape Verde	33	Cape Verde	Sub-Saharan Africa	1
#FB61D7	6.855	1973	Cape Verde	33	Cape Verde	Sub-Saharan Africa	1
#FB61D7	6.818	1974	Cape Verde	33	Cape Verde	Sub-Saharan Africa	1
#FB61D7	6.771	1975	Cape Verde	33	Cape Verde	Sub-Saharan Africa	1
#FB61D7	6.714	1976	Cape Verde	33	Cape Verde	Sub-Saharan Africa	1
#FB61D7	6.645	1977	Cape Verde	33	Cape Verde	Sub-Saharan Africa	1
#FB61D7	6.564	1978	Cape Verde	33	Cape Verde	Sub-Saharan Africa	1
#FB61D7	6.473	1979	Cape Verde	33	Cape Verde	Sub-Saharan Africa	1
#FB61D7	6.375	1980	Cape Verde	33	Cape Verde	Sub-Saharan Africa	1
#FB61D7	6.274	1981	Cape Verde	33	Cape Verde	Sub-Saharan Africa	1
#FB61D7	6.174	1982	Cape Verde	33	Cape Verde	Sub-Saharan Africa	1
#FB61D7	6.075	1983	Cape Verde	33	Cape Verde	Sub-Saharan Africa	1
#FB61D7	5.979	1984	Cape Verde	33	Cape Verde	Sub-Saharan Africa	1
#FB61D7	5.883	1985	Cape Verde	33	Cape Verde	Sub-Saharan Africa	1
#FB61D7	5.784	1986	Cape Verde	33	Cape Verde	Sub-Saharan Africa	1
#FB61D7	5.68	1987	Cape Verde	33	Cape Verde	Sub-Saharan Africa	1
#FB61D7	5.565	1988	Cape Verde	33	Cape Verde	Sub-Saharan Africa	1
#FB61D7	5.441	1989	Cape Verde	33	Cape Verde	Sub-Saharan Africa	1
#FB61D7	5.307	1990	Cape Verde	33	Cape Verde	Sub-Saharan Africa	1
#FB61D7	5.164	1991	Cape Verde	33	Cape Verde	Sub-Saharan Africa	1
#FB61D7	5.016	1992	Cape Verde	33	Cape Verde	Sub-Saharan Africa	1
#FB61D7	4.863	1993	Cape Verde	33	Cape Verde	Sub-Saharan Africa	1
#FB61D7	4.708	1994	Cape Verde	33	Cape Verde	Sub-Saharan Africa	1
#FB61D7	4.55	1995	Cape Verde	33	Cape Verde	Sub-Saharan Africa	1
#FB61D7	4.388	1996	Cape Verde	33	Cape Verde	Sub-Saharan Africa	1
#FB61D7	4.221	1997	Cape Verde	33	Cape Verde	Sub-Saharan Africa	1
#FB61D7	4.05	1998	Cape Verde	33	Cape Verde	Sub-Saharan Africa	1
#FB61D7	3.876	1999	Cape Verde	33	Cape Verde	Sub-Saharan Africa	1
#FB61D7	3.701	2000	Cape Verde	33	Cape Verde	Sub-Saharan Africa	1
#FB61D7	3.528	2001	Cape Verde	33	Cape Verde	Sub-Saharan Africa	1
#FB61D7	3.358	2002	Cape Verde	33	Cape Verde	Sub-Saharan Africa	1
#FB61D7	3.195	2003	Cape Verde	33	Cape Verde	Sub-Saharan Africa	1
#FB61D7	3.041	2004	Cape Verde	33	Cape Verde	Sub-Saharan Africa	1
#FB61D7	2.899	2005	Cape Verde	33	Cape Verde	Sub-Saharan Africa	1
#FB61D7	2.772	2006	Cape Verde	33	Cape Verde	Sub-Saharan Africa	1
#FB61D7	2.659	2007	Cape Verde	33	Cape Verde	Sub-Saharan Africa	1
#FB61D7	2.561	2008	Cape Verde	33	Cape Verde	Sub-Saharan Africa	1
#FB61D7	2.477	2009	Cape Verde	33	Cape Verde	Sub-Saharan Africa	1
#FB61D7	2.405	2010	Cape Verde	33	Cape Verde	Sub-Saharan Africa	1
#FB61D7	2.344	2011	Cape Verde	33	Cape Verde	Sub-Saharan Africa	1
#53B400	2.1	2006	Curacao	47	Curacao	Latin America & Caribbean	1
#53B400	2	2007	Curacao	47	Curacao	Latin America & Caribbean	1
#53B400	2.2	2008	Curacao	47	Curacao	Latin America & Caribbean	1
#53B400	2.1	2009	Curacao	47	Curacao	Latin America & Caribbean	1
#C49A00	3.5	1960	Cyprus	48	Cyprus	Europe & Central Asia	1
#C49A00	3.471	1961	Cyprus	48	Cyprus	Europe & Central Asia	1
#C49A00	3.421	1962	Cyprus	48	Cyprus	Europe & Central Asia	1
#C49A00	3.346	1963	Cyprus	48	Cyprus	Europe & Central Asia	1
#C49A00	3.249	1964	Cyprus	48	Cyprus	Europe & Central Asia	1
#C49A00	3.133	1965	Cyprus	48	Cyprus	Europe & Central Asia	1
#C49A00	3.01	1966	Cyprus	48	Cyprus	Europe & Central Asia	1
#C49A00	2.889	1967	Cyprus	48	Cyprus	Europe & Central Asia	1
#C49A00	2.779	1968	Cyprus	48	Cyprus	Europe & Central Asia	1
#C49A00	2.686	1969	Cyprus	48	Cyprus	Europe & Central Asia	1
#C49A00	2.61	1970	Cyprus	48	Cyprus	Europe & Central Asia	1
#C49A00	2.547	1971	Cyprus	48	Cyprus	Europe & Central Asia	1
#C49A00	2.491	1972	Cyprus	48	Cyprus	Europe & Central Asia	1
#C49A00	2.44	1973	Cyprus	48	Cyprus	Europe & Central Asia	1
#C49A00	2.393	1974	Cyprus	48	Cyprus	Europe & Central Asia	1
#C49A00	2.352	1975	Cyprus	48	Cyprus	Europe & Central Asia	1
#C49A00	2.323	1976	Cyprus	48	Cyprus	Europe & Central Asia	1
#C49A00	2.31	1977	Cyprus	48	Cyprus	Europe & Central Asia	1
#C49A00	2.312	1978	Cyprus	48	Cyprus	Europe & Central Asia	1
#C49A00	2.328	1979	Cyprus	48	Cyprus	Europe & Central Asia	1
#C49A00	2.354	1980	Cyprus	48	Cyprus	Europe & Central Asia	1
#C49A00	2.385	1981	Cyprus	48	Cyprus	Europe & Central Asia	1
#C49A00	2.415	1982	Cyprus	48	Cyprus	Europe & Central Asia	1
#C49A00	2.438	1983	Cyprus	48	Cyprus	Europe & Central Asia	1
#C49A00	2.453	1984	Cyprus	48	Cyprus	Europe & Central Asia	1
#C49A00	2.458	1985	Cyprus	48	Cyprus	Europe & Central Asia	1
#C49A00	2.456	1986	Cyprus	48	Cyprus	Europe & Central Asia	1
#C49A00	2.45	1987	Cyprus	48	Cyprus	Europe & Central Asia	1
#C49A00	2.442	1988	Cyprus	48	Cyprus	Europe & Central Asia	1
#C49A00	2.43	1989	Cyprus	48	Cyprus	Europe & Central Asia	1
#C49A00	2.411	1990	Cyprus	48	Cyprus	Europe & Central Asia	1
#C49A00	2.381	1991	Cyprus	48	Cyprus	Europe & Central Asia	1
#C49A00	2.337	1992	Cyprus	48	Cyprus	Europe & Central Asia	1
#C49A00	2.278	1993	Cyprus	48	Cyprus	Europe & Central Asia	1
#C49A00	2.206	1994	Cyprus	48	Cyprus	Europe & Central Asia	1
#C49A00	2.124	1995	Cyprus	48	Cyprus	Europe & Central Asia	1
#C49A00	2.035	1996	Cyprus	48	Cyprus	Europe & Central Asia	1
#C49A00	1.945	1997	Cyprus	48	Cyprus	Europe & Central Asia	1
#C49A00	1.86	1998	Cyprus	48	Cyprus	Europe & Central Asia	1
#C49A00	1.781	1999	Cyprus	48	Cyprus	Europe & Central Asia	1
#C49A00	1.714	2000	Cyprus	48	Cyprus	Europe & Central Asia	1
#C49A00	1.658	2001	Cyprus	48	Cyprus	Europe & Central Asia	1
#C49A00	1.613	2002	Cyprus	48	Cyprus	Europe & Central Asia	1
#C49A00	1.577	2003	Cyprus	48	Cyprus	Europe & Central Asia	1
#C49A00	1.55	2004	Cyprus	48	Cyprus	Europe & Central Asia	1
#C49A00	1.529	2005	Cyprus	48	Cyprus	Europe & Central Asia	1
#C49A00	1.514	2006	Cyprus	48	Cyprus	Europe & Central Asia	1
#C49A00	1.503	2007	Cyprus	48	Cyprus	Europe & Central Asia	1
#C49A00	1.493	2008	Cyprus	48	Cyprus	Europe & Central Asia	1
#C49A00	1.485	2009	Cyprus	48	Cyprus	Europe & Central Asia	1
#C49A00	1.476	2010	Cyprus	48	Cyprus	Europe & Central Asia	1
#C49A00	1.468	2011	Cyprus	48	Cyprus	Europe & Central Asia	1
#C49A00	2.075	1960	Czech Republic	49	Czech Republic	Europe & Central Asia	1
#C49A00	2.11	1961	Czech Republic	49	Czech Republic	Europe & Central Asia	1
#C49A00	2.12	1962	Czech Republic	49	Czech Republic	Europe & Central Asia	1
#C49A00	2.31	1963	Czech Republic	49	Czech Republic	Europe & Central Asia	1
#C49A00	2.34	1964	Czech Republic	49	Czech Republic	Europe & Central Asia	1
#C49A00	2.165	1965	Czech Republic	49	Czech Republic	Europe & Central Asia	1
#C49A00	2.02	1966	Czech Republic	49	Czech Republic	Europe & Central Asia	1
#C49A00	1.9	1967	Czech Republic	49	Czech Republic	Europe & Central Asia	1
#C49A00	1.84	1968	Czech Republic	49	Czech Republic	Europe & Central Asia	1
#C49A00	1.87	1969	Czech Republic	49	Czech Republic	Europe & Central Asia	1
#C49A00	1.929	1970	Czech Republic	49	Czech Republic	Europe & Central Asia	1
#C49A00	1.99	1971	Czech Republic	49	Czech Republic	Europe & Central Asia	1
#C49A00	2.09	1972	Czech Republic	49	Czech Republic	Europe & Central Asia	1
#C49A00	2.31	1973	Czech Republic	49	Czech Republic	Europe & Central Asia	1
#C49A00	2.46	1974	Czech Republic	49	Czech Republic	Europe & Central Asia	1
#C49A00	2.43	1975	Czech Republic	49	Czech Republic	Europe & Central Asia	1
#C49A00	2.39	1976	Czech Republic	49	Czech Republic	Europe & Central Asia	1
#C49A00	2.34	1977	Czech Republic	49	Czech Republic	Europe & Central Asia	1
#C49A00	2.33	1978	Czech Republic	49	Czech Republic	Europe & Central Asia	1
#C49A00	2.27	1979	Czech Republic	49	Czech Republic	Europe & Central Asia	1
#C49A00	2.07	1980	Czech Republic	49	Czech Republic	Europe & Central Asia	1
#C49A00	2	1981	Czech Republic	49	Czech Republic	Europe & Central Asia	1
#C49A00	2.02	1982	Czech Republic	49	Czech Republic	Europe & Central Asia	1
#C49A00	1.97	1983	Czech Republic	49	Czech Republic	Europe & Central Asia	1
#C49A00	1.97	1984	Czech Republic	49	Czech Republic	Europe & Central Asia	1
#C49A00	1.95	1985	Czech Republic	49	Czech Republic	Europe & Central Asia	1
#C49A00	1.94	1986	Czech Republic	49	Czech Republic	Europe & Central Asia	1
#C49A00	1.91	1987	Czech Republic	49	Czech Republic	Europe & Central Asia	1
#C49A00	1.94	1988	Czech Republic	49	Czech Republic	Europe & Central Asia	1
#C49A00	1.874	1989	Czech Republic	49	Czech Republic	Europe & Central Asia	1
#C49A00	1.893	1990	Czech Republic	49	Czech Republic	Europe & Central Asia	1
#C49A00	1.86	1991	Czech Republic	49	Czech Republic	Europe & Central Asia	1
#C49A00	1.72	1992	Czech Republic	49	Czech Republic	Europe & Central Asia	1
#C49A00	1.67	1993	Czech Republic	49	Czech Republic	Europe & Central Asia	1
#C49A00	1.44	1994	Czech Republic	49	Czech Republic	Europe & Central Asia	1
#C49A00	1.278	1995	Czech Republic	49	Czech Republic	Europe & Central Asia	1
#C49A00	1.185	1996	Czech Republic	49	Czech Republic	Europe & Central Asia	1
#C49A00	1.17	1997	Czech Republic	49	Czech Republic	Europe & Central Asia	1
#C49A00	1.16	1998	Czech Republic	49	Czech Republic	Europe & Central Asia	1
#C49A00	1.13	1999	Czech Republic	49	Czech Republic	Europe & Central Asia	1
#C49A00	1.14	2000	Czech Republic	49	Czech Republic	Europe & Central Asia	1
#C49A00	1.14	2001	Czech Republic	49	Czech Republic	Europe & Central Asia	1
#C49A00	1.17	2002	Czech Republic	49	Czech Republic	Europe & Central Asia	1
#C49A00	1.18	2003	Czech Republic	49	Czech Republic	Europe & Central Asia	1
#C49A00	1.23	2004	Czech Republic	49	Czech Republic	Europe & Central Asia	1
#C49A00	1.28	2005	Czech Republic	49	Czech Republic	Europe & Central Asia	1
#C49A00	1.33	2006	Czech Republic	49	Czech Republic	Europe & Central Asia	1
#C49A00	1.44	2007	Czech Republic	49	Czech Republic	Europe & Central Asia	1
#C49A00	1.5	2008	Czech Republic	49	Czech Republic	Europe & Central Asia	1
#C49A00	1.49	2009	Czech Republic	49	Czech Republic	Europe & Central Asia	1
#C49A00	1.49	2010	Czech Republic	49	Czech Republic	Europe & Central Asia	1
#C49A00	1.43	2011	Czech Republic	49	Czech Republic	Europe & Central Asia	1
#C49A00	2.37	1960	Germany	68	Germany	Europe & Central Asia	1
#C49A00	2.45	1961	Germany	68	Germany	Europe & Central Asia	1
#C49A00	2.44	1962	Germany	68	Germany	Europe & Central Asia	1
#C49A00	2.51	1963	Germany	68	Germany	Europe & Central Asia	1
#C49A00	2.54	1964	Germany	68	Germany	Europe & Central Asia	1
#C49A00	2.5	1965	Germany	68	Germany	Europe & Central Asia	1
#C49A00	2.53	1966	Germany	68	Germany	Europe & Central Asia	1
#C49A00	2.48	1967	Germany	68	Germany	Europe & Central Asia	1
#C49A00	2.38	1968	Germany	68	Germany	Europe & Central Asia	1
#C49A00	2.21	1969	Germany	68	Germany	Europe & Central Asia	1
#C49A00	2.03	1970	Germany	68	Germany	Europe & Central Asia	1
#C49A00	1.92	1971	Germany	68	Germany	Europe & Central Asia	1
#C49A00	1.71	1972	Germany	68	Germany	Europe & Central Asia	1
#C49A00	1.54	1973	Germany	68	Germany	Europe & Central Asia	1
#C49A00	1.51	1974	Germany	68	Germany	Europe & Central Asia	1
#C49A00	1.45	1975	Germany	68	Germany	Europe & Central Asia	1
#C49A00	1.45	1976	Germany	68	Germany	Europe & Central Asia	1
#C49A00	1.4	1977	Germany	68	Germany	Europe & Central Asia	1
#C49A00	1.38	1978	Germany	68	Germany	Europe & Central Asia	1
#C49A00	1.38	1979	Germany	68	Germany	Europe & Central Asia	1
#C49A00	1.44	1980	Germany	68	Germany	Europe & Central Asia	1
#C49A00	1.43	1981	Germany	68	Germany	Europe & Central Asia	1
#C49A00	1.41	1982	Germany	68	Germany	Europe & Central Asia	1
#C49A00	1.33	1983	Germany	68	Germany	Europe & Central Asia	1
#C49A00	1.29	1984	Germany	68	Germany	Europe & Central Asia	1
#C49A00	1.37	1985	Germany	68	Germany	Europe & Central Asia	1
#C49A00	1.43	1986	Germany	68	Germany	Europe & Central Asia	1
#C49A00	1.43	1987	Germany	68	Germany	Europe & Central Asia	1
#C49A00	1.46	1988	Germany	68	Germany	Europe & Central Asia	1
#C49A00	1.42	1989	Germany	68	Germany	Europe & Central Asia	1
#C49A00	1.45	1990	Germany	68	Germany	Europe & Central Asia	1
#C49A00	1.33	1991	Germany	68	Germany	Europe & Central Asia	1
#C49A00	1.29	1992	Germany	68	Germany	Europe & Central Asia	1
#C49A00	1.28	1993	Germany	68	Germany	Europe & Central Asia	1
#C49A00	1.24	1994	Germany	68	Germany	Europe & Central Asia	1
#C49A00	1.25	1995	Germany	68	Germany	Europe & Central Asia	1
#C49A00	1.3	1996	Germany	68	Germany	Europe & Central Asia	1
#C49A00	1.35	1997	Germany	68	Germany	Europe & Central Asia	1
#C49A00	1.36	1998	Germany	68	Germany	Europe & Central Asia	1
#C49A00	1.36	1999	Germany	68	Germany	Europe & Central Asia	1
#C49A00	1.38	2000	Germany	68	Germany	Europe & Central Asia	1
#C49A00	1.35	2001	Germany	68	Germany	Europe & Central Asia	1
#C49A00	1.34	2002	Germany	68	Germany	Europe & Central Asia	1
#C49A00	1.34	2003	Germany	68	Germany	Europe & Central Asia	1
#C49A00	1.36	2004	Germany	68	Germany	Europe & Central Asia	1
#C49A00	1.34	2005	Germany	68	Germany	Europe & Central Asia	1
#C49A00	1.33	2006	Germany	68	Germany	Europe & Central Asia	1
#C49A00	1.37	2007	Germany	68	Germany	Europe & Central Asia	1
#C49A00	1.38	2008	Germany	68	Germany	Europe & Central Asia	1
#C49A00	1.36	2009	Germany	68	Germany	Europe & Central Asia	1
#C49A00	1.39	2010	Germany	68	Germany	Europe & Central Asia	1
#C49A00	1.36	2011	Germany	68	Germany	Europe & Central Asia	1
#00C094	7.816	1960	Djibouti	51	Djibouti	Middle East & North Africa	1
#00C094	7.814	1961	Djibouti	51	Djibouti	Middle East & North Africa	1
#00C094	7.805	1962	Djibouti	51	Djibouti	Middle East & North Africa	1
#00C094	7.79	1963	Djibouti	51	Djibouti	Middle East & North Africa	1
#00C094	7.765	1964	Djibouti	51	Djibouti	Middle East & North Africa	1
#00C094	7.731	1965	Djibouti	51	Djibouti	Middle East & North Africa	1
#00C094	7.685	1966	Djibouti	51	Djibouti	Middle East & North Africa	1
#00C094	7.63	1967	Djibouti	51	Djibouti	Middle East & North Africa	1
#00C094	7.565	1968	Djibouti	51	Djibouti	Middle East & North Africa	1
#00C094	7.494	1969	Djibouti	51	Djibouti	Middle East & North Africa	1
#00C094	7.415	1970	Djibouti	51	Djibouti	Middle East & North Africa	1
#00C094	7.332	1971	Djibouti	51	Djibouti	Middle East & North Africa	1
#00C094	7.244	1972	Djibouti	51	Djibouti	Middle East & North Africa	1
#00C094	7.156	1973	Djibouti	51	Djibouti	Middle East & North Africa	1
#00C094	7.068	1974	Djibouti	51	Djibouti	Middle East & North Africa	1
#00C094	6.985	1975	Djibouti	51	Djibouti	Middle East & North Africa	1
#00C094	6.909	1976	Djibouti	51	Djibouti	Middle East & North Africa	1
#00C094	6.841	1977	Djibouti	51	Djibouti	Middle East & North Africa	1
#00C094	6.781	1978	Djibouti	51	Djibouti	Middle East & North Africa	1
#00C094	6.729	1979	Djibouti	51	Djibouti	Middle East & North Africa	1
#00C094	6.686	1980	Djibouti	51	Djibouti	Middle East & North Africa	1
#00C094	6.65	1981	Djibouti	51	Djibouti	Middle East & North Africa	1
#00C094	6.62	1982	Djibouti	51	Djibouti	Middle East & North Africa	1
#00C094	6.592	1983	Djibouti	51	Djibouti	Middle East & North Africa	1
#00C094	6.562	1984	Djibouti	51	Djibouti	Middle East & North Africa	1
#00C094	6.527	1985	Djibouti	51	Djibouti	Middle East & North Africa	1
#00C094	6.481	1986	Djibouti	51	Djibouti	Middle East & North Africa	1
#00C094	6.424	1987	Djibouti	51	Djibouti	Middle East & North Africa	1
#00C094	6.353	1988	Djibouti	51	Djibouti	Middle East & North Africa	1
#00C094	6.267	1989	Djibouti	51	Djibouti	Middle East & North Africa	1
#00C094	6.166	1990	Djibouti	51	Djibouti	Middle East & North Africa	1
#00C094	6.048	1991	Djibouti	51	Djibouti	Middle East & North Africa	1
#00C094	5.918	1992	Djibouti	51	Djibouti	Middle East & North Africa	1
#00C094	5.779	1993	Djibouti	51	Djibouti	Middle East & North Africa	1
#00C094	5.633	1994	Djibouti	51	Djibouti	Middle East & North Africa	1
#00C094	5.486	1995	Djibouti	51	Djibouti	Middle East & North Africa	1
#00C094	5.339	1996	Djibouti	51	Djibouti	Middle East & North Africa	1
#00C094	5.196	1997	Djibouti	51	Djibouti	Middle East & North Africa	1
#00C094	5.058	1998	Djibouti	51	Djibouti	Middle East & North Africa	1
#00C094	4.926	1999	Djibouti	51	Djibouti	Middle East & North Africa	1
#00C094	4.801	2000	Djibouti	51	Djibouti	Middle East & North Africa	1
#00C094	4.681	2001	Djibouti	51	Djibouti	Middle East & North Africa	1
#00C094	4.562	2002	Djibouti	51	Djibouti	Middle East & North Africa	1
#00C094	4.445	2003	Djibouti	51	Djibouti	Middle East & North Africa	1
#00C094	4.329	2004	Djibouti	51	Djibouti	Middle East & North Africa	1
#00C094	4.215	2005	Djibouti	51	Djibouti	Middle East & North Africa	1
#00C094	4.106	2006	Djibouti	51	Djibouti	Middle East & North Africa	1
#00C094	4.005	2007	Djibouti	51	Djibouti	Middle East & North Africa	1
#00C094	3.912	2008	Djibouti	51	Djibouti	Middle East & North Africa	1
#00C094	3.827	2009	Djibouti	51	Djibouti	Middle East & North Africa	1
#00C094	3.75	2010	Djibouti	51	Djibouti	Middle East & North Africa	1
#00C094	3.679	2011	Djibouti	51	Djibouti	Middle East & North Africa	1
#C49A00	2.57	1960	Denmark	50	Denmark	Europe & Central Asia	1
#C49A00	2.547	1961	Denmark	50	Denmark	Europe & Central Asia	1
#C49A00	2.544	1962	Denmark	50	Denmark	Europe & Central Asia	1
#C49A00	2.642	1963	Denmark	50	Denmark	Europe & Central Asia	1
#C49A00	2.602	1964	Denmark	50	Denmark	Europe & Central Asia	1
#C49A00	2.61	1965	Denmark	50	Denmark	Europe & Central Asia	1
#C49A00	2.615	1966	Denmark	50	Denmark	Europe & Central Asia	1
#C49A00	2.35	1967	Denmark	50	Denmark	Europe & Central Asia	1
#C49A00	2.117	1968	Denmark	50	Denmark	Europe & Central Asia	1
#C49A00	2	1969	Denmark	50	Denmark	Europe & Central Asia	1
#C49A00	1.95	1970	Denmark	50	Denmark	Europe & Central Asia	1
#C49A00	2.043	1971	Denmark	50	Denmark	Europe & Central Asia	1
#C49A00	2.029	1972	Denmark	50	Denmark	Europe & Central Asia	1
#C49A00	1.917	1973	Denmark	50	Denmark	Europe & Central Asia	1
#C49A00	1.897	1974	Denmark	50	Denmark	Europe & Central Asia	1
#C49A00	1.919	1975	Denmark	50	Denmark	Europe & Central Asia	1
#C49A00	1.747	1976	Denmark	50	Denmark	Europe & Central Asia	1
#C49A00	1.66	1977	Denmark	50	Denmark	Europe & Central Asia	1
#C49A00	1.668	1978	Denmark	50	Denmark	Europe & Central Asia	1
#C49A00	1.602	1979	Denmark	50	Denmark	Europe & Central Asia	1
#C49A00	1.546	1980	Denmark	50	Denmark	Europe & Central Asia	1
#C49A00	1.437	1981	Denmark	50	Denmark	Europe & Central Asia	1
#C49A00	1.427	1982	Denmark	50	Denmark	Europe & Central Asia	1
#C49A00	1.377	1983	Denmark	50	Denmark	Europe & Central Asia	1
#C49A00	1.4	1984	Denmark	50	Denmark	Europe & Central Asia	1
#C49A00	1.447	1985	Denmark	50	Denmark	Europe & Central Asia	1
#C49A00	1.48	1986	Denmark	50	Denmark	Europe & Central Asia	1
#C49A00	1.5	1987	Denmark	50	Denmark	Europe & Central Asia	1
#C49A00	1.56	1988	Denmark	50	Denmark	Europe & Central Asia	1
#C49A00	1.62	1989	Denmark	50	Denmark	Europe & Central Asia	1
#C49A00	1.67	1990	Denmark	50	Denmark	Europe & Central Asia	1
#C49A00	1.68	1991	Denmark	50	Denmark	Europe & Central Asia	1
#C49A00	1.76	1992	Denmark	50	Denmark	Europe & Central Asia	1
#C49A00	1.75	1993	Denmark	50	Denmark	Europe & Central Asia	1
#C49A00	1.806	1994	Denmark	50	Denmark	Europe & Central Asia	1
#C49A00	1.807	1995	Denmark	50	Denmark	Europe & Central Asia	1
#C49A00	1.747	1996	Denmark	50	Denmark	Europe & Central Asia	1
#C49A00	1.752	1997	Denmark	50	Denmark	Europe & Central Asia	1
#C49A00	1.72	1998	Denmark	50	Denmark	Europe & Central Asia	1
#C49A00	1.73	1999	Denmark	50	Denmark	Europe & Central Asia	1
#C49A00	1.77	2000	Denmark	50	Denmark	Europe & Central Asia	1
#C49A00	1.74	2001	Denmark	50	Denmark	Europe & Central Asia	1
#C49A00	1.72	2002	Denmark	50	Denmark	Europe & Central Asia	1
#C49A00	1.76	2003	Denmark	50	Denmark	Europe & Central Asia	1
#C49A00	1.78	2004	Denmark	50	Denmark	Europe & Central Asia	1
#C49A00	1.8	2005	Denmark	50	Denmark	Europe & Central Asia	1
#C49A00	1.85	2006	Denmark	50	Denmark	Europe & Central Asia	1
#C49A00	1.84	2007	Denmark	50	Denmark	Europe & Central Asia	1
#C49A00	1.89	2008	Denmark	50	Denmark	Europe & Central Asia	1
#C49A00	1.84	2009	Denmark	50	Denmark	Europe & Central Asia	1
#C49A00	1.87	2010	Denmark	50	Denmark	Europe & Central Asia	1
#C49A00	1.75	2011	Denmark	50	Denmark	Europe & Central Asia	1
#53B400	3.52	1982	Dominica	52	Dominica	Latin America & Caribbean	1
#53B400	3	1987	Dominica	52	Dominica	Latin America & Caribbean	1
#53B400	2.5	1992	Dominica	52	Dominica	Latin America & Caribbean	1
#53B400	1.9	1997	Dominica	52	Dominica	Latin America & Caribbean	1
#53B400	1.9	2002	Dominica	52	Dominica	Latin America & Caribbean	1
#53B400	7.555	1960	Dominican Republic	53	Dominican Republic	Latin America & Caribbean	1
#53B400	7.488	1961	Dominican Republic	53	Dominican Republic	Latin America & Caribbean	1
#53B400	7.404	1962	Dominican Republic	53	Dominican Republic	Latin America & Caribbean	1
#53B400	7.304	1963	Dominican Republic	53	Dominican Republic	Latin America & Caribbean	1
#53B400	7.187	1964	Dominican Republic	53	Dominican Republic	Latin America & Caribbean	1
#53B400	7.054	1965	Dominican Republic	53	Dominican Republic	Latin America & Caribbean	1
#53B400	6.904	1966	Dominican Republic	53	Dominican Republic	Latin America & Caribbean	1
#53B400	6.739	1967	Dominican Republic	53	Dominican Republic	Latin America & Caribbean	1
#53B400	6.562	1968	Dominican Republic	53	Dominican Republic	Latin America & Caribbean	1
#53B400	6.376	1969	Dominican Republic	53	Dominican Republic	Latin America & Caribbean	1
#53B400	6.182	1970	Dominican Republic	53	Dominican Republic	Latin America & Caribbean	1
#53B400	5.983	1971	Dominican Republic	53	Dominican Republic	Latin America & Caribbean	1
#53B400	5.782	1972	Dominican Republic	53	Dominican Republic	Latin America & Caribbean	1
#53B400	5.58	1973	Dominican Republic	53	Dominican Republic	Latin America & Caribbean	1
#53B400	5.383	1974	Dominican Republic	53	Dominican Republic	Latin America & Caribbean	1
#53B400	5.193	1975	Dominican Republic	53	Dominican Republic	Latin America & Caribbean	1
#53B400	5.014	1976	Dominican Republic	53	Dominican Republic	Latin America & Caribbean	1
#53B400	4.848	1977	Dominican Republic	53	Dominican Republic	Latin America & Caribbean	1
#53B400	4.693	1978	Dominican Republic	53	Dominican Republic	Latin America & Caribbean	1
#53B400	4.552	1979	Dominican Republic	53	Dominican Republic	Latin America & Caribbean	1
#53B400	4.422	1980	Dominican Republic	53	Dominican Republic	Latin America & Caribbean	1
#53B400	4.302	1981	Dominican Republic	53	Dominican Republic	Latin America & Caribbean	1
#53B400	4.19	1982	Dominican Republic	53	Dominican Republic	Latin America & Caribbean	1
#53B400	4.082	1983	Dominican Republic	53	Dominican Republic	Latin America & Caribbean	1
#53B400	3.978	1984	Dominican Republic	53	Dominican Republic	Latin America & Caribbean	1
#53B400	3.878	1985	Dominican Republic	53	Dominican Republic	Latin America & Caribbean	1
#53B400	3.783	1986	Dominican Republic	53	Dominican Republic	Latin America & Caribbean	1
#53B400	3.695	1987	Dominican Republic	53	Dominican Republic	Latin America & Caribbean	1
#53B400	3.613	1988	Dominican Republic	53	Dominican Republic	Latin America & Caribbean	1
#53B400	3.537	1989	Dominican Republic	53	Dominican Republic	Latin America & Caribbean	1
#53B400	3.466	1990	Dominican Republic	53	Dominican Republic	Latin America & Caribbean	1
#53B400	3.397	1991	Dominican Republic	53	Dominican Republic	Latin America & Caribbean	1
#53B400	3.33	1992	Dominican Republic	53	Dominican Republic	Latin America & Caribbean	1
#53B400	3.262	1993	Dominican Republic	53	Dominican Republic	Latin America & Caribbean	1
#53B400	3.195	1994	Dominican Republic	53	Dominican Republic	Latin America & Caribbean	1
#53B400	3.13	1995	Dominican Republic	53	Dominican Republic	Latin America & Caribbean	1
#53B400	3.069	1996	Dominican Republic	53	Dominican Republic	Latin America & Caribbean	1
#53B400	3.014	1997	Dominican Republic	53	Dominican Republic	Latin America & Caribbean	1
#53B400	2.966	1998	Dominican Republic	53	Dominican Republic	Latin America & Caribbean	1
#53B400	2.926	1999	Dominican Republic	53	Dominican Republic	Latin America & Caribbean	1
#53B400	2.892	2000	Dominican Republic	53	Dominican Republic	Latin America & Caribbean	1
#53B400	2.863	2001	Dominican Republic	53	Dominican Republic	Latin America & Caribbean	1
#53B400	2.836	2002	Dominican Republic	53	Dominican Republic	Latin America & Caribbean	1
#53B400	2.809	2003	Dominican Republic	53	Dominican Republic	Latin America & Caribbean	1
#53B400	2.781	2004	Dominican Republic	53	Dominican Republic	Latin America & Caribbean	1
#53B400	2.752	2005	Dominican Republic	53	Dominican Republic	Latin America & Caribbean	1
#53B400	2.72	2006	Dominican Republic	53	Dominican Republic	Latin America & Caribbean	1
#53B400	2.686	2007	Dominican Republic	53	Dominican Republic	Latin America & Caribbean	1
#53B400	2.651	2008	Dominican Republic	53	Dominican Republic	Latin America & Caribbean	1
#53B400	2.615	2009	Dominican Republic	53	Dominican Republic	Latin America & Caribbean	1
#53B400	2.58	2010	Dominican Republic	53	Dominican Republic	Latin America & Caribbean	1
#53B400	2.544	2011	Dominican Republic	53	Dominican Republic	Latin America & Caribbean	1
#00C094	7.329	1960	Algeria	3	Algeria	Middle East & North Africa	1
#00C094	7.348	1961	Algeria	3	Algeria	Middle East & North Africa	1
#00C094	7.364	1962	Algeria	3	Algeria	Middle East & North Africa	1
#00C094	7.376	1963	Algeria	3	Algeria	Middle East & North Africa	1
#00C094	7.384	1964	Algeria	3	Algeria	Middle East & North Africa	1
#00C094	7.388	1965	Algeria	3	Algeria	Middle East & North Africa	1
#00C094	7.39	1966	Algeria	3	Algeria	Middle East & North Africa	1
#00C094	7.392	1967	Algeria	3	Algeria	Middle East & North Africa	1
#00C094	7.394	1968	Algeria	3	Algeria	Middle East & North Africa	1
#00C094	7.396	1969	Algeria	3	Algeria	Middle East & North Africa	1
#00C094	7.398	1970	Algeria	3	Algeria	Middle East & North Africa	1
#00C094	7.398	1971	Algeria	3	Algeria	Middle East & North Africa	1
#00C094	7.394	1972	Algeria	3	Algeria	Middle East & North Africa	1
#00C094	7.384	1973	Algeria	3	Algeria	Middle East & North Africa	1
#00C094	7.364	1974	Algeria	3	Algeria	Middle East & North Africa	1
#00C094	7.332	1975	Algeria	3	Algeria	Middle East & North Africa	1
#00C094	7.284	1976	Algeria	3	Algeria	Middle East & North Africa	1
#00C094	7.22	1977	Algeria	3	Algeria	Middle East & North Africa	1
#00C094	7.138	1978	Algeria	3	Algeria	Middle East & North Africa	1
#00C094	7.035	1979	Algeria	3	Algeria	Middle East & North Africa	1
#00C094	6.909	1980	Algeria	3	Algeria	Middle East & North Africa	1
#00C094	6.757	1981	Algeria	3	Algeria	Middle East & North Africa	1
#00C094	6.58	1982	Algeria	3	Algeria	Middle East & North Africa	1
#00C094	6.38	1983	Algeria	3	Algeria	Middle East & North Africa	1
#00C094	6.161	1984	Algeria	3	Algeria	Middle East & North Africa	1
#00C094	5.928	1985	Algeria	3	Algeria	Middle East & North Africa	1
#00C094	5.686	1986	Algeria	3	Algeria	Middle East & North Africa	1
#00C094	5.441	1987	Algeria	3	Algeria	Middle East & North Africa	1
#00C094	5.195	1988	Algeria	3	Algeria	Middle East & North Africa	1
#00C094	4.954	1989	Algeria	3	Algeria	Middle East & North Africa	1
#00C094	4.713	1990	Algeria	3	Algeria	Middle East & North Africa	1
#00C094	4.468	1991	Algeria	3	Algeria	Middle East & North Africa	1
#00C094	4.216	1992	Algeria	3	Algeria	Middle East & North Africa	1
#00C094	3.957	1993	Algeria	3	Algeria	Middle East & North Africa	1
#00C094	3.697	1994	Algeria	3	Algeria	Middle East & North Africa	1
#00C094	3.446	1995	Algeria	3	Algeria	Middle East & North Africa	1
#00C094	3.214	1996	Algeria	3	Algeria	Middle East & North Africa	1
#00C094	3.012	1997	Algeria	3	Algeria	Middle East & North Africa	1
#00C094	2.845	1998	Algeria	3	Algeria	Middle East & North Africa	1
#00C094	2.715	1999	Algeria	3	Algeria	Middle East & North Africa	1
#00C094	2.622	2000	Algeria	3	Algeria	Middle East & North Africa	1
#00C094	2.56	2001	Algeria	3	Algeria	Middle East & North Africa	1
#00C094	2.519	2002	Algeria	3	Algeria	Middle East & North Africa	1
#00C094	2.49	2003	Algeria	3	Algeria	Middle East & North Africa	1
#00C094	2.466	2004	Algeria	3	Algeria	Middle East & North Africa	1
#00C094	2.442	2005	Algeria	3	Algeria	Middle East & North Africa	1
#00C094	2.415	2006	Algeria	3	Algeria	Middle East & North Africa	1
#00C094	2.383	2007	Algeria	3	Algeria	Middle East & North Africa	1
#00C094	2.348	2008	Algeria	3	Algeria	Middle East & North Africa	1
#00C094	2.308	2009	Algeria	3	Algeria	Middle East & North Africa	1
#00C094	2.264	2010	Algeria	3	Algeria	Middle East & North Africa	1
#00C094	2.217	2011	Algeria	3	Algeria	Middle East & North Africa	1
#53B400	6.716	1960	Ecuador	54	Ecuador	Latin America & Caribbean	1
#53B400	6.715	1961	Ecuador	54	Ecuador	Latin America & Caribbean	1
#53B400	6.708	1962	Ecuador	54	Ecuador	Latin America & Caribbean	1
#53B400	6.695	1963	Ecuador	54	Ecuador	Latin America & Caribbean	1
#53B400	6.672	1964	Ecuador	54	Ecuador	Latin America & Caribbean	1
#53B400	6.639	1965	Ecuador	54	Ecuador	Latin America & Caribbean	1
#53B400	6.592	1966	Ecuador	54	Ecuador	Latin America & Caribbean	1
#53B400	6.532	1967	Ecuador	54	Ecuador	Latin America & Caribbean	1
#53B400	6.46	1968	Ecuador	54	Ecuador	Latin America & Caribbean	1
#53B400	6.376	1969	Ecuador	54	Ecuador	Latin America & Caribbean	1
#53B400	6.282	1970	Ecuador	54	Ecuador	Latin America & Caribbean	1
#53B400	6.179	1971	Ecuador	54	Ecuador	Latin America & Caribbean	1
#53B400	6.07	1972	Ecuador	54	Ecuador	Latin America & Caribbean	1
#53B400	5.955	1973	Ecuador	54	Ecuador	Latin America & Caribbean	1
#53B400	5.838	1974	Ecuador	54	Ecuador	Latin America & Caribbean	1
#53B400	5.717	1975	Ecuador	54	Ecuador	Latin America & Caribbean	1
#53B400	5.594	1976	Ecuador	54	Ecuador	Latin America & Caribbean	1
#53B400	5.466	1977	Ecuador	54	Ecuador	Latin America & Caribbean	1
#53B400	5.334	1978	Ecuador	54	Ecuador	Latin America & Caribbean	1
#53B400	5.198	1979	Ecuador	54	Ecuador	Latin America & Caribbean	1
#53B400	5.059	1980	Ecuador	54	Ecuador	Latin America & Caribbean	1
#53B400	4.917	1981	Ecuador	54	Ecuador	Latin America & Caribbean	1
#53B400	4.773	1982	Ecuador	54	Ecuador	Latin America & Caribbean	1
#53B400	4.629	1983	Ecuador	54	Ecuador	Latin America & Caribbean	1
#53B400	4.485	1984	Ecuador	54	Ecuador	Latin America & Caribbean	1
#53B400	4.342	1985	Ecuador	54	Ecuador	Latin America & Caribbean	1
#53B400	4.201	1986	Ecuador	54	Ecuador	Latin America & Caribbean	1
#53B400	4.061	1987	Ecuador	54	Ecuador	Latin America & Caribbean	1
#53B400	3.925	1988	Ecuador	54	Ecuador	Latin America & Caribbean	1
#53B400	3.793	1989	Ecuador	54	Ecuador	Latin America & Caribbean	1
#53B400	3.67	1990	Ecuador	54	Ecuador	Latin America & Caribbean	1
#53B400	3.557	1991	Ecuador	54	Ecuador	Latin America & Caribbean	1
#53B400	3.456	1992	Ecuador	54	Ecuador	Latin America & Caribbean	1
#53B400	3.368	1993	Ecuador	54	Ecuador	Latin America & Caribbean	1
#53B400	3.292	1994	Ecuador	54	Ecuador	Latin America & Caribbean	1
#53B400	3.226	1995	Ecuador	54	Ecuador	Latin America & Caribbean	1
#53B400	3.167	1996	Ecuador	54	Ecuador	Latin America & Caribbean	1
#53B400	3.113	1997	Ecuador	54	Ecuador	Latin America & Caribbean	1
#53B400	3.06	1998	Ecuador	54	Ecuador	Latin America & Caribbean	1
#53B400	3.007	1999	Ecuador	54	Ecuador	Latin America & Caribbean	1
#53B400	2.953	2000	Ecuador	54	Ecuador	Latin America & Caribbean	1
#53B400	2.898	2001	Ecuador	54	Ecuador	Latin America & Caribbean	1
#53B400	2.844	2002	Ecuador	54	Ecuador	Latin America & Caribbean	1
#53B400	2.791	2003	Ecuador	54	Ecuador	Latin America & Caribbean	1
#53B400	2.739	2004	Ecuador	54	Ecuador	Latin America & Caribbean	1
#53B400	2.69	2005	Ecuador	54	Ecuador	Latin America & Caribbean	1
#53B400	2.644	2006	Ecuador	54	Ecuador	Latin America & Caribbean	1
#53B400	2.599	2007	Ecuador	54	Ecuador	Latin America & Caribbean	1
#53B400	2.557	2008	Ecuador	54	Ecuador	Latin America & Caribbean	1
#53B400	2.517	2009	Ecuador	54	Ecuador	Latin America & Caribbean	1
#53B400	2.479	2010	Ecuador	54	Ecuador	Latin America & Caribbean	1
#53B400	2.443	2011	Ecuador	54	Ecuador	Latin America & Caribbean	1
#C49A00	1.96	1960	Estonia	59	Estonia	Europe & Central Asia	1
#C49A00	1.97	1961	Estonia	59	Estonia	Europe & Central Asia	1
#C49A00	1.96	1962	Estonia	59	Estonia	Europe & Central Asia	1
#C49A00	1.94	1963	Estonia	59	Estonia	Europe & Central Asia	1
#C49A00	1.94	1964	Estonia	59	Estonia	Europe & Central Asia	1
#C49A00	1.93	1965	Estonia	59	Estonia	Europe & Central Asia	1
#C49A00	1.92	1966	Estonia	59	Estonia	Europe & Central Asia	1
#C49A00	1.95	1967	Estonia	59	Estonia	Europe & Central Asia	1
#C49A00	2.03	1968	Estonia	59	Estonia	Europe & Central Asia	1
#C49A00	2.11	1969	Estonia	59	Estonia	Europe & Central Asia	1
#C49A00	2.16	1970	Estonia	59	Estonia	Europe & Central Asia	1
#C49A00	2.18	1971	Estonia	59	Estonia	Europe & Central Asia	1
#C49A00	2.16	1972	Estonia	59	Estonia	Europe & Central Asia	1
#C49A00	2.13	1973	Estonia	59	Estonia	Europe & Central Asia	1
#C49A00	2.1	1974	Estonia	59	Estonia	Europe & Central Asia	1
#C49A00	2.08	1975	Estonia	59	Estonia	Europe & Central Asia	1
#C49A00	2.09	1976	Estonia	59	Estonia	Europe & Central Asia	1
#C49A00	2.08	1977	Estonia	59	Estonia	Europe & Central Asia	1
#C49A00	2.04	1978	Estonia	59	Estonia	Europe & Central Asia	1
#C49A00	2.009	1979	Estonia	59	Estonia	Europe & Central Asia	1
#C49A00	2.02	1980	Estonia	59	Estonia	Europe & Central Asia	1
#C49A00	2.07	1981	Estonia	59	Estonia	Europe & Central Asia	1
#C49A00	2.08	1982	Estonia	59	Estonia	Europe & Central Asia	1
#C49A00	2.16	1983	Estonia	59	Estonia	Europe & Central Asia	1
#C49A00	2.17	1984	Estonia	59	Estonia	Europe & Central Asia	1
#C49A00	2.12	1985	Estonia	59	Estonia	Europe & Central Asia	1
#C49A00	2.17	1986	Estonia	59	Estonia	Europe & Central Asia	1
#C49A00	2.26	1987	Estonia	59	Estonia	Europe & Central Asia	1
#C49A00	2.26	1988	Estonia	59	Estonia	Europe & Central Asia	1
#C49A00	2.21	1989	Estonia	59	Estonia	Europe & Central Asia	1
#C49A00	2.04	1990	Estonia	59	Estonia	Europe & Central Asia	1
#C49A00	1.77	1991	Estonia	59	Estonia	Europe & Central Asia	1
#C49A00	1.69	1992	Estonia	59	Estonia	Europe & Central Asia	1
#C49A00	1.45	1993	Estonia	59	Estonia	Europe & Central Asia	1
#C49A00	1.37	1994	Estonia	59	Estonia	Europe & Central Asia	1
#C49A00	1.32	1995	Estonia	59	Estonia	Europe & Central Asia	1
#C49A00	1.335	1996	Estonia	59	Estonia	Europe & Central Asia	1
#C49A00	1.24	1997	Estonia	59	Estonia	Europe & Central Asia	1
#C49A00	1.28	1998	Estonia	59	Estonia	Europe & Central Asia	1
#C49A00	1.32	1999	Estonia	59	Estonia	Europe & Central Asia	1
#C49A00	1.38	2000	Estonia	59	Estonia	Europe & Central Asia	1
#C49A00	1.34	2001	Estonia	59	Estonia	Europe & Central Asia	1
#C49A00	1.37	2002	Estonia	59	Estonia	Europe & Central Asia	1
#C49A00	1.37	2003	Estonia	59	Estonia	Europe & Central Asia	1
#C49A00	1.47	2004	Estonia	59	Estonia	Europe & Central Asia	1
#C49A00	1.5	2005	Estonia	59	Estonia	Europe & Central Asia	1
#C49A00	1.55	2006	Estonia	59	Estonia	Europe & Central Asia	1
#C49A00	1.63	2007	Estonia	59	Estonia	Europe & Central Asia	1
#C49A00	1.65	2008	Estonia	59	Estonia	Europe & Central Asia	1
#C49A00	1.62	2009	Estonia	59	Estonia	Europe & Central Asia	1
#C49A00	1.63	2010	Estonia	59	Estonia	Europe & Central Asia	1
#C49A00	1.52	2011	Estonia	59	Estonia	Europe & Central Asia	1
#00C094	6.65	1960	Egypt, Arab Rep.	55	Egypt, Arab Rep.	Middle East & North Africa	1
#00C094	6.623	1961	Egypt, Arab Rep.	55	Egypt, Arab Rep.	Middle East & North Africa	1
#00C094	6.584	1962	Egypt, Arab Rep.	55	Egypt, Arab Rep.	Middle East & North Africa	1
#00C094	6.534	1963	Egypt, Arab Rep.	55	Egypt, Arab Rep.	Middle East & North Africa	1
#00C094	6.475	1964	Egypt, Arab Rep.	55	Egypt, Arab Rep.	Middle East & North Africa	1
#00C094	6.406	1965	Egypt, Arab Rep.	55	Egypt, Arab Rep.	Middle East & North Africa	1
#00C094	6.327	1966	Egypt, Arab Rep.	55	Egypt, Arab Rep.	Middle East & North Africa	1
#00C094	6.238	1967	Egypt, Arab Rep.	55	Egypt, Arab Rep.	Middle East & North Africa	1
#00C094	6.141	1968	Egypt, Arab Rep.	55	Egypt, Arab Rep.	Middle East & North Africa	1
#00C094	6.04	1969	Egypt, Arab Rep.	55	Egypt, Arab Rep.	Middle East & North Africa	1
#00C094	5.94	1970	Egypt, Arab Rep.	55	Egypt, Arab Rep.	Middle East & North Africa	1
#00C094	5.846	1971	Egypt, Arab Rep.	55	Egypt, Arab Rep.	Middle East & North Africa	1
#00C094	5.763	1972	Egypt, Arab Rep.	55	Egypt, Arab Rep.	Middle East & North Africa	1
#00C094	5.692	1973	Egypt, Arab Rep.	55	Egypt, Arab Rep.	Middle East & North Africa	1
#00C094	5.633	1974	Egypt, Arab Rep.	55	Egypt, Arab Rep.	Middle East & North Africa	1
#00C094	5.585	1975	Egypt, Arab Rep.	55	Egypt, Arab Rep.	Middle East & North Africa	1
#00C094	5.545	1976	Egypt, Arab Rep.	55	Egypt, Arab Rep.	Middle East & North Africa	1
#00C094	5.507	1977	Egypt, Arab Rep.	55	Egypt, Arab Rep.	Middle East & North Africa	1
#00C094	5.465	1978	Egypt, Arab Rep.	55	Egypt, Arab Rep.	Middle East & North Africa	1
#00C094	5.418	1979	Egypt, Arab Rep.	55	Egypt, Arab Rep.	Middle East & North Africa	1
#00C094	5.366	1980	Egypt, Arab Rep.	55	Egypt, Arab Rep.	Middle East & North Africa	1
#00C094	5.31	1981	Egypt, Arab Rep.	55	Egypt, Arab Rep.	Middle East & North Africa	1
#00C094	5.251	1982	Egypt, Arab Rep.	55	Egypt, Arab Rep.	Middle East & North Africa	1
#00C094	5.189	1983	Egypt, Arab Rep.	55	Egypt, Arab Rep.	Middle East & North Africa	1
#00C094	5.123	1984	Egypt, Arab Rep.	55	Egypt, Arab Rep.	Middle East & North Africa	1
#00C094	5.045	1985	Egypt, Arab Rep.	55	Egypt, Arab Rep.	Middle East & North Africa	1
#00C094	4.947	1986	Egypt, Arab Rep.	55	Egypt, Arab Rep.	Middle East & North Africa	1
#00C094	4.827	1987	Egypt, Arab Rep.	55	Egypt, Arab Rep.	Middle East & North Africa	1
#00C094	4.684	1988	Egypt, Arab Rep.	55	Egypt, Arab Rep.	Middle East & North Africa	1
#00C094	4.522	1989	Egypt, Arab Rep.	55	Egypt, Arab Rep.	Middle East & North Africa	1
#00C094	4.35	1990	Egypt, Arab Rep.	55	Egypt, Arab Rep.	Middle East & North Africa	1
#00C094	4.179	1991	Egypt, Arab Rep.	55	Egypt, Arab Rep.	Middle East & North Africa	1
#00C094	4.018	1992	Egypt, Arab Rep.	55	Egypt, Arab Rep.	Middle East & North Africa	1
#00C094	3.876	1993	Egypt, Arab Rep.	55	Egypt, Arab Rep.	Middle East & North Africa	1
#00C094	3.757	1994	Egypt, Arab Rep.	55	Egypt, Arab Rep.	Middle East & North Africa	1
#00C094	3.659	1995	Egypt, Arab Rep.	55	Egypt, Arab Rep.	Middle East & North Africa	1
#00C094	3.58	1996	Egypt, Arab Rep.	55	Egypt, Arab Rep.	Middle East & North Africa	1
#00C094	3.512	1997	Egypt, Arab Rep.	55	Egypt, Arab Rep.	Middle East & North Africa	1
#00C094	3.447	1998	Egypt, Arab Rep.	55	Egypt, Arab Rep.	Middle East & North Africa	1
#00C094	3.382	1999	Egypt, Arab Rep.	55	Egypt, Arab Rep.	Middle East & North Africa	1
#00C094	3.315	2000	Egypt, Arab Rep.	55	Egypt, Arab Rep.	Middle East & North Africa	1
#00C094	3.247	2001	Egypt, Arab Rep.	55	Egypt, Arab Rep.	Middle East & North Africa	1
#00C094	3.18	2002	Egypt, Arab Rep.	55	Egypt, Arab Rep.	Middle East & North Africa	1
#00C094	3.114	2003	Egypt, Arab Rep.	55	Egypt, Arab Rep.	Middle East & North Africa	1
#00C094	3.05	2004	Egypt, Arab Rep.	55	Egypt, Arab Rep.	Middle East & North Africa	1
#00C094	2.989	2005	Egypt, Arab Rep.	55	Egypt, Arab Rep.	Middle East & North Africa	1
#00C094	2.931	2006	Egypt, Arab Rep.	55	Egypt, Arab Rep.	Middle East & North Africa	1
#00C094	2.877	2007	Egypt, Arab Rep.	55	Egypt, Arab Rep.	Middle East & North Africa	1
#00C094	2.825	2008	Egypt, Arab Rep.	55	Egypt, Arab Rep.	Middle East & North Africa	1
#00C094	2.778	2009	Egypt, Arab Rep.	55	Egypt, Arab Rep.	Middle East & North Africa	1
#00C094	2.733	2010	Egypt, Arab Rep.	55	Egypt, Arab Rep.	Middle East & North Africa	1
#00C094	2.691	2011	Egypt, Arab Rep.	55	Egypt, Arab Rep.	Middle East & North Africa	1
#FB61D7	6.899	1960	Eritrea	58	Eritrea	Sub-Saharan Africa	1
#FB61D7	6.87	1961	Eritrea	58	Eritrea	Sub-Saharan Africa	1
#FB61D7	6.84	1962	Eritrea	58	Eritrea	Sub-Saharan Africa	1
#FB61D7	6.812	1963	Eritrea	58	Eritrea	Sub-Saharan Africa	1
#FB61D7	6.785	1964	Eritrea	58	Eritrea	Sub-Saharan Africa	1
#FB61D7	6.759	1965	Eritrea	58	Eritrea	Sub-Saharan Africa	1
#FB61D7	6.733	1966	Eritrea	58	Eritrea	Sub-Saharan Africa	1
#FB61D7	6.703	1967	Eritrea	58	Eritrea	Sub-Saharan Africa	1
#FB61D7	6.671	1968	Eritrea	58	Eritrea	Sub-Saharan Africa	1
#FB61D7	6.637	1969	Eritrea	58	Eritrea	Sub-Saharan Africa	1
#FB61D7	6.602	1970	Eritrea	58	Eritrea	Sub-Saharan Africa	1
#FB61D7	6.569	1971	Eritrea	58	Eritrea	Sub-Saharan Africa	1
#FB61D7	6.542	1972	Eritrea	58	Eritrea	Sub-Saharan Africa	1
#FB61D7	6.52	1973	Eritrea	58	Eritrea	Sub-Saharan Africa	1
#FB61D7	6.505	1974	Eritrea	58	Eritrea	Sub-Saharan Africa	1
#FB61D7	6.497	1975	Eritrea	58	Eritrea	Sub-Saharan Africa	1
#FB61D7	6.496	1976	Eritrea	58	Eritrea	Sub-Saharan Africa	1
#FB61D7	6.5	1977	Eritrea	58	Eritrea	Sub-Saharan Africa	1
#FB61D7	6.505	1978	Eritrea	58	Eritrea	Sub-Saharan Africa	1
#FB61D7	6.51	1979	Eritrea	58	Eritrea	Sub-Saharan Africa	1
#FB61D7	6.513	1980	Eritrea	58	Eritrea	Sub-Saharan Africa	1
#FB61D7	6.509	1981	Eritrea	58	Eritrea	Sub-Saharan Africa	1
#FB61D7	6.499	1982	Eritrea	58	Eritrea	Sub-Saharan Africa	1
#FB61D7	6.481	1983	Eritrea	58	Eritrea	Sub-Saharan Africa	1
#FB61D7	6.456	1984	Eritrea	58	Eritrea	Sub-Saharan Africa	1
#FB61D7	6.423	1985	Eritrea	58	Eritrea	Sub-Saharan Africa	1
#FB61D7	6.386	1986	Eritrea	58	Eritrea	Sub-Saharan Africa	1
#FB61D7	6.345	1987	Eritrea	58	Eritrea	Sub-Saharan Africa	1
#FB61D7	6.304	1988	Eritrea	58	Eritrea	Sub-Saharan Africa	1
#FB61D7	6.26	1989	Eritrea	58	Eritrea	Sub-Saharan Africa	1
#FB61D7	6.215	1990	Eritrea	58	Eritrea	Sub-Saharan Africa	1
#FB61D7	6.164	1991	Eritrea	58	Eritrea	Sub-Saharan Africa	1
#FB61D7	6.107	1992	Eritrea	58	Eritrea	Sub-Saharan Africa	1
#FB61D7	6.042	1993	Eritrea	58	Eritrea	Sub-Saharan Africa	1
#FB61D7	5.97	1994	Eritrea	58	Eritrea	Sub-Saharan Africa	1
#FB61D7	5.889	1995	Eritrea	58	Eritrea	Sub-Saharan Africa	1
#FB61D7	5.803	1996	Eritrea	58	Eritrea	Sub-Saharan Africa	1
#FB61D7	5.713	1997	Eritrea	58	Eritrea	Sub-Saharan Africa	1
#FB61D7	5.62	1998	Eritrea	58	Eritrea	Sub-Saharan Africa	1
#FB61D7	5.526	1999	Eritrea	58	Eritrea	Sub-Saharan Africa	1
#FB61D7	5.43	2000	Eritrea	58	Eritrea	Sub-Saharan Africa	1
#FB61D7	5.334	2001	Eritrea	58	Eritrea	Sub-Saharan Africa	1
#FB61D7	5.235	2002	Eritrea	58	Eritrea	Sub-Saharan Africa	1
#FB61D7	5.135	2003	Eritrea	58	Eritrea	Sub-Saharan Africa	1
#FB61D7	5.033	2004	Eritrea	58	Eritrea	Sub-Saharan Africa	1
#FB61D7	4.931	2005	Eritrea	58	Eritrea	Sub-Saharan Africa	1
#FB61D7	4.831	2006	Eritrea	58	Eritrea	Sub-Saharan Africa	1
#FB61D7	4.732	2007	Eritrea	58	Eritrea	Sub-Saharan Africa	1
#FB61D7	4.636	2008	Eritrea	58	Eritrea	Sub-Saharan Africa	1
#FB61D7	4.543	2009	Eritrea	58	Eritrea	Sub-Saharan Africa	1
#FB61D7	4.453	2010	Eritrea	58	Eritrea	Sub-Saharan Africa	1
#FB61D7	4.366	2011	Eritrea	58	Eritrea	Sub-Saharan Africa	1
#C49A00	2.862	1960	Spain	168	Spain	Europe & Central Asia	1
#C49A00	2.765	1961	Spain	168	Spain	Europe & Central Asia	1
#C49A00	2.796	1962	Spain	168	Spain	Europe & Central Asia	1
#C49A00	2.875	1963	Spain	168	Spain	Europe & Central Asia	1
#C49A00	3.011	1964	Spain	168	Spain	Europe & Central Asia	1
#C49A00	2.937	1965	Spain	168	Spain	Europe & Central Asia	1
#C49A00	2.912	1966	Spain	168	Spain	Europe & Central Asia	1
#C49A00	2.939	1967	Spain	168	Spain	Europe & Central Asia	1
#C49A00	2.87	1968	Spain	168	Spain	Europe & Central Asia	1
#C49A00	2.858	1969	Spain	168	Spain	Europe & Central Asia	1
#C49A00	2.836	1970	Spain	168	Spain	Europe & Central Asia	1
#C49A00	2.859	1971	Spain	168	Spain	Europe & Central Asia	1
#C49A00	2.842	1972	Spain	168	Spain	Europe & Central Asia	1
#C49A00	2.823	1973	Spain	168	Spain	Europe & Central Asia	1
#C49A00	2.866	1974	Spain	168	Spain	Europe & Central Asia	1
#C49A00	2.788	1975	Spain	168	Spain	Europe & Central Asia	1
#C49A00	2.786	1976	Spain	168	Spain	Europe & Central Asia	1
#C49A00	2.649	1977	Spain	168	Spain	Europe & Central Asia	1
#C49A00	2.524	1978	Spain	168	Spain	Europe & Central Asia	1
#C49A00	2.341	1979	Spain	168	Spain	Europe & Central Asia	1
#C49A00	2.217	1980	Spain	168	Spain	Europe & Central Asia	1
#C49A00	2.031	1981	Spain	168	Spain	Europe & Central Asia	1
#C49A00	1.936	1982	Spain	168	Spain	Europe & Central Asia	1
#C49A00	1.792	1983	Spain	168	Spain	Europe & Central Asia	1
#C49A00	1.72	1984	Spain	168	Spain	Europe & Central Asia	1
#C49A00	1.63	1985	Spain	168	Spain	Europe & Central Asia	1
#C49A00	1.6	1986	Spain	168	Spain	Europe & Central Asia	1
#C49A00	1.47	1987	Spain	168	Spain	Europe & Central Asia	1
#C49A00	1.42	1988	Spain	168	Spain	Europe & Central Asia	1
#C49A00	1.36	1989	Spain	168	Spain	Europe & Central Asia	1
#C49A00	1.33	1990	Spain	168	Spain	Europe & Central Asia	1
#C49A00	1.31	1991	Spain	168	Spain	Europe & Central Asia	1
#C49A00	1.32	1992	Spain	168	Spain	Europe & Central Asia	1
#C49A00	1.27	1993	Spain	168	Spain	Europe & Central Asia	1
#C49A00	1.2	1994	Spain	168	Spain	Europe & Central Asia	1
#C49A00	1.18	1995	Spain	168	Spain	Europe & Central Asia	1
#C49A00	1.15	1996	Spain	168	Spain	Europe & Central Asia	1
#C49A00	1.15	1997	Spain	168	Spain	Europe & Central Asia	1
#C49A00	1.16	1998	Spain	168	Spain	Europe & Central Asia	1
#C49A00	1.19	1999	Spain	168	Spain	Europe & Central Asia	1
#C49A00	1.23	2000	Spain	168	Spain	Europe & Central Asia	1
#C49A00	1.24	2001	Spain	168	Spain	Europe & Central Asia	1
#C49A00	1.26	2002	Spain	168	Spain	Europe & Central Asia	1
#C49A00	1.31	2003	Spain	168	Spain	Europe & Central Asia	1
#C49A00	1.32	2004	Spain	168	Spain	Europe & Central Asia	1
#C49A00	1.34	2005	Spain	168	Spain	Europe & Central Asia	1
#C49A00	1.37	2006	Spain	168	Spain	Europe & Central Asia	1
#C49A00	1.39	2007	Spain	168	Spain	Europe & Central Asia	1
#C49A00	1.46	2008	Spain	168	Spain	Europe & Central Asia	1
#C49A00	1.39	2009	Spain	168	Spain	Europe & Central Asia	1
#C49A00	1.38	2010	Spain	168	Spain	Europe & Central Asia	1
#C49A00	1.36	2011	Spain	168	Spain	Europe & Central Asia	1
#FB61D7	6.881	1960	Ethiopia	60	Ethiopia	Sub-Saharan Africa	1
#FB61D7	6.881	1961	Ethiopia	60	Ethiopia	Sub-Saharan Africa	1
#FB61D7	6.885	1962	Ethiopia	60	Ethiopia	Sub-Saharan Africa	1
#FB61D7	6.888	1963	Ethiopia	60	Ethiopia	Sub-Saharan Africa	1
#FB61D7	6.889	1964	Ethiopia	60	Ethiopia	Sub-Saharan Africa	1
#FB61D7	6.886	1965	Ethiopia	60	Ethiopia	Sub-Saharan Africa	1
#FB61D7	6.881	1966	Ethiopia	60	Ethiopia	Sub-Saharan Africa	1
#FB61D7	6.872	1967	Ethiopia	60	Ethiopia	Sub-Saharan Africa	1
#FB61D7	6.863	1968	Ethiopia	60	Ethiopia	Sub-Saharan Africa	1
#FB61D7	6.852	1969	Ethiopia	60	Ethiopia	Sub-Saharan Africa	1
#FB61D7	6.84	1970	Ethiopia	60	Ethiopia	Sub-Saharan Africa	1
#FB61D7	6.825	1971	Ethiopia	60	Ethiopia	Sub-Saharan Africa	1
#FB61D7	6.81	1972	Ethiopia	60	Ethiopia	Sub-Saharan Africa	1
#FB61D7	6.794	1973	Ethiopia	60	Ethiopia	Sub-Saharan Africa	1
#FB61D7	6.78	1974	Ethiopia	60	Ethiopia	Sub-Saharan Africa	1
#FB61D7	6.769	1975	Ethiopia	60	Ethiopia	Sub-Saharan Africa	1
#FB61D7	6.766	1976	Ethiopia	60	Ethiopia	Sub-Saharan Africa	1
#FB61D7	6.771	1977	Ethiopia	60	Ethiopia	Sub-Saharan Africa	1
#FB61D7	6.785	1978	Ethiopia	60	Ethiopia	Sub-Saharan Africa	1
#FB61D7	6.807	1979	Ethiopia	60	Ethiopia	Sub-Saharan Africa	1
#FB61D7	6.837	1980	Ethiopia	60	Ethiopia	Sub-Saharan Africa	1
#FB61D7	6.873	1981	Ethiopia	60	Ethiopia	Sub-Saharan Africa	1
#FB61D7	6.912	1982	Ethiopia	60	Ethiopia	Sub-Saharan Africa	1
#FB61D7	6.95	1983	Ethiopia	60	Ethiopia	Sub-Saharan Africa	1
#FB61D7	6.984	1984	Ethiopia	60	Ethiopia	Sub-Saharan Africa	1
#FB61D7	7.014	1985	Ethiopia	60	Ethiopia	Sub-Saharan Africa	1
#FB61D7	7.04	1986	Ethiopia	60	Ethiopia	Sub-Saharan Africa	1
#FB61D7	7.061	1987	Ethiopia	60	Ethiopia	Sub-Saharan Africa	1
#FB61D7	7.076	1988	Ethiopia	60	Ethiopia	Sub-Saharan Africa	1
#FB61D7	7.083	1989	Ethiopia	60	Ethiopia	Sub-Saharan Africa	1
#FB61D7	7.078	1990	Ethiopia	60	Ethiopia	Sub-Saharan Africa	1
#FB61D7	7.059	1991	Ethiopia	60	Ethiopia	Sub-Saharan Africa	1
#FB61D7	7.024	1992	Ethiopia	60	Ethiopia	Sub-Saharan Africa	1
#FB61D7	6.97	1993	Ethiopia	60	Ethiopia	Sub-Saharan Africa	1
#FB61D7	6.898	1994	Ethiopia	60	Ethiopia	Sub-Saharan Africa	1
#FB61D7	6.805	1995	Ethiopia	60	Ethiopia	Sub-Saharan Africa	1
#FB61D7	6.693	1996	Ethiopia	60	Ethiopia	Sub-Saharan Africa	1
#FB61D7	6.561	1997	Ethiopia	60	Ethiopia	Sub-Saharan Africa	1
#FB61D7	6.414	1998	Ethiopia	60	Ethiopia	Sub-Saharan Africa	1
#FB61D7	6.253	1999	Ethiopia	60	Ethiopia	Sub-Saharan Africa	1
#FB61D7	6.08	2000	Ethiopia	60	Ethiopia	Sub-Saharan Africa	1
#FB61D7	5.894	2001	Ethiopia	60	Ethiopia	Sub-Saharan Africa	1
#FB61D7	5.699	2002	Ethiopia	60	Ethiopia	Sub-Saharan Africa	1
#FB61D7	5.498	2003	Ethiopia	60	Ethiopia	Sub-Saharan Africa	1
#FB61D7	5.294	2004	Ethiopia	60	Ethiopia	Sub-Saharan Africa	1
#FB61D7	5.091	2005	Ethiopia	60	Ethiopia	Sub-Saharan Africa	1
#FB61D7	4.893	2006	Ethiopia	60	Ethiopia	Sub-Saharan Africa	1
#FB61D7	4.703	2007	Ethiopia	60	Ethiopia	Sub-Saharan Africa	1
#FB61D7	4.522	2008	Ethiopia	60	Ethiopia	Sub-Saharan Africa	1
#FB61D7	4.352	2009	Ethiopia	60	Ethiopia	Sub-Saharan Africa	1
#FB61D7	4.193	2010	Ethiopia	60	Ethiopia	Sub-Saharan Africa	1
#FB61D7	4.045	2011	Ethiopia	60	Ethiopia	Sub-Saharan Africa	1
#C49A00	2.714	1960	Finland	62	Finland	Europe & Central Asia	1
#C49A00	2.689	1961	Finland	62	Finland	Europe & Central Asia	1
#C49A00	2.637	1962	Finland	62	Finland	Europe & Central Asia	1
#C49A00	2.637	1963	Finland	62	Finland	Europe & Central Asia	1
#C49A00	2.533	1964	Finland	62	Finland	Europe & Central Asia	1
#C49A00	2.398	1965	Finland	62	Finland	Europe & Central Asia	1
#C49A00	2.324	1966	Finland	62	Finland	Europe & Central Asia	1
#C49A00	2.24	1967	Finland	62	Finland	Europe & Central Asia	1
#C49A00	2.068	1968	Finland	62	Finland	Europe & Central Asia	1
#C49A00	1.851	1969	Finland	62	Finland	Europe & Central Asia	1
#C49A00	1.828	1970	Finland	62	Finland	Europe & Central Asia	1
#C49A00	1.703	1971	Finland	62	Finland	Europe & Central Asia	1
#C49A00	1.593	1972	Finland	62	Finland	Europe & Central Asia	1
#C49A00	1.504	1973	Finland	62	Finland	Europe & Central Asia	1
#C49A00	1.625	1974	Finland	62	Finland	Europe & Central Asia	1
#C49A00	1.688	1975	Finland	62	Finland	Europe & Central Asia	1
#C49A00	1.72	1976	Finland	62	Finland	Europe & Central Asia	1
#C49A00	1.69	1977	Finland	62	Finland	Europe & Central Asia	1
#C49A00	1.652	1978	Finland	62	Finland	Europe & Central Asia	1
#C49A00	1.642	1979	Finland	62	Finland	Europe & Central Asia	1
#C49A00	1.63	1980	Finland	62	Finland	Europe & Central Asia	1
#C49A00	1.65	1981	Finland	62	Finland	Europe & Central Asia	1
#C49A00	1.72	1982	Finland	62	Finland	Europe & Central Asia	1
#C49A00	1.74	1983	Finland	62	Finland	Europe & Central Asia	1
#C49A00	1.7	1984	Finland	62	Finland	Europe & Central Asia	1
#C49A00	1.64	1985	Finland	62	Finland	Europe & Central Asia	1
#C49A00	1.6	1986	Finland	62	Finland	Europe & Central Asia	1
#C49A00	1.59	1987	Finland	62	Finland	Europe & Central Asia	1
#C49A00	1.7	1988	Finland	62	Finland	Europe & Central Asia	1
#C49A00	1.71	1989	Finland	62	Finland	Europe & Central Asia	1
#C49A00	1.78	1990	Finland	62	Finland	Europe & Central Asia	1
#C49A00	1.8	1991	Finland	62	Finland	Europe & Central Asia	1
#C49A00	1.85	1992	Finland	62	Finland	Europe & Central Asia	1
#C49A00	1.81	1993	Finland	62	Finland	Europe & Central Asia	1
#C49A00	1.85	1994	Finland	62	Finland	Europe & Central Asia	1
#C49A00	1.81	1995	Finland	62	Finland	Europe & Central Asia	1
#C49A00	1.76	1996	Finland	62	Finland	Europe & Central Asia	1
#C49A00	1.75	1997	Finland	62	Finland	Europe & Central Asia	1
#C49A00	1.7	1998	Finland	62	Finland	Europe & Central Asia	1
#C49A00	1.73	1999	Finland	62	Finland	Europe & Central Asia	1
#C49A00	1.73	2000	Finland	62	Finland	Europe & Central Asia	1
#C49A00	1.73	2001	Finland	62	Finland	Europe & Central Asia	1
#C49A00	1.72	2002	Finland	62	Finland	Europe & Central Asia	1
#C49A00	1.76	2003	Finland	62	Finland	Europe & Central Asia	1
#C49A00	1.8	2004	Finland	62	Finland	Europe & Central Asia	1
#C49A00	1.8	2005	Finland	62	Finland	Europe & Central Asia	1
#C49A00	1.84	2006	Finland	62	Finland	Europe & Central Asia	1
#C49A00	1.83	2007	Finland	62	Finland	Europe & Central Asia	1
#C49A00	1.85	2008	Finland	62	Finland	Europe & Central Asia	1
#C49A00	1.86	2009	Finland	62	Finland	Europe & Central Asia	1
#C49A00	1.87	2010	Finland	62	Finland	Europe & Central Asia	1
#C49A00	1.83	2011	Finland	62	Finland	Europe & Central Asia	1
#F8766D	6.461	1960	Fiji	61	Fiji	East Asia & Pacific	1
#F8766D	6.281	1961	Fiji	61	Fiji	East Asia & Pacific	1
#F8766D	6.085	1962	Fiji	61	Fiji	East Asia & Pacific	1
#F8766D	5.881	1963	Fiji	61	Fiji	East Asia & Pacific	1
#F8766D	5.676	1964	Fiji	61	Fiji	East Asia & Pacific	1
#F8766D	5.475	1965	Fiji	61	Fiji	East Asia & Pacific	1
#F8766D	5.278	1966	Fiji	61	Fiji	East Asia & Pacific	1
#F8766D	5.083	1967	Fiji	61	Fiji	East Asia & Pacific	1
#F8766D	4.892	1968	Fiji	61	Fiji	East Asia & Pacific	1
#F8766D	4.71	1969	Fiji	61	Fiji	East Asia & Pacific	1
#F8766D	4.543	1970	Fiji	61	Fiji	East Asia & Pacific	1
#F8766D	4.397	1971	Fiji	61	Fiji	East Asia & Pacific	1
#F8766D	4.275	1972	Fiji	61	Fiji	East Asia & Pacific	1
#F8766D	4.178	1973	Fiji	61	Fiji	East Asia & Pacific	1
#F8766D	4.106	1974	Fiji	61	Fiji	East Asia & Pacific	1
#F8766D	4.054	1975	Fiji	61	Fiji	East Asia & Pacific	1
#F8766D	4.018	1976	Fiji	61	Fiji	East Asia & Pacific	1
#F8766D	3.992	1977	Fiji	61	Fiji	East Asia & Pacific	1
#F8766D	3.968	1978	Fiji	61	Fiji	East Asia & Pacific	1
#F8766D	3.941	1979	Fiji	61	Fiji	East Asia & Pacific	1
#F8766D	3.907	1980	Fiji	61	Fiji	East Asia & Pacific	1
#F8766D	3.864	1981	Fiji	61	Fiji	East Asia & Pacific	1
#F8766D	3.813	1982	Fiji	61	Fiji	East Asia & Pacific	1
#F8766D	3.755	1983	Fiji	61	Fiji	East Asia & Pacific	1
#F8766D	3.693	1984	Fiji	61	Fiji	East Asia & Pacific	1
#F8766D	3.629	1985	Fiji	61	Fiji	East Asia & Pacific	1
#F8766D	3.568	1986	Fiji	61	Fiji	East Asia & Pacific	1
#F8766D	3.512	1987	Fiji	61	Fiji	East Asia & Pacific	1
#F8766D	3.465	1988	Fiji	61	Fiji	East Asia & Pacific	1
#F8766D	3.427	1989	Fiji	61	Fiji	East Asia & Pacific	1
#F8766D	3.398	1990	Fiji	61	Fiji	East Asia & Pacific	1
#F8766D	3.374	1991	Fiji	61	Fiji	East Asia & Pacific	1
#F8766D	3.352	1992	Fiji	61	Fiji	East Asia & Pacific	1
#F8766D	3.33	1993	Fiji	61	Fiji	East Asia & Pacific	1
#F8766D	3.305	1994	Fiji	61	Fiji	East Asia & Pacific	1
#F8766D	3.276	1995	Fiji	61	Fiji	East Asia & Pacific	1
#F8766D	3.244	1996	Fiji	61	Fiji	East Asia & Pacific	1
#F8766D	3.209	1997	Fiji	61	Fiji	East Asia & Pacific	1
#F8766D	3.171	1998	Fiji	61	Fiji	East Asia & Pacific	1
#F8766D	3.132	1999	Fiji	61	Fiji	East Asia & Pacific	1
#F8766D	3.09	2000	Fiji	61	Fiji	East Asia & Pacific	1
#F8766D	3.047	2001	Fiji	61	Fiji	East Asia & Pacific	1
#F8766D	3.001	2002	Fiji	61	Fiji	East Asia & Pacific	1
#F8766D	2.954	2003	Fiji	61	Fiji	East Asia & Pacific	1
#F8766D	2.907	2004	Fiji	61	Fiji	East Asia & Pacific	1
#F8766D	2.86	2005	Fiji	61	Fiji	East Asia & Pacific	1
#F8766D	2.816	2006	Fiji	61	Fiji	East Asia & Pacific	1
#F8766D	2.774	2007	Fiji	61	Fiji	East Asia & Pacific	1
#F8766D	2.735	2008	Fiji	61	Fiji	East Asia & Pacific	1
#F8766D	2.7	2009	Fiji	61	Fiji	East Asia & Pacific	1
#F8766D	2.668	2010	Fiji	61	Fiji	East Asia & Pacific	1
#F8766D	2.639	2011	Fiji	61	Fiji	East Asia & Pacific	1
#F8766D	6.934	1960	Micronesia, Fed. Sts.	122	Micronesia, Fed. Sts.	East Asia & Pacific	1
#F8766D	6.917	1961	Micronesia, Fed. Sts.	122	Micronesia, Fed. Sts.	East Asia & Pacific	1
#F8766D	6.905	1962	Micronesia, Fed. Sts.	122	Micronesia, Fed. Sts.	East Asia & Pacific	1
#F8766D	6.897	1963	Micronesia, Fed. Sts.	122	Micronesia, Fed. Sts.	East Asia & Pacific	1
#F8766D	6.893	1964	Micronesia, Fed. Sts.	122	Micronesia, Fed. Sts.	East Asia & Pacific	1
#F8766D	6.894	1965	Micronesia, Fed. Sts.	122	Micronesia, Fed. Sts.	East Asia & Pacific	1
#F8766D	6.9	1966	Micronesia, Fed. Sts.	122	Micronesia, Fed. Sts.	East Asia & Pacific	1
#F8766D	6.911	1967	Micronesia, Fed. Sts.	122	Micronesia, Fed. Sts.	East Asia & Pacific	1
#F8766D	6.924	1968	Micronesia, Fed. Sts.	122	Micronesia, Fed. Sts.	East Asia & Pacific	1
#F8766D	6.935	1969	Micronesia, Fed. Sts.	122	Micronesia, Fed. Sts.	East Asia & Pacific	1
#F8766D	6.938	1970	Micronesia, Fed. Sts.	122	Micronesia, Fed. Sts.	East Asia & Pacific	1
#F8766D	6.925	1971	Micronesia, Fed. Sts.	122	Micronesia, Fed. Sts.	East Asia & Pacific	1
#F8766D	6.894	1972	Micronesia, Fed. Sts.	122	Micronesia, Fed. Sts.	East Asia & Pacific	1
#F8766D	6.842	1973	Micronesia, Fed. Sts.	122	Micronesia, Fed. Sts.	East Asia & Pacific	1
#F8766D	6.77	1974	Micronesia, Fed. Sts.	122	Micronesia, Fed. Sts.	East Asia & Pacific	1
#F8766D	6.682	1975	Micronesia, Fed. Sts.	122	Micronesia, Fed. Sts.	East Asia & Pacific	1
#F8766D	6.586	1976	Micronesia, Fed. Sts.	122	Micronesia, Fed. Sts.	East Asia & Pacific	1
#F8766D	6.49	1977	Micronesia, Fed. Sts.	122	Micronesia, Fed. Sts.	East Asia & Pacific	1
#F8766D	6.398	1978	Micronesia, Fed. Sts.	122	Micronesia, Fed. Sts.	East Asia & Pacific	1
#F8766D	6.311	1979	Micronesia, Fed. Sts.	122	Micronesia, Fed. Sts.	East Asia & Pacific	1
#F8766D	6.223	1980	Micronesia, Fed. Sts.	122	Micronesia, Fed. Sts.	East Asia & Pacific	1
#F8766D	6.129	1981	Micronesia, Fed. Sts.	122	Micronesia, Fed. Sts.	East Asia & Pacific	1
#F8766D	6.02	1982	Micronesia, Fed. Sts.	122	Micronesia, Fed. Sts.	East Asia & Pacific	1
#F8766D	5.894	1983	Micronesia, Fed. Sts.	122	Micronesia, Fed. Sts.	East Asia & Pacific	1
#F8766D	5.752	1984	Micronesia, Fed. Sts.	122	Micronesia, Fed. Sts.	East Asia & Pacific	1
#F8766D	5.6	1985	Micronesia, Fed. Sts.	122	Micronesia, Fed. Sts.	East Asia & Pacific	1
#F8766D	5.446	1986	Micronesia, Fed. Sts.	122	Micronesia, Fed. Sts.	East Asia & Pacific	1
#F8766D	5.299	1987	Micronesia, Fed. Sts.	122	Micronesia, Fed. Sts.	East Asia & Pacific	1
#F8766D	5.167	1988	Micronesia, Fed. Sts.	122	Micronesia, Fed. Sts.	East Asia & Pacific	1
#F8766D	5.052	1989	Micronesia, Fed. Sts.	122	Micronesia, Fed. Sts.	East Asia & Pacific	1
#F8766D	4.958	1990	Micronesia, Fed. Sts.	122	Micronesia, Fed. Sts.	East Asia & Pacific	1
#F8766D	4.882	1991	Micronesia, Fed. Sts.	122	Micronesia, Fed. Sts.	East Asia & Pacific	1
#F8766D	4.82	1992	Micronesia, Fed. Sts.	122	Micronesia, Fed. Sts.	East Asia & Pacific	1
#F8766D	4.766	1993	Micronesia, Fed. Sts.	122	Micronesia, Fed. Sts.	East Asia & Pacific	1
#F8766D	4.716	1994	Micronesia, Fed. Sts.	122	Micronesia, Fed. Sts.	East Asia & Pacific	1
#F8766D	4.664	1995	Micronesia, Fed. Sts.	122	Micronesia, Fed. Sts.	East Asia & Pacific	1
#F8766D	4.608	1996	Micronesia, Fed. Sts.	122	Micronesia, Fed. Sts.	East Asia & Pacific	1
#F8766D	4.544	1997	Micronesia, Fed. Sts.	122	Micronesia, Fed. Sts.	East Asia & Pacific	1
#F8766D	4.471	1998	Micronesia, Fed. Sts.	122	Micronesia, Fed. Sts.	East Asia & Pacific	1
#F8766D	4.39	1999	Micronesia, Fed. Sts.	122	Micronesia, Fed. Sts.	East Asia & Pacific	1
#F8766D	4.3	2000	Micronesia, Fed. Sts.	122	Micronesia, Fed. Sts.	East Asia & Pacific	1
#F8766D	4.204	2001	Micronesia, Fed. Sts.	122	Micronesia, Fed. Sts.	East Asia & Pacific	1
#F8766D	4.106	2002	Micronesia, Fed. Sts.	122	Micronesia, Fed. Sts.	East Asia & Pacific	1
#F8766D	4.008	2003	Micronesia, Fed. Sts.	122	Micronesia, Fed. Sts.	East Asia & Pacific	1
#F8766D	3.914	2004	Micronesia, Fed. Sts.	122	Micronesia, Fed. Sts.	East Asia & Pacific	1
#F8766D	3.824	2005	Micronesia, Fed. Sts.	122	Micronesia, Fed. Sts.	East Asia & Pacific	1
#F8766D	3.74	2006	Micronesia, Fed. Sts.	122	Micronesia, Fed. Sts.	East Asia & Pacific	1
#F8766D	3.661	2007	Micronesia, Fed. Sts.	122	Micronesia, Fed. Sts.	East Asia & Pacific	1
#F8766D	3.587	2008	Micronesia, Fed. Sts.	122	Micronesia, Fed. Sts.	East Asia & Pacific	1
#F8766D	3.517	2009	Micronesia, Fed. Sts.	122	Micronesia, Fed. Sts.	East Asia & Pacific	1
#F8766D	3.451	2010	Micronesia, Fed. Sts.	122	Micronesia, Fed. Sts.	East Asia & Pacific	1
#F8766D	3.39	2011	Micronesia, Fed. Sts.	122	Micronesia, Fed. Sts.	East Asia & Pacific	1
#C49A00	2.85	1960	France	63	France	Europe & Central Asia	1
#C49A00	2.87	1961	France	63	France	Europe & Central Asia	1
#C49A00	2.89	1962	France	63	France	Europe & Central Asia	1
#C49A00	2.89	1963	France	63	France	Europe & Central Asia	1
#C49A00	2.87	1964	France	63	France	Europe & Central Asia	1
#C49A00	2.84	1965	France	63	France	Europe & Central Asia	1
#C49A00	2.8	1966	France	63	France	Europe & Central Asia	1
#C49A00	2.75	1967	France	63	France	Europe & Central Asia	1
#C49A00	2.69	1968	France	63	France	Europe & Central Asia	1
#C49A00	2.62	1969	France	63	France	Europe & Central Asia	1
#C49A00	2.55	1970	France	63	France	Europe & Central Asia	1
#C49A00	2.47	1971	France	63	France	Europe & Central Asia	1
#C49A00	2.38	1972	France	63	France	Europe & Central Asia	1
#C49A00	2.28	1973	France	63	France	Europe & Central Asia	1
#C49A00	2.18	1974	France	63	France	Europe & Central Asia	1
#C49A00	2.09	1975	France	63	France	Europe & Central Asia	1
#C49A00	2.01	1976	France	63	France	Europe & Central Asia	1
#C49A00	1.94	1977	France	63	France	Europe & Central Asia	1
#C49A00	1.89	1978	France	63	France	Europe & Central Asia	1
#C49A00	1.87	1979	France	63	France	Europe & Central Asia	1
#C49A00	1.85	1980	France	63	France	Europe & Central Asia	1
#C49A00	1.85	1981	France	63	France	Europe & Central Asia	1
#C49A00	1.86	1982	France	63	France	Europe & Central Asia	1
#C49A00	1.86	1983	France	63	France	Europe & Central Asia	1
#C49A00	1.86	1984	France	63	France	Europe & Central Asia	1
#C49A00	1.86	1985	France	63	France	Europe & Central Asia	1
#C49A00	1.85	1986	France	63	France	Europe & Central Asia	1
#C49A00	1.83	1987	France	63	France	Europe & Central Asia	1
#C49A00	1.81	1988	France	63	France	Europe & Central Asia	1
#C49A00	1.79	1989	France	63	France	Europe & Central Asia	1
#C49A00	1.77	1990	France	63	France	Europe & Central Asia	1
#C49A00	1.75	1991	France	63	France	Europe & Central Asia	1
#C49A00	1.74	1992	France	63	France	Europe & Central Asia	1
#C49A00	1.73	1993	France	63	France	Europe & Central Asia	1
#C49A00	1.73	1994	France	63	France	Europe & Central Asia	1
#C49A00	1.74	1995	France	63	France	Europe & Central Asia	1
#C49A00	1.75	1996	France	63	France	Europe & Central Asia	1
#C49A00	1.77	1997	France	63	France	Europe & Central Asia	1
#C49A00	1.78	1998	France	63	France	Europe & Central Asia	1
#C49A00	1.81	1999	France	63	France	Europe & Central Asia	1
#C49A00	1.89	2000	France	63	France	Europe & Central Asia	1
#C49A00	1.9	2001	France	63	France	Europe & Central Asia	1
#C49A00	1.88	2002	France	63	France	Europe & Central Asia	1
#C49A00	1.89	2003	France	63	France	Europe & Central Asia	1
#C49A00	1.92	2004	France	63	France	Europe & Central Asia	1
#C49A00	1.94	2005	France	63	France	Europe & Central Asia	1
#C49A00	2	2006	France	63	France	Europe & Central Asia	1
#C49A00	1.98	2007	France	63	France	Europe & Central Asia	1
#C49A00	2.01	2008	France	63	France	Europe & Central Asia	1
#C49A00	2	2009	France	63	France	Europe & Central Asia	1
#C49A00	2.03	2010	France	63	France	Europe & Central Asia	1
#C49A00	2.03	2011	France	63	France	Europe & Central Asia	1
#FB61D7	4.105	1960	Gabon	65	Gabon	Sub-Saharan Africa	1
#FB61D7	4.155	1961	Gabon	65	Gabon	Sub-Saharan Africa	1
#FB61D7	4.207	1962	Gabon	65	Gabon	Sub-Saharan Africa	1
#FB61D7	4.259	1963	Gabon	65	Gabon	Sub-Saharan Africa	1
#FB61D7	4.311	1964	Gabon	65	Gabon	Sub-Saharan Africa	1
#FB61D7	4.363	1965	Gabon	65	Gabon	Sub-Saharan Africa	1
#FB61D7	4.42	1966	Gabon	65	Gabon	Sub-Saharan Africa	1
#FB61D7	4.482	1967	Gabon	65	Gabon	Sub-Saharan Africa	1
#FB61D7	4.552	1968	Gabon	65	Gabon	Sub-Saharan Africa	1
#FB61D7	4.626	1969	Gabon	65	Gabon	Sub-Saharan Africa	1
#FB61D7	4.704	1970	Gabon	65	Gabon	Sub-Saharan Africa	1
#FB61D7	4.781	1971	Gabon	65	Gabon	Sub-Saharan Africa	1
#FB61D7	4.854	1972	Gabon	65	Gabon	Sub-Saharan Africa	1
#FB61D7	4.919	1973	Gabon	65	Gabon	Sub-Saharan Africa	1
#FB61D7	4.976	1974	Gabon	65	Gabon	Sub-Saharan Africa	1
#FB61D7	5.023	1975	Gabon	65	Gabon	Sub-Saharan Africa	1
#FB61D7	5.062	1976	Gabon	65	Gabon	Sub-Saharan Africa	1
#FB61D7	5.095	1977	Gabon	65	Gabon	Sub-Saharan Africa	1
#FB61D7	5.124	1978	Gabon	65	Gabon	Sub-Saharan Africa	1
#FB61D7	5.149	1979	Gabon	65	Gabon	Sub-Saharan Africa	1
#FB61D7	5.17	1980	Gabon	65	Gabon	Sub-Saharan Africa	1
#FB61D7	5.185	1981	Gabon	65	Gabon	Sub-Saharan Africa	1
#FB61D7	5.195	1982	Gabon	65	Gabon	Sub-Saharan Africa	1
#FB61D7	5.197	1983	Gabon	65	Gabon	Sub-Saharan Africa	1
#FB61D7	5.194	1984	Gabon	65	Gabon	Sub-Saharan Africa	1
#FB61D7	5.189	1985	Gabon	65	Gabon	Sub-Saharan Africa	1
#FB61D7	5.185	1986	Gabon	65	Gabon	Sub-Saharan Africa	1
#FB61D7	5.185	1987	Gabon	65	Gabon	Sub-Saharan Africa	1
#FB61D7	5.186	1988	Gabon	65	Gabon	Sub-Saharan Africa	1
#FB61D7	5.187	1989	Gabon	65	Gabon	Sub-Saharan Africa	1
#FB61D7	5.178	1990	Gabon	65	Gabon	Sub-Saharan Africa	1
#FB61D7	5.15	1991	Gabon	65	Gabon	Sub-Saharan Africa	1
#FB61D7	5.097	1992	Gabon	65	Gabon	Sub-Saharan Africa	1
#FB61D7	5.015	1993	Gabon	65	Gabon	Sub-Saharan Africa	1
#FB61D7	4.906	1994	Gabon	65	Gabon	Sub-Saharan Africa	1
#FB61D7	4.774	1995	Gabon	65	Gabon	Sub-Saharan Africa	1
#FB61D7	4.625	1996	Gabon	65	Gabon	Sub-Saharan Africa	1
#FB61D7	4.472	1997	Gabon	65	Gabon	Sub-Saharan Africa	1
#FB61D7	4.322	1998	Gabon	65	Gabon	Sub-Saharan Africa	1
#FB61D7	4.181	1999	Gabon	65	Gabon	Sub-Saharan Africa	1
#FB61D7	4.051	2000	Gabon	65	Gabon	Sub-Saharan Africa	1
#FB61D7	3.933	2001	Gabon	65	Gabon	Sub-Saharan Africa	1
#FB61D7	3.823	2002	Gabon	65	Gabon	Sub-Saharan Africa	1
#FB61D7	3.718	2003	Gabon	65	Gabon	Sub-Saharan Africa	1
#FB61D7	3.621	2004	Gabon	65	Gabon	Sub-Saharan Africa	1
#FB61D7	3.531	2005	Gabon	65	Gabon	Sub-Saharan Africa	1
#FB61D7	3.453	2006	Gabon	65	Gabon	Sub-Saharan Africa	1
#FB61D7	3.386	2007	Gabon	65	Gabon	Sub-Saharan Africa	1
#FB61D7	3.33	2008	Gabon	65	Gabon	Sub-Saharan Africa	1
#FB61D7	3.286	2009	Gabon	65	Gabon	Sub-Saharan Africa	1
#FB61D7	3.25	2010	Gabon	65	Gabon	Sub-Saharan Africa	1
#FB61D7	3.221	2011	Gabon	65	Gabon	Sub-Saharan Africa	1
#C49A00	2.692	1960	United Kingdom	192	United Kingdom	Europe & Central Asia	1
#C49A00	2.784	1961	United Kingdom	192	United Kingdom	Europe & Central Asia	1
#C49A00	2.859	1962	United Kingdom	192	United Kingdom	Europe & Central Asia	1
#C49A00	2.881	1963	United Kingdom	192	United Kingdom	Europe & Central Asia	1
#C49A00	2.934	1964	United Kingdom	192	United Kingdom	Europe & Central Asia	1
#C49A00	2.863	1965	United Kingdom	192	United Kingdom	Europe & Central Asia	1
#C49A00	2.783	1966	United Kingdom	192	United Kingdom	Europe & Central Asia	1
#C49A00	2.679	1967	United Kingdom	192	United Kingdom	Europe & Central Asia	1
#C49A00	2.604	1968	United Kingdom	192	United Kingdom	Europe & Central Asia	1
#C49A00	2.507	1969	United Kingdom	192	United Kingdom	Europe & Central Asia	1
#C49A00	2.437	1970	United Kingdom	192	United Kingdom	Europe & Central Asia	1
#C49A00	2.408	1971	United Kingdom	192	United Kingdom	Europe & Central Asia	1
#C49A00	2.204	1972	United Kingdom	192	United Kingdom	Europe & Central Asia	1
#C49A00	2.036	1973	United Kingdom	192	United Kingdom	Europe & Central Asia	1
#C49A00	1.92	1974	United Kingdom	192	United Kingdom	Europe & Central Asia	1
#C49A00	1.81	1975	United Kingdom	192	United Kingdom	Europe & Central Asia	1
#C49A00	1.74	1976	United Kingdom	192	United Kingdom	Europe & Central Asia	1
#C49A00	1.69	1977	United Kingdom	192	United Kingdom	Europe & Central Asia	1
#C49A00	1.75	1978	United Kingdom	192	United Kingdom	Europe & Central Asia	1
#C49A00	1.86	1979	United Kingdom	192	United Kingdom	Europe & Central Asia	1
#C49A00	1.89	1980	United Kingdom	192	United Kingdom	Europe & Central Asia	1
#C49A00	1.81	1981	United Kingdom	192	United Kingdom	Europe & Central Asia	1
#C49A00	1.78	1982	United Kingdom	192	United Kingdom	Europe & Central Asia	1
#C49A00	1.77	1983	United Kingdom	192	United Kingdom	Europe & Central Asia	1
#C49A00	1.77	1984	United Kingdom	192	United Kingdom	Europe & Central Asia	1
#C49A00	1.8	1985	United Kingdom	192	United Kingdom	Europe & Central Asia	1
#C49A00	1.78	1986	United Kingdom	192	United Kingdom	Europe & Central Asia	1
#C49A00	1.82	1987	United Kingdom	192	United Kingdom	Europe & Central Asia	1
#C49A00	1.83	1988	United Kingdom	192	United Kingdom	Europe & Central Asia	1
#C49A00	1.8	1989	United Kingdom	192	United Kingdom	Europe & Central Asia	1
#C49A00	1.83	1990	United Kingdom	192	United Kingdom	Europe & Central Asia	1
#C49A00	1.82	1991	United Kingdom	192	United Kingdom	Europe & Central Asia	1
#C49A00	1.79	1992	United Kingdom	192	United Kingdom	Europe & Central Asia	1
#C49A00	1.82	1993	United Kingdom	192	United Kingdom	Europe & Central Asia	1
#C49A00	1.74	1994	United Kingdom	192	United Kingdom	Europe & Central Asia	1
#C49A00	1.71	1995	United Kingdom	192	United Kingdom	Europe & Central Asia	1
#C49A00	1.72	1996	United Kingdom	192	United Kingdom	Europe & Central Asia	1
#C49A00	1.72	1997	United Kingdom	192	United Kingdom	Europe & Central Asia	1
#C49A00	1.71	1998	United Kingdom	192	United Kingdom	Europe & Central Asia	1
#C49A00	1.68	1999	United Kingdom	192	United Kingdom	Europe & Central Asia	1
#C49A00	1.64	2000	United Kingdom	192	United Kingdom	Europe & Central Asia	1
#C49A00	1.63	2001	United Kingdom	192	United Kingdom	Europe & Central Asia	1
#C49A00	1.64	2002	United Kingdom	192	United Kingdom	Europe & Central Asia	1
#C49A00	1.71	2003	United Kingdom	192	United Kingdom	Europe & Central Asia	1
#C49A00	1.77	2004	United Kingdom	192	United Kingdom	Europe & Central Asia	1
#C49A00	1.78	2005	United Kingdom	192	United Kingdom	Europe & Central Asia	1
#C49A00	1.84	2006	United Kingdom	192	United Kingdom	Europe & Central Asia	1
#C49A00	1.9	2007	United Kingdom	192	United Kingdom	Europe & Central Asia	1
#C49A00	1.96	2008	United Kingdom	192	United Kingdom	Europe & Central Asia	1
#C49A00	1.94	2009	United Kingdom	192	United Kingdom	Europe & Central Asia	1
#C49A00	1.98	2010	United Kingdom	192	United Kingdom	Europe & Central Asia	1
#C49A00	1.98	2011	United Kingdom	192	United Kingdom	Europe & Central Asia	1
#53B400	6.743	1960	Grenada	72	Grenada	Latin America & Caribbean	1
#53B400	6.627	1961	Grenada	72	Grenada	Latin America & Caribbean	1
#53B400	6.442	1962	Grenada	72	Grenada	Latin America & Caribbean	1
#53B400	6.196	1963	Grenada	72	Grenada	Latin America & Caribbean	1
#53B400	5.906	1964	Grenada	72	Grenada	Latin America & Caribbean	1
#53B400	5.597	1965	Grenada	72	Grenada	Latin America & Caribbean	1
#53B400	5.3	1966	Grenada	72	Grenada	Latin America & Caribbean	1
#53B400	5.04	1967	Grenada	72	Grenada	Latin America & Caribbean	1
#53B400	4.835	1968	Grenada	72	Grenada	Latin America & Caribbean	1
#53B400	4.69	1969	Grenada	72	Grenada	Latin America & Caribbean	1
#53B400	4.604	1970	Grenada	72	Grenada	Latin America & Caribbean	1
#53B400	4.561	1971	Grenada	72	Grenada	Latin America & Caribbean	1
#53B400	4.537	1972	Grenada	72	Grenada	Latin America & Caribbean	1
#53B400	4.512	1973	Grenada	72	Grenada	Latin America & Caribbean	1
#53B400	4.479	1974	Grenada	72	Grenada	Latin America & Caribbean	1
#53B400	4.436	1975	Grenada	72	Grenada	Latin America & Caribbean	1
#53B400	4.385	1976	Grenada	72	Grenada	Latin America & Caribbean	1
#53B400	4.337	1977	Grenada	72	Grenada	Latin America & Caribbean	1
#53B400	4.299	1978	Grenada	72	Grenada	Latin America & Caribbean	1
#53B400	4.269	1979	Grenada	72	Grenada	Latin America & Caribbean	1
#53B400	4.251	1980	Grenada	72	Grenada	Latin America & Caribbean	1
#53B400	4.244	1981	Grenada	72	Grenada	Latin America & Caribbean	1
#53B400	4.243	1982	Grenada	72	Grenada	Latin America & Caribbean	1
#53B400	4.245	1983	Grenada	72	Grenada	Latin America & Caribbean	1
#53B400	4.243	1984	Grenada	72	Grenada	Latin America & Caribbean	1
#53B400	4.231	1985	Grenada	72	Grenada	Latin America & Caribbean	1
#53B400	4.2	1986	Grenada	72	Grenada	Latin America & Caribbean	1
#53B400	4.146	1987	Grenada	72	Grenada	Latin America & Caribbean	1
#53B400	4.068	1988	Grenada	72	Grenada	Latin America & Caribbean	1
#53B400	3.966	1989	Grenada	72	Grenada	Latin America & Caribbean	1
#53B400	3.842	1990	Grenada	72	Grenada	Latin America & Caribbean	1
#53B400	3.701	1991	Grenada	72	Grenada	Latin America & Caribbean	1
#53B400	3.551	1992	Grenada	72	Grenada	Latin America & Caribbean	1
#53B400	3.401	1993	Grenada	72	Grenada	Latin America & Caribbean	1
#53B400	3.254	1994	Grenada	72	Grenada	Latin America & Caribbean	1
#53B400	3.116	1995	Grenada	72	Grenada	Latin America & Caribbean	1
#53B400	2.988	1996	Grenada	72	Grenada	Latin America & Caribbean	1
#53B400	2.87	1997	Grenada	72	Grenada	Latin America & Caribbean	1
#53B400	2.762	1998	Grenada	72	Grenada	Latin America & Caribbean	1
#53B400	2.666	1999	Grenada	72	Grenada	Latin America & Caribbean	1
#53B400	2.582	2000	Grenada	72	Grenada	Latin America & Caribbean	1
#53B400	2.512	2001	Grenada	72	Grenada	Latin America & Caribbean	1
#53B400	2.455	2002	Grenada	72	Grenada	Latin America & Caribbean	1
#53B400	2.41	2003	Grenada	72	Grenada	Latin America & Caribbean	1
#53B400	2.374	2004	Grenada	72	Grenada	Latin America & Caribbean	1
#53B400	2.345	2005	Grenada	72	Grenada	Latin America & Caribbean	1
#53B400	2.322	2006	Grenada	72	Grenada	Latin America & Caribbean	1
#53B400	2.301	2007	Grenada	72	Grenada	Latin America & Caribbean	1
#53B400	2.28	2008	Grenada	72	Grenada	Latin America & Caribbean	1
#53B400	2.258	2009	Grenada	72	Grenada	Latin America & Caribbean	1
#53B400	2.235	2010	Grenada	72	Grenada	Latin America & Caribbean	1
#53B400	2.21	2011	Grenada	72	Grenada	Latin America & Caribbean	1
#C49A00	2.964	1960	Georgia	67	Georgia	Europe & Central Asia	1
#C49A00	2.965	1961	Georgia	67	Georgia	Europe & Central Asia	1
#C49A00	2.95	1962	Georgia	67	Georgia	Europe & Central Asia	1
#C49A00	2.915	1963	Georgia	67	Georgia	Europe & Central Asia	1
#C49A00	2.864	1964	Georgia	67	Georgia	Europe & Central Asia	1
#C49A00	2.801	1965	Georgia	67	Georgia	Europe & Central Asia	1
#C49A00	2.737	1966	Georgia	67	Georgia	Europe & Central Asia	1
#C49A00	2.68	1967	Georgia	67	Georgia	Europe & Central Asia	1
#C49A00	2.637	1968	Georgia	67	Georgia	Europe & Central Asia	1
#C49A00	2.609	1969	Georgia	67	Georgia	Europe & Central Asia	1
#C49A00	2.595	1970	Georgia	67	Georgia	Europe & Central Asia	1
#C49A00	2.588	1971	Georgia	67	Georgia	Europe & Central Asia	1
#C49A00	2.579	1972	Georgia	67	Georgia	Europe & Central Asia	1
#C49A00	2.563	1973	Georgia	67	Georgia	Europe & Central Asia	1
#C49A00	2.537	1974	Georgia	67	Georgia	Europe & Central Asia	1
#C49A00	2.502	1975	Georgia	67	Georgia	Europe & Central Asia	1
#C49A00	2.461	1976	Georgia	67	Georgia	Europe & Central Asia	1
#C49A00	2.419	1977	Georgia	67	Georgia	Europe & Central Asia	1
#C49A00	2.379	1978	Georgia	67	Georgia	Europe & Central Asia	1
#C49A00	2.343	1979	Georgia	67	Georgia	Europe & Central Asia	1
#C49A00	2.315	1980	Georgia	67	Georgia	Europe & Central Asia	1
#C49A00	2.296	1981	Georgia	67	Georgia	Europe & Central Asia	1
#C49A00	2.284	1982	Georgia	67	Georgia	Europe & Central Asia	1
#C49A00	2.277	1983	Georgia	67	Georgia	Europe & Central Asia	1
#C49A00	2.275	1984	Georgia	67	Georgia	Europe & Central Asia	1
#C49A00	2.273	1985	Georgia	67	Georgia	Europe & Central Asia	1
#C49A00	2.269	1986	Georgia	67	Georgia	Europe & Central Asia	1
#C49A00	2.26	1987	Georgia	67	Georgia	Europe & Central Asia	1
#C49A00	2.243	1988	Georgia	67	Georgia	Europe & Central Asia	1
#C49A00	2.217	1989	Georgia	67	Georgia	Europe & Central Asia	1
#C49A00	2.18	1990	Georgia	67	Georgia	Europe & Central Asia	1
#C49A00	2.132	1991	Georgia	67	Georgia	Europe & Central Asia	1
#C49A00	2.076	1992	Georgia	67	Georgia	Europe & Central Asia	1
#C49A00	2.013	1993	Georgia	67	Georgia	Europe & Central Asia	1
#C49A00	1.946	1994	Georgia	67	Georgia	Europe & Central Asia	1
#C49A00	1.88	1995	Georgia	67	Georgia	Europe & Central Asia	1
#C49A00	1.815	1996	Georgia	67	Georgia	Europe & Central Asia	1
#C49A00	1.756	1997	Georgia	67	Georgia	Europe & Central Asia	1
#C49A00	1.703	1998	Georgia	67	Georgia	Europe & Central Asia	1
#C49A00	1.659	1999	Georgia	67	Georgia	Europe & Central Asia	1
#C49A00	1.625	2000	Georgia	67	Georgia	Europe & Central Asia	1
#C49A00	1.601	2001	Georgia	67	Georgia	Europe & Central Asia	1
#C49A00	1.586	2002	Georgia	67	Georgia	Europe & Central Asia	1
#C49A00	1.577	2003	Georgia	67	Georgia	Europe & Central Asia	1
#C49A00	1.574	2004	Georgia	67	Georgia	Europe & Central Asia	1
#C49A00	1.573	2005	Georgia	67	Georgia	Europe & Central Asia	1
#C49A00	1.572	2006	Georgia	67	Georgia	Europe & Central Asia	1
#C49A00	1.571	2007	Georgia	67	Georgia	Europe & Central Asia	1
#C49A00	1.568	2008	Georgia	67	Georgia	Europe & Central Asia	1
#C49A00	1.563	2009	Georgia	67	Georgia	Europe & Central Asia	1
#C49A00	1.555	2010	Georgia	67	Georgia	Europe & Central Asia	1
#FB61D7	6.749	1960	Ghana	69	Ghana	Sub-Saharan Africa	1
#FB61D7	6.789	1961	Ghana	69	Ghana	Sub-Saharan Africa	1
#FB61D7	6.827	1962	Ghana	69	Ghana	Sub-Saharan Africa	1
#FB61D7	6.862	1963	Ghana	69	Ghana	Sub-Saharan Africa	1
#FB61D7	6.893	1964	Ghana	69	Ghana	Sub-Saharan Africa	1
#FB61D7	6.918	1965	Ghana	69	Ghana	Sub-Saharan Africa	1
#FB61D7	6.937	1966	Ghana	69	Ghana	Sub-Saharan Africa	1
#FB61D7	6.95	1967	Ghana	69	Ghana	Sub-Saharan Africa	1
#FB61D7	6.957	1968	Ghana	69	Ghana	Sub-Saharan Africa	1
#FB61D7	6.957	1969	Ghana	69	Ghana	Sub-Saharan Africa	1
#FB61D7	6.95	1970	Ghana	69	Ghana	Sub-Saharan Africa	1
#FB61D7	6.936	1971	Ghana	69	Ghana	Sub-Saharan Africa	1
#FB61D7	6.915	1972	Ghana	69	Ghana	Sub-Saharan Africa	1
#FB61D7	6.888	1973	Ghana	69	Ghana	Sub-Saharan Africa	1
#FB61D7	6.855	1974	Ghana	69	Ghana	Sub-Saharan Africa	1
#FB61D7	6.815	1975	Ghana	69	Ghana	Sub-Saharan Africa	1
#FB61D7	6.771	1976	Ghana	69	Ghana	Sub-Saharan Africa	1
#FB61D7	6.721	1977	Ghana	69	Ghana	Sub-Saharan Africa	1
#FB61D7	6.665	1978	Ghana	69	Ghana	Sub-Saharan Africa	1
#FB61D7	6.605	1979	Ghana	69	Ghana	Sub-Saharan Africa	1
#FB61D7	6.539	1980	Ghana	69	Ghana	Sub-Saharan Africa	1
#FB61D7	6.468	1981	Ghana	69	Ghana	Sub-Saharan Africa	1
#FB61D7	6.392	1982	Ghana	69	Ghana	Sub-Saharan Africa	1
#FB61D7	6.31	1983	Ghana	69	Ghana	Sub-Saharan Africa	1
#FB61D7	6.223	1984	Ghana	69	Ghana	Sub-Saharan Africa	1
#FB61D7	6.131	1985	Ghana	69	Ghana	Sub-Saharan Africa	1
#FB61D7	6.035	1986	Ghana	69	Ghana	Sub-Saharan Africa	1
#FB61D7	5.935	1987	Ghana	69	Ghana	Sub-Saharan Africa	1
#FB61D7	5.831	1988	Ghana	69	Ghana	Sub-Saharan Africa	1
#FB61D7	5.725	1989	Ghana	69	Ghana	Sub-Saharan Africa	1
#FB61D7	5.616	1990	Ghana	69	Ghana	Sub-Saharan Africa	1
#FB61D7	5.505	1991	Ghana	69	Ghana	Sub-Saharan Africa	1
#FB61D7	5.392	1992	Ghana	69	Ghana	Sub-Saharan Africa	1
#FB61D7	5.278	1993	Ghana	69	Ghana	Sub-Saharan Africa	1
#FB61D7	5.166	1994	Ghana	69	Ghana	Sub-Saharan Africa	1
#FB61D7	5.058	1995	Ghana	69	Ghana	Sub-Saharan Africa	1
#FB61D7	4.957	1996	Ghana	69	Ghana	Sub-Saharan Africa	1
#FB61D7	4.866	1997	Ghana	69	Ghana	Sub-Saharan Africa	1
#FB61D7	4.786	1998	Ghana	69	Ghana	Sub-Saharan Africa	1
#FB61D7	4.716	1999	Ghana	69	Ghana	Sub-Saharan Africa	1
#FB61D7	4.656	2000	Ghana	69	Ghana	Sub-Saharan Africa	1
#FB61D7	4.607	2001	Ghana	69	Ghana	Sub-Saharan Africa	1
#FB61D7	4.564	2002	Ghana	69	Ghana	Sub-Saharan Africa	1
#FB61D7	4.525	2003	Ghana	69	Ghana	Sub-Saharan Africa	1
#FB61D7	4.487	2004	Ghana	69	Ghana	Sub-Saharan Africa	1
#FB61D7	4.447	2005	Ghana	69	Ghana	Sub-Saharan Africa	1
#FB61D7	4.402	2006	Ghana	69	Ghana	Sub-Saharan Africa	1
#FB61D7	4.352	2007	Ghana	69	Ghana	Sub-Saharan Africa	1
#FB61D7	4.297	2008	Ghana	69	Ghana	Sub-Saharan Africa	1
#FB61D7	4.236	2009	Ghana	69	Ghana	Sub-Saharan Africa	1
#FB61D7	4.17	2010	Ghana	69	Ghana	Sub-Saharan Africa	1
#FB61D7	4.1	2011	Ghana	69	Ghana	Sub-Saharan Africa	1
#C49A00	2.53	1992	Greenland	71	Greenland	Europe & Central Asia	1
#C49A00	2.683	1997	Greenland	71	Greenland	Europe & Central Asia	1
#C49A00	2.39	1998	Greenland	71	Greenland	Europe & Central Asia	1
#C49A00	2.34	1999	Greenland	71	Greenland	Europe & Central Asia	1
#C49A00	2.308	2000	Greenland	71	Greenland	Europe & Central Asia	1
#C49A00	2.451	2001	Greenland	71	Greenland	Europe & Central Asia	1
#C49A00	2.489	2002	Greenland	71	Greenland	Europe & Central Asia	1
#C49A00	2.3	2005	Greenland	71	Greenland	Europe & Central Asia	1
#C49A00	2.23	2007	Greenland	71	Greenland	Europe & Central Asia	1
#C49A00	2.247	2008	Greenland	71	Greenland	Europe & Central Asia	1
#C49A00	2.2	2010	Greenland	71	Greenland	Europe & Central Asia	1
#FB61D7	5.573	1960	Gambia, The	66	Gambia, The	Sub-Saharan Africa	1
#FB61D7	5.621	1961	Gambia, The	66	Gambia, The	Sub-Saharan Africa	1
#FB61D7	5.672	1962	Gambia, The	66	Gambia, The	Sub-Saharan Africa	1
#FB61D7	5.723	1963	Gambia, The	66	Gambia, The	Sub-Saharan Africa	1
#FB61D7	5.776	1964	Gambia, The	66	Gambia, The	Sub-Saharan Africa	1
#FB61D7	5.83	1965	Gambia, The	66	Gambia, The	Sub-Saharan Africa	1
#FB61D7	5.884	1966	Gambia, The	66	Gambia, The	Sub-Saharan Africa	1
#FB61D7	5.938	1967	Gambia, The	66	Gambia, The	Sub-Saharan Africa	1
#FB61D7	5.991	1968	Gambia, The	66	Gambia, The	Sub-Saharan Africa	1
#FB61D7	6.043	1969	Gambia, The	66	Gambia, The	Sub-Saharan Africa	1
#FB61D7	6.093	1970	Gambia, The	66	Gambia, The	Sub-Saharan Africa	1
#FB61D7	6.141	1971	Gambia, The	66	Gambia, The	Sub-Saharan Africa	1
#FB61D7	6.185	1972	Gambia, The	66	Gambia, The	Sub-Saharan Africa	1
#FB61D7	6.226	1973	Gambia, The	66	Gambia, The	Sub-Saharan Africa	1
#FB61D7	6.262	1974	Gambia, The	66	Gambia, The	Sub-Saharan Africa	1
#FB61D7	6.293	1975	Gambia, The	66	Gambia, The	Sub-Saharan Africa	1
#FB61D7	6.316	1976	Gambia, The	66	Gambia, The	Sub-Saharan Africa	1
#FB61D7	6.333	1977	Gambia, The	66	Gambia, The	Sub-Saharan Africa	1
#FB61D7	6.342	1978	Gambia, The	66	Gambia, The	Sub-Saharan Africa	1
#FB61D7	6.343	1979	Gambia, The	66	Gambia, The	Sub-Saharan Africa	1
#FB61D7	6.337	1980	Gambia, The	66	Gambia, The	Sub-Saharan Africa	1
#FB61D7	6.324	1981	Gambia, The	66	Gambia, The	Sub-Saharan Africa	1
#FB61D7	6.305	1982	Gambia, The	66	Gambia, The	Sub-Saharan Africa	1
#FB61D7	6.28	1983	Gambia, The	66	Gambia, The	Sub-Saharan Africa	1
#FB61D7	6.252	1984	Gambia, The	66	Gambia, The	Sub-Saharan Africa	1
#FB61D7	6.223	1985	Gambia, The	66	Gambia, The	Sub-Saharan Africa	1
#FB61D7	6.194	1986	Gambia, The	66	Gambia, The	Sub-Saharan Africa	1
#FB61D7	6.166	1987	Gambia, The	66	Gambia, The	Sub-Saharan Africa	1
#FB61D7	6.139	1988	Gambia, The	66	Gambia, The	Sub-Saharan Africa	1
#FB61D7	6.114	1989	Gambia, The	66	Gambia, The	Sub-Saharan Africa	1
#FB61D7	6.09	1990	Gambia, The	66	Gambia, The	Sub-Saharan Africa	1
#FB61D7	6.066	1991	Gambia, The	66	Gambia, The	Sub-Saharan Africa	1
#FB61D7	6.039	1992	Gambia, The	66	Gambia, The	Sub-Saharan Africa	1
#FB61D7	6.009	1993	Gambia, The	66	Gambia, The	Sub-Saharan Africa	1
#FB61D7	5.974	1994	Gambia, The	66	Gambia, The	Sub-Saharan Africa	1
#FB61D7	5.933	1995	Gambia, The	66	Gambia, The	Sub-Saharan Africa	1
#FB61D7	5.885	1996	Gambia, The	66	Gambia, The	Sub-Saharan Africa	1
#FB61D7	5.831	1997	Gambia, The	66	Gambia, The	Sub-Saharan Africa	1
#FB61D7	5.772	1998	Gambia, The	66	Gambia, The	Sub-Saharan Africa	1
#FB61D7	5.708	1999	Gambia, The	66	Gambia, The	Sub-Saharan Africa	1
#FB61D7	5.64	2000	Gambia, The	66	Gambia, The	Sub-Saharan Africa	1
#FB61D7	5.57	2001	Gambia, The	66	Gambia, The	Sub-Saharan Africa	1
#FB61D7	5.498	2002	Gambia, The	66	Gambia, The	Sub-Saharan Africa	1
#FB61D7	5.426	2003	Gambia, The	66	Gambia, The	Sub-Saharan Africa	1
#FB61D7	5.354	2004	Gambia, The	66	Gambia, The	Sub-Saharan Africa	1
#FB61D7	5.281	2005	Gambia, The	66	Gambia, The	Sub-Saharan Africa	1
#FB61D7	5.208	2006	Gambia, The	66	Gambia, The	Sub-Saharan Africa	1
#FB61D7	5.133	2007	Gambia, The	66	Gambia, The	Sub-Saharan Africa	1
#FB61D7	5.056	2008	Gambia, The	66	Gambia, The	Sub-Saharan Africa	1
#FB61D7	4.977	2009	Gambia, The	66	Gambia, The	Sub-Saharan Africa	1
#FB61D7	4.896	2010	Gambia, The	66	Gambia, The	Sub-Saharan Africa	1
#FB61D7	4.814	2011	Gambia, The	66	Gambia, The	Sub-Saharan Africa	1
#FB61D7	6.372	1960	Guinea	75	Guinea	Sub-Saharan Africa	1
#FB61D7	6.429	1961	Guinea	75	Guinea	Sub-Saharan Africa	1
#FB61D7	6.489	1962	Guinea	75	Guinea	Sub-Saharan Africa	1
#FB61D7	6.551	1963	Guinea	75	Guinea	Sub-Saharan Africa	1
#FB61D7	6.613	1964	Guinea	75	Guinea	Sub-Saharan Africa	1
#FB61D7	6.673	1965	Guinea	75	Guinea	Sub-Saharan Africa	1
#FB61D7	6.726	1966	Guinea	75	Guinea	Sub-Saharan Africa	1
#FB61D7	6.77	1967	Guinea	75	Guinea	Sub-Saharan Africa	1
#FB61D7	6.805	1968	Guinea	75	Guinea	Sub-Saharan Africa	1
#FB61D7	6.829	1969	Guinea	75	Guinea	Sub-Saharan Africa	1
#FB61D7	6.844	1970	Guinea	75	Guinea	Sub-Saharan Africa	1
#FB61D7	6.852	1971	Guinea	75	Guinea	Sub-Saharan Africa	1
#FB61D7	6.858	1972	Guinea	75	Guinea	Sub-Saharan Africa	1
#FB61D7	6.865	1973	Guinea	75	Guinea	Sub-Saharan Africa	1
#FB61D7	6.872	1974	Guinea	75	Guinea	Sub-Saharan Africa	1
#FB61D7	6.882	1975	Guinea	75	Guinea	Sub-Saharan Africa	1
#FB61D7	6.895	1976	Guinea	75	Guinea	Sub-Saharan Africa	1
#FB61D7	6.908	1977	Guinea	75	Guinea	Sub-Saharan Africa	1
#FB61D7	6.921	1978	Guinea	75	Guinea	Sub-Saharan Africa	1
#FB61D7	6.932	1979	Guinea	75	Guinea	Sub-Saharan Africa	1
#FB61D7	6.942	1980	Guinea	75	Guinea	Sub-Saharan Africa	1
#FB61D7	6.948	1981	Guinea	75	Guinea	Sub-Saharan Africa	1
#FB61D7	6.951	1982	Guinea	75	Guinea	Sub-Saharan Africa	1
#FB61D7	6.949	1983	Guinea	75	Guinea	Sub-Saharan Africa	1
#FB61D7	6.942	1984	Guinea	75	Guinea	Sub-Saharan Africa	1
#FB61D7	6.929	1985	Guinea	75	Guinea	Sub-Saharan Africa	1
#FB61D7	6.908	1986	Guinea	75	Guinea	Sub-Saharan Africa	1
#FB61D7	6.879	1987	Guinea	75	Guinea	Sub-Saharan Africa	1
#FB61D7	6.842	1988	Guinea	75	Guinea	Sub-Saharan Africa	1
#FB61D7	6.797	1989	Guinea	75	Guinea	Sub-Saharan Africa	1
#FB61D7	6.745	1990	Guinea	75	Guinea	Sub-Saharan Africa	1
#FB61D7	6.685	1991	Guinea	75	Guinea	Sub-Saharan Africa	1
#FB61D7	6.619	1992	Guinea	75	Guinea	Sub-Saharan Africa	1
#FB61D7	6.547	1993	Guinea	75	Guinea	Sub-Saharan Africa	1
#FB61D7	6.471	1994	Guinea	75	Guinea	Sub-Saharan Africa	1
#FB61D7	6.393	1995	Guinea	75	Guinea	Sub-Saharan Africa	1
#FB61D7	6.313	1996	Guinea	75	Guinea	Sub-Saharan Africa	1
#FB61D7	6.232	1997	Guinea	75	Guinea	Sub-Saharan Africa	1
#FB61D7	6.15	1998	Guinea	75	Guinea	Sub-Saharan Africa	1
#FB61D7	6.07	1999	Guinea	75	Guinea	Sub-Saharan Africa	1
#FB61D7	5.991	2000	Guinea	75	Guinea	Sub-Saharan Africa	1
#FB61D7	5.915	2001	Guinea	75	Guinea	Sub-Saharan Africa	1
#FB61D7	5.841	2002	Guinea	75	Guinea	Sub-Saharan Africa	1
#FB61D7	5.769	2003	Guinea	75	Guinea	Sub-Saharan Africa	1
#FB61D7	5.698	2004	Guinea	75	Guinea	Sub-Saharan Africa	1
#FB61D7	5.628	2005	Guinea	75	Guinea	Sub-Saharan Africa	1
#FB61D7	5.557	2006	Guinea	75	Guinea	Sub-Saharan Africa	1
#FB61D7	5.483	2007	Guinea	75	Guinea	Sub-Saharan Africa	1
#FB61D7	5.407	2008	Guinea	75	Guinea	Sub-Saharan Africa	1
#FB61D7	5.327	2009	Guinea	75	Guinea	Sub-Saharan Africa	1
#FB61D7	5.246	2010	Guinea	75	Guinea	Sub-Saharan Africa	1
#FB61D7	5.162	2011	Guinea	75	Guinea	Sub-Saharan Africa	1
#FB61D7	5.505	1960	Equatorial Guinea	57	Equatorial Guinea	Sub-Saharan Africa	1
#FB61D7	5.515	1961	Equatorial Guinea	57	Equatorial Guinea	Sub-Saharan Africa	1
#FB61D7	5.529	1962	Equatorial Guinea	57	Equatorial Guinea	Sub-Saharan Africa	1
#FB61D7	5.548	1963	Equatorial Guinea	57	Equatorial Guinea	Sub-Saharan Africa	1
#FB61D7	5.57	1964	Equatorial Guinea	57	Equatorial Guinea	Sub-Saharan Africa	1
#FB61D7	5.595	1965	Equatorial Guinea	57	Equatorial Guinea	Sub-Saharan Africa	1
#FB61D7	5.619	1966	Equatorial Guinea	57	Equatorial Guinea	Sub-Saharan Africa	1
#FB61D7	5.64	1967	Equatorial Guinea	57	Equatorial Guinea	Sub-Saharan Africa	1
#FB61D7	5.658	1968	Equatorial Guinea	57	Equatorial Guinea	Sub-Saharan Africa	1
#FB61D7	5.671	1969	Equatorial Guinea	57	Equatorial Guinea	Sub-Saharan Africa	1
#FB61D7	5.678	1970	Equatorial Guinea	57	Equatorial Guinea	Sub-Saharan Africa	1
#FB61D7	5.681	1971	Equatorial Guinea	57	Equatorial Guinea	Sub-Saharan Africa	1
#FB61D7	5.68	1972	Equatorial Guinea	57	Equatorial Guinea	Sub-Saharan Africa	1
#FB61D7	5.677	1973	Equatorial Guinea	57	Equatorial Guinea	Sub-Saharan Africa	1
#FB61D7	5.675	1974	Equatorial Guinea	57	Equatorial Guinea	Sub-Saharan Africa	1
#FB61D7	5.674	1975	Equatorial Guinea	57	Equatorial Guinea	Sub-Saharan Africa	1
#FB61D7	5.676	1976	Equatorial Guinea	57	Equatorial Guinea	Sub-Saharan Africa	1
#FB61D7	5.682	1977	Equatorial Guinea	57	Equatorial Guinea	Sub-Saharan Africa	1
#FB61D7	5.693	1978	Equatorial Guinea	57	Equatorial Guinea	Sub-Saharan Africa	1
#FB61D7	5.708	1979	Equatorial Guinea	57	Equatorial Guinea	Sub-Saharan Africa	1
#FB61D7	5.728	1980	Equatorial Guinea	57	Equatorial Guinea	Sub-Saharan Africa	1
#FB61D7	5.751	1981	Equatorial Guinea	57	Equatorial Guinea	Sub-Saharan Africa	1
#FB61D7	5.776	1982	Equatorial Guinea	57	Equatorial Guinea	Sub-Saharan Africa	1
#FB61D7	5.802	1983	Equatorial Guinea	57	Equatorial Guinea	Sub-Saharan Africa	1
#FB61D7	5.826	1984	Equatorial Guinea	57	Equatorial Guinea	Sub-Saharan Africa	1
#FB61D7	5.848	1985	Equatorial Guinea	57	Equatorial Guinea	Sub-Saharan Africa	1
#FB61D7	5.866	1986	Equatorial Guinea	57	Equatorial Guinea	Sub-Saharan Africa	1
#FB61D7	5.881	1987	Equatorial Guinea	57	Equatorial Guinea	Sub-Saharan Africa	1
#FB61D7	5.891	1988	Equatorial Guinea	57	Equatorial Guinea	Sub-Saharan Africa	1
#FB61D7	5.897	1989	Equatorial Guinea	57	Equatorial Guinea	Sub-Saharan Africa	1
#FB61D7	5.9	1990	Equatorial Guinea	57	Equatorial Guinea	Sub-Saharan Africa	1
#FB61D7	5.901	1991	Equatorial Guinea	57	Equatorial Guinea	Sub-Saharan Africa	1
#FB61D7	5.902	1992	Equatorial Guinea	57	Equatorial Guinea	Sub-Saharan Africa	1
#FB61D7	5.902	1993	Equatorial Guinea	57	Equatorial Guinea	Sub-Saharan Africa	1
#FB61D7	5.901	1994	Equatorial Guinea	57	Equatorial Guinea	Sub-Saharan Africa	1
#FB61D7	5.897	1995	Equatorial Guinea	57	Equatorial Guinea	Sub-Saharan Africa	1
#FB61D7	5.888	1996	Equatorial Guinea	57	Equatorial Guinea	Sub-Saharan Africa	1
#FB61D7	5.872	1997	Equatorial Guinea	57	Equatorial Guinea	Sub-Saharan Africa	1
#FB61D7	5.847	1998	Equatorial Guinea	57	Equatorial Guinea	Sub-Saharan Africa	1
#FB61D7	5.814	1999	Equatorial Guinea	57	Equatorial Guinea	Sub-Saharan Africa	1
#FB61D7	5.773	2000	Equatorial Guinea	57	Equatorial Guinea	Sub-Saharan Africa	1
#FB61D7	5.726	2001	Equatorial Guinea	57	Equatorial Guinea	Sub-Saharan Africa	1
#FB61D7	5.675	2002	Equatorial Guinea	57	Equatorial Guinea	Sub-Saharan Africa	1
#FB61D7	5.622	2003	Equatorial Guinea	57	Equatorial Guinea	Sub-Saharan Africa	1
#FB61D7	5.567	2004	Equatorial Guinea	57	Equatorial Guinea	Sub-Saharan Africa	1
#FB61D7	5.511	2005	Equatorial Guinea	57	Equatorial Guinea	Sub-Saharan Africa	1
#FB61D7	5.454	2006	Equatorial Guinea	57	Equatorial Guinea	Sub-Saharan Africa	1
#FB61D7	5.393	2007	Equatorial Guinea	57	Equatorial Guinea	Sub-Saharan Africa	1
#FB61D7	5.328	2008	Equatorial Guinea	57	Equatorial Guinea	Sub-Saharan Africa	1
#FB61D7	5.259	2009	Equatorial Guinea	57	Equatorial Guinea	Sub-Saharan Africa	1
#FB61D7	5.185	2010	Equatorial Guinea	57	Equatorial Guinea	Sub-Saharan Africa	1
#FB61D7	5.106	2011	Equatorial Guinea	57	Equatorial Guinea	Sub-Saharan Africa	1
#C49A00	2.277	1960	Greece	70	Greece	Europe & Central Asia	1
#C49A00	2.189	1961	Greece	70	Greece	Europe & Central Asia	1
#C49A00	2.234	1962	Greece	70	Greece	Europe & Central Asia	1
#C49A00	2.215	1963	Greece	70	Greece	Europe & Central Asia	1
#C49A00	2.312	1964	Greece	70	Greece	Europe & Central Asia	1
#C49A00	2.297	1965	Greece	70	Greece	Europe & Central Asia	1
#C49A00	2.376	1966	Greece	70	Greece	Europe & Central Asia	1
#C49A00	2.549	1967	Greece	70	Greece	Europe & Central Asia	1
#C49A00	2.559	1968	Greece	70	Greece	Europe & Central Asia	1
#C49A00	2.48	1969	Greece	70	Greece	Europe & Central Asia	1
#C49A00	2.337	1970	Greece	70	Greece	Europe & Central Asia	1
#C49A00	2.295	1971	Greece	70	Greece	Europe & Central Asia	1
#C49A00	2.315	1972	Greece	70	Greece	Europe & Central Asia	1
#C49A00	2.28	1973	Greece	70	Greece	Europe & Central Asia	1
#C49A00	2.39	1974	Greece	70	Greece	Europe & Central Asia	1
#C49A00	2.365	1975	Greece	70	Greece	Europe & Central Asia	1
#C49A00	2.385	1976	Greece	70	Greece	Europe & Central Asia	1
#C49A00	2.266	1977	Greece	70	Greece	Europe & Central Asia	1
#C49A00	2.274	1978	Greece	70	Greece	Europe & Central Asia	1
#C49A00	2.261	1979	Greece	70	Greece	Europe & Central Asia	1
#C49A00	2.226	1980	Greece	70	Greece	Europe & Central Asia	1
#C49A00	2.091	1981	Greece	70	Greece	Europe & Central Asia	1
#C49A00	2.024	1982	Greece	70	Greece	Europe & Central Asia	1
#C49A00	1.94	1983	Greece	70	Greece	Europe & Central Asia	1
#C49A00	1.823	1984	Greece	70	Greece	Europe & Central Asia	1
#C49A00	1.677	1985	Greece	70	Greece	Europe & Central Asia	1
#C49A00	1.615	1986	Greece	70	Greece	Europe & Central Asia	1
#C49A00	1.5	1987	Greece	70	Greece	Europe & Central Asia	1
#C49A00	1.5	1988	Greece	70	Greece	Europe & Central Asia	1
#C49A00	1.41	1989	Greece	70	Greece	Europe & Central Asia	1
#C49A00	1.4	1990	Greece	70	Greece	Europe & Central Asia	1
#C49A00	1.38	1991	Greece	70	Greece	Europe & Central Asia	1
#C49A00	1.38	1992	Greece	70	Greece	Europe & Central Asia	1
#C49A00	1.34	1993	Greece	70	Greece	Europe & Central Asia	1
#C49A00	1.36	1994	Greece	70	Greece	Europe & Central Asia	1
#C49A00	1.32	1995	Greece	70	Greece	Europe & Central Asia	1
#C49A00	1.3	1996	Greece	70	Greece	Europe & Central Asia	1
#C49A00	1.31	1997	Greece	70	Greece	Europe & Central Asia	1
#C49A00	1.26	1998	Greece	70	Greece	Europe & Central Asia	1
#C49A00	1.24	1999	Greece	70	Greece	Europe & Central Asia	1
#C49A00	1.26	2000	Greece	70	Greece	Europe & Central Asia	1
#C49A00	1.25	2001	Greece	70	Greece	Europe & Central Asia	1
#C49A00	1.27	2002	Greece	70	Greece	Europe & Central Asia	1
#C49A00	1.28	2003	Greece	70	Greece	Europe & Central Asia	1
#C49A00	1.3	2004	Greece	70	Greece	Europe & Central Asia	1
#C49A00	1.33	2005	Greece	70	Greece	Europe & Central Asia	1
#C49A00	1.4	2006	Greece	70	Greece	Europe & Central Asia	1
#C49A00	1.41	2007	Greece	70	Greece	Europe & Central Asia	1
#C49A00	1.51	2008	Greece	70	Greece	Europe & Central Asia	1
#C49A00	1.52	2009	Greece	70	Greece	Europe & Central Asia	1
#C49A00	1.51	2010	Greece	70	Greece	Europe & Central Asia	1
#C49A00	1.43	2011	Greece	70	Greece	Europe & Central Asia	1
#53B400	6.534	1960	Guatemala	74	Guatemala	Latin America & Caribbean	1
#53B400	6.512	1961	Guatemala	74	Guatemala	Latin America & Caribbean	1
#53B400	6.49	1962	Guatemala	74	Guatemala	Latin America & Caribbean	1
#53B400	6.465	1963	Guatemala	74	Guatemala	Latin America & Caribbean	1
#53B400	6.434	1964	Guatemala	74	Guatemala	Latin America & Caribbean	1
#53B400	6.399	1965	Guatemala	74	Guatemala	Latin America & Caribbean	1
#53B400	6.36	1966	Guatemala	74	Guatemala	Latin America & Caribbean	1
#53B400	6.323	1967	Guatemala	74	Guatemala	Latin America & Caribbean	1
#53B400	6.288	1968	Guatemala	74	Guatemala	Latin America & Caribbean	1
#53B400	6.259	1969	Guatemala	74	Guatemala	Latin America & Caribbean	1
#53B400	6.235	1970	Guatemala	74	Guatemala	Latin America & Caribbean	1
#53B400	6.219	1971	Guatemala	74	Guatemala	Latin America & Caribbean	1
#53B400	6.208	1972	Guatemala	74	Guatemala	Latin America & Caribbean	1
#53B400	6.203	1973	Guatemala	74	Guatemala	Latin America & Caribbean	1
#53B400	6.201	1974	Guatemala	74	Guatemala	Latin America & Caribbean	1
#53B400	6.201	1975	Guatemala	74	Guatemala	Latin America & Caribbean	1
#53B400	6.203	1976	Guatemala	74	Guatemala	Latin America & Caribbean	1
#53B400	6.204	1977	Guatemala	74	Guatemala	Latin America & Caribbean	1
#53B400	6.203	1978	Guatemala	74	Guatemala	Latin America & Caribbean	1
#53B400	6.196	1979	Guatemala	74	Guatemala	Latin America & Caribbean	1
#53B400	6.18	1980	Guatemala	74	Guatemala	Latin America & Caribbean	1
#53B400	6.152	1981	Guatemala	74	Guatemala	Latin America & Caribbean	1
#53B400	6.109	1982	Guatemala	74	Guatemala	Latin America & Caribbean	1
#53B400	6.054	1983	Guatemala	74	Guatemala	Latin America & Caribbean	1
#53B400	5.987	1984	Guatemala	74	Guatemala	Latin America & Caribbean	1
#53B400	5.913	1985	Guatemala	74	Guatemala	Latin America & Caribbean	1
#53B400	5.837	1986	Guatemala	74	Guatemala	Latin America & Caribbean	1
#53B400	5.764	1987	Guatemala	74	Guatemala	Latin America & Caribbean	1
#53B400	5.697	1988	Guatemala	74	Guatemala	Latin America & Caribbean	1
#53B400	5.636	1989	Guatemala	74	Guatemala	Latin America & Caribbean	1
#53B400	5.58	1990	Guatemala	74	Guatemala	Latin America & Caribbean	1
#53B400	5.525	1991	Guatemala	74	Guatemala	Latin America & Caribbean	1
#53B400	5.465	1992	Guatemala	74	Guatemala	Latin America & Caribbean	1
#53B400	5.397	1993	Guatemala	74	Guatemala	Latin America & Caribbean	1
#53B400	5.32	1994	Guatemala	74	Guatemala	Latin America & Caribbean	1
#53B400	5.237	1995	Guatemala	74	Guatemala	Latin America & Caribbean	1
#53B400	5.148	1996	Guatemala	74	Guatemala	Latin America & Caribbean	1
#53B400	5.058	1997	Guatemala	74	Guatemala	Latin America & Caribbean	1
#53B400	4.97	1998	Guatemala	74	Guatemala	Latin America & Caribbean	1
#53B400	4.884	1999	Guatemala	74	Guatemala	Latin America & Caribbean	1
#53B400	4.801	2000	Guatemala	74	Guatemala	Latin America & Caribbean	1
#53B400	4.717	2001	Guatemala	74	Guatemala	Latin America & Caribbean	1
#53B400	4.633	2002	Guatemala	74	Guatemala	Latin America & Caribbean	1
#53B400	4.546	2003	Guatemala	74	Guatemala	Latin America & Caribbean	1
#53B400	4.458	2004	Guatemala	74	Guatemala	Latin America & Caribbean	1
#53B400	4.369	2005	Guatemala	74	Guatemala	Latin America & Caribbean	1
#53B400	4.282	2006	Guatemala	74	Guatemala	Latin America & Caribbean	1
#53B400	4.199	2007	Guatemala	74	Guatemala	Latin America & Caribbean	1
#53B400	4.122	2008	Guatemala	74	Guatemala	Latin America & Caribbean	1
#53B400	4.05	2009	Guatemala	74	Guatemala	Latin America & Caribbean	1
#53B400	3.983	2010	Guatemala	74	Guatemala	Latin America & Caribbean	1
#53B400	3.922	2011	Guatemala	74	Guatemala	Latin America & Caribbean	1
#F8766D	6.052	1960	Guam	73	Guam	East Asia & Pacific	1
#F8766D	6.048	1961	Guam	73	Guam	East Asia & Pacific	1
#F8766D	5.984	1962	Guam	73	Guam	East Asia & Pacific	1
#F8766D	5.857	1963	Guam	73	Guam	East Asia & Pacific	1
#F8766D	5.67	1964	Guam	73	Guam	East Asia & Pacific	1
#F8766D	5.439	1965	Guam	73	Guam	East Asia & Pacific	1
#F8766D	5.187	1966	Guam	73	Guam	East Asia & Pacific	1
#F8766D	4.939	1967	Guam	73	Guam	East Asia & Pacific	1
#F8766D	4.716	1968	Guam	73	Guam	East Asia & Pacific	1
#F8766D	4.526	1969	Guam	73	Guam	East Asia & Pacific	1
#F8766D	4.372	1970	Guam	73	Guam	East Asia & Pacific	1
#F8766D	4.248	1971	Guam	73	Guam	East Asia & Pacific	1
#F8766D	4.137	1972	Guam	73	Guam	East Asia & Pacific	1
#F8766D	4.028	1973	Guam	73	Guam	East Asia & Pacific	1
#F8766D	3.917	1974	Guam	73	Guam	East Asia & Pacific	1
#F8766D	3.801	1975	Guam	73	Guam	East Asia & Pacific	1
#F8766D	3.681	1976	Guam	73	Guam	East Asia & Pacific	1
#F8766D	3.561	1977	Guam	73	Guam	East Asia & Pacific	1
#F8766D	3.447	1978	Guam	73	Guam	East Asia & Pacific	1
#F8766D	3.34	1979	Guam	73	Guam	East Asia & Pacific	1
#F8766D	3.247	1980	Guam	73	Guam	East Asia & Pacific	1
#F8766D	3.173	1981	Guam	73	Guam	East Asia & Pacific	1
#F8766D	3.12	1982	Guam	73	Guam	East Asia & Pacific	1
#F8766D	3.088	1983	Guam	73	Guam	East Asia & Pacific	1
#F8766D	3.076	1984	Guam	73	Guam	East Asia & Pacific	1
#F8766D	3.079	1985	Guam	73	Guam	East Asia & Pacific	1
#F8766D	3.092	1986	Guam	73	Guam	East Asia & Pacific	1
#F8766D	3.108	1987	Guam	73	Guam	East Asia & Pacific	1
#F8766D	3.122	1988	Guam	73	Guam	East Asia & Pacific	1
#F8766D	3.13	1989	Guam	73	Guam	East Asia & Pacific	1
#F8766D	3.131	1990	Guam	73	Guam	East Asia & Pacific	1
#F8766D	3.124	1991	Guam	73	Guam	East Asia & Pacific	1
#F8766D	3.114	1992	Guam	73	Guam	East Asia & Pacific	1
#F8766D	3.101	1993	Guam	73	Guam	East Asia & Pacific	1
#F8766D	3.086	1994	Guam	73	Guam	East Asia & Pacific	1
#F8766D	3.067	1995	Guam	73	Guam	East Asia & Pacific	1
#F8766D	3.042	1996	Guam	73	Guam	East Asia & Pacific	1
#F8766D	3.01	1997	Guam	73	Guam	East Asia & Pacific	1
#F8766D	2.972	1998	Guam	73	Guam	East Asia & Pacific	1
#F8766D	2.927	1999	Guam	73	Guam	East Asia & Pacific	1
#F8766D	2.878	2000	Guam	73	Guam	East Asia & Pacific	1
#F8766D	2.825	2001	Guam	73	Guam	East Asia & Pacific	1
#F8766D	2.772	2002	Guam	73	Guam	East Asia & Pacific	1
#F8766D	2.721	2003	Guam	73	Guam	East Asia & Pacific	1
#F8766D	2.673	2004	Guam	73	Guam	East Asia & Pacific	1
#F8766D	2.63	2005	Guam	73	Guam	East Asia & Pacific	1
#F8766D	2.591	2006	Guam	73	Guam	East Asia & Pacific	1
#F8766D	2.556	2007	Guam	73	Guam	East Asia & Pacific	1
#F8766D	2.524	2008	Guam	73	Guam	East Asia & Pacific	1
#F8766D	2.496	2009	Guam	73	Guam	East Asia & Pacific	1
#F8766D	2.47	2010	Guam	73	Guam	East Asia & Pacific	1
#F8766D	2.446	2011	Guam	73	Guam	East Asia & Pacific	1
#FB61D7	5.828	1960	Guinea-Bissau	76	Guinea-Bissau	Sub-Saharan Africa	1
#FB61D7	5.771	1961	Guinea-Bissau	76	Guinea-Bissau	Sub-Saharan Africa	1
#FB61D7	5.67	1962	Guinea-Bissau	76	Guinea-Bissau	Sub-Saharan Africa	1
#FB61D7	5.515	1963	Guinea-Bissau	76	Guinea-Bissau	Sub-Saharan Africa	1
#FB61D7	5.32	1964	Guinea-Bissau	76	Guinea-Bissau	Sub-Saharan Africa	1
#FB61D7	5.139	1965	Guinea-Bissau	76	Guinea-Bissau	Sub-Saharan Africa	1
#FB61D7	5.045	1966	Guinea-Bissau	76	Guinea-Bissau	Sub-Saharan Africa	1
#FB61D7	5.091	1967	Guinea-Bissau	76	Guinea-Bissau	Sub-Saharan Africa	1
#FB61D7	5.296	1968	Guinea-Bissau	76	Guinea-Bissau	Sub-Saharan Africa	1
#FB61D7	5.643	1969	Guinea-Bissau	76	Guinea-Bissau	Sub-Saharan Africa	1
#FB61D7	6.071	1970	Guinea-Bissau	76	Guinea-Bissau	Sub-Saharan Africa	1
#FB61D7	6.489	1971	Guinea-Bissau	76	Guinea-Bissau	Sub-Saharan Africa	1
#FB61D7	6.812	1972	Guinea-Bissau	76	Guinea-Bissau	Sub-Saharan Africa	1
#FB61D7	6.984	1973	Guinea-Bissau	76	Guinea-Bissau	Sub-Saharan Africa	1
#FB61D7	6.993	1974	Guinea-Bissau	76	Guinea-Bissau	Sub-Saharan Africa	1
#FB61D7	6.866	1975	Guinea-Bissau	76	Guinea-Bissau	Sub-Saharan Africa	1
#FB61D7	6.662	1976	Guinea-Bissau	76	Guinea-Bissau	Sub-Saharan Africa	1
#FB61D7	6.463	1977	Guinea-Bissau	76	Guinea-Bissau	Sub-Saharan Africa	1
#FB61D7	6.33	1978	Guinea-Bissau	76	Guinea-Bissau	Sub-Saharan Africa	1
#FB61D7	6.283	1979	Guinea-Bissau	76	Guinea-Bissau	Sub-Saharan Africa	1
#FB61D7	6.322	1980	Guinea-Bissau	76	Guinea-Bissau	Sub-Saharan Africa	1
#FB61D7	6.423	1981	Guinea-Bissau	76	Guinea-Bissau	Sub-Saharan Africa	1
#FB61D7	6.542	1982	Guinea-Bissau	76	Guinea-Bissau	Sub-Saharan Africa	1
#FB61D7	6.642	1983	Guinea-Bissau	76	Guinea-Bissau	Sub-Saharan Africa	1
#FB61D7	6.71	1984	Guinea-Bissau	76	Guinea-Bissau	Sub-Saharan Africa	1
#FB61D7	6.743	1985	Guinea-Bissau	76	Guinea-Bissau	Sub-Saharan Africa	1
#FB61D7	6.743	1986	Guinea-Bissau	76	Guinea-Bissau	Sub-Saharan Africa	1
#FB61D7	6.728	1987	Guinea-Bissau	76	Guinea-Bissau	Sub-Saharan Africa	1
#FB61D7	6.706	1988	Guinea-Bissau	76	Guinea-Bissau	Sub-Saharan Africa	1
#FB61D7	6.68	1989	Guinea-Bissau	76	Guinea-Bissau	Sub-Saharan Africa	1
#FB61D7	6.649	1990	Guinea-Bissau	76	Guinea-Bissau	Sub-Saharan Africa	1
#FB61D7	6.608	1991	Guinea-Bissau	76	Guinea-Bissau	Sub-Saharan Africa	1
#FB61D7	6.554	1992	Guinea-Bissau	76	Guinea-Bissau	Sub-Saharan Africa	1
#FB61D7	6.486	1993	Guinea-Bissau	76	Guinea-Bissau	Sub-Saharan Africa	1
#FB61D7	6.404	1994	Guinea-Bissau	76	Guinea-Bissau	Sub-Saharan Africa	1
#FB61D7	6.312	1995	Guinea-Bissau	76	Guinea-Bissau	Sub-Saharan Africa	1
#FB61D7	6.214	1996	Guinea-Bissau	76	Guinea-Bissau	Sub-Saharan Africa	1
#FB61D7	6.115	1997	Guinea-Bissau	76	Guinea-Bissau	Sub-Saharan Africa	1
#FB61D7	6.02	1998	Guinea-Bissau	76	Guinea-Bissau	Sub-Saharan Africa	1
#FB61D7	5.93	1999	Guinea-Bissau	76	Guinea-Bissau	Sub-Saharan Africa	1
#FB61D7	5.846	2000	Guinea-Bissau	76	Guinea-Bissau	Sub-Saharan Africa	1
#FB61D7	5.768	2001	Guinea-Bissau	76	Guinea-Bissau	Sub-Saharan Africa	1
#FB61D7	5.692	2002	Guinea-Bissau	76	Guinea-Bissau	Sub-Saharan Africa	1
#FB61D7	5.616	2003	Guinea-Bissau	76	Guinea-Bissau	Sub-Saharan Africa	1
#FB61D7	5.54	2004	Guinea-Bissau	76	Guinea-Bissau	Sub-Saharan Africa	1
#FB61D7	5.462	2005	Guinea-Bissau	76	Guinea-Bissau	Sub-Saharan Africa	1
#FB61D7	5.383	2006	Guinea-Bissau	76	Guinea-Bissau	Sub-Saharan Africa	1
#FB61D7	5.303	2007	Guinea-Bissau	76	Guinea-Bissau	Sub-Saharan Africa	1
#FB61D7	5.222	2008	Guinea-Bissau	76	Guinea-Bissau	Sub-Saharan Africa	1
#FB61D7	5.142	2009	Guinea-Bissau	76	Guinea-Bissau	Sub-Saharan Africa	1
#FB61D7	5.063	2010	Guinea-Bissau	76	Guinea-Bissau	Sub-Saharan Africa	1
#FB61D7	4.988	2011	Guinea-Bissau	76	Guinea-Bissau	Sub-Saharan Africa	1
#53B400	6.474	1960	Guyana	77	Guyana	Latin America & Caribbean	1
#53B400	6.373	1961	Guyana	77	Guyana	Latin America & Caribbean	1
#53B400	6.291	1962	Guyana	77	Guyana	Latin America & Caribbean	1
#53B400	6.235	1963	Guyana	77	Guyana	Latin America & Caribbean	1
#53B400	6.201	1964	Guyana	77	Guyana	Latin America & Caribbean	1
#53B400	6.177	1965	Guyana	77	Guyana	Latin America & Caribbean	1
#53B400	6.139	1966	Guyana	77	Guyana	Latin America & Caribbean	1
#53B400	6.069	1967	Guyana	77	Guyana	Latin America & Caribbean	1
#53B400	5.951	1968	Guyana	77	Guyana	Latin America & Caribbean	1
#53B400	5.784	1969	Guyana	77	Guyana	Latin America & Caribbean	1
#53B400	5.573	1970	Guyana	77	Guyana	Latin America & Caribbean	1
#53B400	5.33	1971	Guyana	77	Guyana	Latin America & Caribbean	1
#53B400	5.076	1972	Guyana	77	Guyana	Latin America & Caribbean	1
#53B400	4.828	1973	Guyana	77	Guyana	Latin America & Caribbean	1
#53B400	4.595	1974	Guyana	77	Guyana	Latin America & Caribbean	1
#53B400	4.383	1975	Guyana	77	Guyana	Latin America & Caribbean	1
#53B400	4.193	1976	Guyana	77	Guyana	Latin America & Caribbean	1
#53B400	4.02	1977	Guyana	77	Guyana	Latin America & Caribbean	1
#53B400	3.859	1978	Guyana	77	Guyana	Latin America & Caribbean	1
#53B400	3.709	1979	Guyana	77	Guyana	Latin America & Caribbean	1
#53B400	3.567	1980	Guyana	77	Guyana	Latin America & Caribbean	1
#53B400	3.432	1981	Guyana	77	Guyana	Latin America & Caribbean	1
#53B400	3.301	1982	Guyana	77	Guyana	Latin America & Caribbean	1
#53B400	3.174	1983	Guyana	77	Guyana	Latin America & Caribbean	1
#53B400	3.052	1984	Guyana	77	Guyana	Latin America & Caribbean	1
#53B400	2.938	1985	Guyana	77	Guyana	Latin America & Caribbean	1
#53B400	2.836	1986	Guyana	77	Guyana	Latin America & Caribbean	1
#53B400	2.749	1987	Guyana	77	Guyana	Latin America & Caribbean	1
#53B400	2.678	1988	Guyana	77	Guyana	Latin America & Caribbean	1
#53B400	2.624	1989	Guyana	77	Guyana	Latin America & Caribbean	1
#53B400	2.586	1990	Guyana	77	Guyana	Latin America & Caribbean	1
#53B400	2.56	1991	Guyana	77	Guyana	Latin America & Caribbean	1
#53B400	2.544	1992	Guyana	77	Guyana	Latin America & Caribbean	1
#53B400	2.534	1993	Guyana	77	Guyana	Latin America & Caribbean	1
#53B400	2.526	1994	Guyana	77	Guyana	Latin America & Caribbean	1
#53B400	2.518	1995	Guyana	77	Guyana	Latin America & Caribbean	1
#53B400	2.509	1996	Guyana	77	Guyana	Latin America & Caribbean	1
#53B400	2.5	1997	Guyana	77	Guyana	Latin America & Caribbean	1
#53B400	2.49	1998	Guyana	77	Guyana	Latin America & Caribbean	1
#53B400	2.479	1999	Guyana	77	Guyana	Latin America & Caribbean	1
#53B400	2.466	2000	Guyana	77	Guyana	Latin America & Caribbean	1
#53B400	2.451	2001	Guyana	77	Guyana	Latin America & Caribbean	1
#53B400	2.435	2002	Guyana	77	Guyana	Latin America & Caribbean	1
#53B400	2.419	2003	Guyana	77	Guyana	Latin America & Caribbean	1
#53B400	2.401	2004	Guyana	77	Guyana	Latin America & Caribbean	1
#53B400	2.382	2005	Guyana	77	Guyana	Latin America & Caribbean	1
#53B400	2.362	2006	Guyana	77	Guyana	Latin America & Caribbean	1
#53B400	2.34	2007	Guyana	77	Guyana	Latin America & Caribbean	1
#53B400	2.315	2008	Guyana	77	Guyana	Latin America & Caribbean	1
#53B400	2.289	2009	Guyana	77	Guyana	Latin America & Caribbean	1
#53B400	2.262	2010	Guyana	77	Guyana	Latin America & Caribbean	1
#53B400	2.234	2011	Guyana	77	Guyana	Latin America & Caribbean	1
#F8766D	5.162	1960	Hong Kong SAR, China	80	Hong Kong SAR, China	East Asia & Pacific	1
#F8766D	5.213	1961	Hong Kong SAR, China	80	Hong Kong SAR, China	East Asia & Pacific	1
#F8766D	5.18	1962	Hong Kong SAR, China	80	Hong Kong SAR, China	East Asia & Pacific	1
#F8766D	5.051	1963	Hong Kong SAR, China	80	Hong Kong SAR, China	East Asia & Pacific	1
#F8766D	4.833	1964	Hong Kong SAR, China	80	Hong Kong SAR, China	East Asia & Pacific	1
#F8766D	4.551	1965	Hong Kong SAR, China	80	Hong Kong SAR, China	East Asia & Pacific	1
#F8766D	4.246	1966	Hong Kong SAR, China	80	Hong Kong SAR, China	East Asia & Pacific	1
#F8766D	3.959	1967	Hong Kong SAR, China	80	Hong Kong SAR, China	East Asia & Pacific	1
#F8766D	3.722	1968	Hong Kong SAR, China	80	Hong Kong SAR, China	East Asia & Pacific	1
#F8766D	3.545	1969	Hong Kong SAR, China	80	Hong Kong SAR, China	East Asia & Pacific	1
#F8766D	3.421	1970	Hong Kong SAR, China	80	Hong Kong SAR, China	East Asia & Pacific	1
#F8766D	3.459	1971	Hong Kong SAR, China	80	Hong Kong SAR, China	East Asia & Pacific	1
#F8766D	3.315	1972	Hong Kong SAR, China	80	Hong Kong SAR, China	East Asia & Pacific	1
#F8766D	3.177	1973	Hong Kong SAR, China	80	Hong Kong SAR, China	East Asia & Pacific	1
#F8766D	2.967	1974	Hong Kong SAR, China	80	Hong Kong SAR, China	East Asia & Pacific	1
#F8766D	2.666	1975	Hong Kong SAR, China	80	Hong Kong SAR, China	East Asia & Pacific	1
#F8766D	2.48	1976	Hong Kong SAR, China	80	Hong Kong SAR, China	East Asia & Pacific	1
#F8766D	2.376	1977	Hong Kong SAR, China	80	Hong Kong SAR, China	East Asia & Pacific	1
#F8766D	2.272	1978	Hong Kong SAR, China	80	Hong Kong SAR, China	East Asia & Pacific	1
#F8766D	2.12	1979	Hong Kong SAR, China	80	Hong Kong SAR, China	East Asia & Pacific	1
#F8766D	2.047	1980	Hong Kong SAR, China	80	Hong Kong SAR, China	East Asia & Pacific	1
#F8766D	1.933	1981	Hong Kong SAR, China	80	Hong Kong SAR, China	East Asia & Pacific	1
#F8766D	1.86	1982	Hong Kong SAR, China	80	Hong Kong SAR, China	East Asia & Pacific	1
#F8766D	1.722	1983	Hong Kong SAR, China	80	Hong Kong SAR, China	East Asia & Pacific	1
#F8766D	1.559	1984	Hong Kong SAR, China	80	Hong Kong SAR, China	East Asia & Pacific	1
#F8766D	1.491	1985	Hong Kong SAR, China	80	Hong Kong SAR, China	East Asia & Pacific	1
#F8766D	1.367	1986	Hong Kong SAR, China	80	Hong Kong SAR, China	East Asia & Pacific	1
#F8766D	1.311	1987	Hong Kong SAR, China	80	Hong Kong SAR, China	East Asia & Pacific	1
#F8766D	1.4	1988	Hong Kong SAR, China	80	Hong Kong SAR, China	East Asia & Pacific	1
#F8766D	1.296	1989	Hong Kong SAR, China	80	Hong Kong SAR, China	East Asia & Pacific	1
#F8766D	1.272	1990	Hong Kong SAR, China	80	Hong Kong SAR, China	East Asia & Pacific	1
#F8766D	1.281	1991	Hong Kong SAR, China	80	Hong Kong SAR, China	East Asia & Pacific	1
#F8766D	1.347	1992	Hong Kong SAR, China	80	Hong Kong SAR, China	East Asia & Pacific	1
#F8766D	1.342	1993	Hong Kong SAR, China	80	Hong Kong SAR, China	East Asia & Pacific	1
#F8766D	1.355	1994	Hong Kong SAR, China	80	Hong Kong SAR, China	East Asia & Pacific	1
#F8766D	1.295	1995	Hong Kong SAR, China	80	Hong Kong SAR, China	East Asia & Pacific	1
#F8766D	1.191	1996	Hong Kong SAR, China	80	Hong Kong SAR, China	East Asia & Pacific	1
#F8766D	1.127	1997	Hong Kong SAR, China	80	Hong Kong SAR, China	East Asia & Pacific	1
#F8766D	1.017	1998	Hong Kong SAR, China	80	Hong Kong SAR, China	East Asia & Pacific	1
#F8766D	0.982	1999	Hong Kong SAR, China	80	Hong Kong SAR, China	East Asia & Pacific	1
#F8766D	1.035	2000	Hong Kong SAR, China	80	Hong Kong SAR, China	East Asia & Pacific	1
#F8766D	0.932	2001	Hong Kong SAR, China	80	Hong Kong SAR, China	East Asia & Pacific	1
#F8766D	0.939	2002	Hong Kong SAR, China	80	Hong Kong SAR, China	East Asia & Pacific	1
#F8766D	0.901	2003	Hong Kong SAR, China	80	Hong Kong SAR, China	East Asia & Pacific	1
#F8766D	0.927	2004	Hong Kong SAR, China	80	Hong Kong SAR, China	East Asia & Pacific	1
#F8766D	0.966	2005	Hong Kong SAR, China	80	Hong Kong SAR, China	East Asia & Pacific	1
#F8766D	0.984	2006	Hong Kong SAR, China	80	Hong Kong SAR, China	East Asia & Pacific	1
#F8766D	1.028	2007	Hong Kong SAR, China	80	Hong Kong SAR, China	East Asia & Pacific	1
#F8766D	1.064	2008	Hong Kong SAR, China	80	Hong Kong SAR, China	East Asia & Pacific	1
#F8766D	1.055	2009	Hong Kong SAR, China	80	Hong Kong SAR, China	East Asia & Pacific	1
#F8766D	1.127	2010	Hong Kong SAR, China	80	Hong Kong SAR, China	East Asia & Pacific	1
#F8766D	1.204	2011	Hong Kong SAR, China	80	Hong Kong SAR, China	East Asia & Pacific	1
#53B400	7.458	1960	Honduras	79	Honduras	Latin America & Caribbean	1
#53B400	7.448	1961	Honduras	79	Honduras	Latin America & Caribbean	1
#53B400	7.443	1962	Honduras	79	Honduras	Latin America & Caribbean	1
#53B400	7.441	1963	Honduras	79	Honduras	Latin America & Caribbean	1
#53B400	7.443	1964	Honduras	79	Honduras	Latin America & Caribbean	1
#53B400	7.442	1965	Honduras	79	Honduras	Latin America & Caribbean	1
#53B400	7.435	1966	Honduras	79	Honduras	Latin America & Caribbean	1
#53B400	7.417	1967	Honduras	79	Honduras	Latin America & Caribbean	1
#53B400	7.383	1968	Honduras	79	Honduras	Latin America & Caribbean	1
#53B400	7.334	1969	Honduras	79	Honduras	Latin America & Caribbean	1
#53B400	7.27	1970	Honduras	79	Honduras	Latin America & Caribbean	1
#53B400	7.195	1971	Honduras	79	Honduras	Latin America & Caribbean	1
#53B400	7.111	1972	Honduras	79	Honduras	Latin America & Caribbean	1
#53B400	7.025	1973	Honduras	79	Honduras	Latin America & Caribbean	1
#53B400	6.935	1974	Honduras	79	Honduras	Latin America & Caribbean	1
#53B400	6.844	1975	Honduras	79	Honduras	Latin America & Caribbean	1
#53B400	6.749	1976	Honduras	79	Honduras	Latin America & Caribbean	1
#53B400	6.649	1977	Honduras	79	Honduras	Latin America & Caribbean	1
#53B400	6.543	1978	Honduras	79	Honduras	Latin America & Caribbean	1
#53B400	6.431	1979	Honduras	79	Honduras	Latin America & Caribbean	1
#53B400	6.313	1980	Honduras	79	Honduras	Latin America & Caribbean	1
#53B400	6.19	1981	Honduras	79	Honduras	Latin America & Caribbean	1
#53B400	6.062	1982	Honduras	79	Honduras	Latin America & Caribbean	1
#53B400	5.932	1983	Honduras	79	Honduras	Latin America & Caribbean	1
#53B400	5.802	1984	Honduras	79	Honduras	Latin America & Caribbean	1
#53B400	5.675	1985	Honduras	79	Honduras	Latin America & Caribbean	1
#53B400	5.554	1986	Honduras	79	Honduras	Latin America & Caribbean	1
#53B400	5.441	1987	Honduras	79	Honduras	Latin America & Caribbean	1
#53B400	5.335	1988	Honduras	79	Honduras	Latin America & Caribbean	1
#53B400	5.236	1989	Honduras	79	Honduras	Latin America & Caribbean	1
#53B400	5.142	1990	Honduras	79	Honduras	Latin America & Caribbean	1
#53B400	5.048	1991	Honduras	79	Honduras	Latin America & Caribbean	1
#53B400	4.95	1992	Honduras	79	Honduras	Latin America & Caribbean	1
#53B400	4.846	1993	Honduras	79	Honduras	Latin America & Caribbean	1
#53B400	4.735	1994	Honduras	79	Honduras	Latin America & Caribbean	1
#53B400	4.617	1995	Honduras	79	Honduras	Latin America & Caribbean	1
#53B400	4.493	1996	Honduras	79	Honduras	Latin America & Caribbean	1
#53B400	4.366	1997	Honduras	79	Honduras	Latin America & Caribbean	1
#53B400	4.239	1998	Honduras	79	Honduras	Latin America & Caribbean	1
#53B400	4.116	1999	Honduras	79	Honduras	Latin America & Caribbean	1
#53B400	3.997	2000	Honduras	79	Honduras	Latin America & Caribbean	1
#53B400	3.883	2001	Honduras	79	Honduras	Latin America & Caribbean	1
#53B400	3.776	2002	Honduras	79	Honduras	Latin America & Caribbean	1
#53B400	3.676	2003	Honduras	79	Honduras	Latin America & Caribbean	1
#53B400	3.582	2004	Honduras	79	Honduras	Latin America & Caribbean	1
#53B400	3.495	2005	Honduras	79	Honduras	Latin America & Caribbean	1
#53B400	3.414	2006	Honduras	79	Honduras	Latin America & Caribbean	1
#53B400	3.339	2007	Honduras	79	Honduras	Latin America & Caribbean	1
#53B400	3.269	2008	Honduras	79	Honduras	Latin America & Caribbean	1
#53B400	3.202	2009	Honduras	79	Honduras	Latin America & Caribbean	1
#53B400	3.139	2010	Honduras	79	Honduras	Latin America & Caribbean	1
#53B400	3.078	2011	Honduras	79	Honduras	Latin America & Caribbean	1
#C49A00	2.332	1960	Croatia	45	Croatia	Europe & Central Asia	1
#C49A00	2.302	1961	Croatia	45	Croatia	Europe & Central Asia	1
#C49A00	2.273	1962	Croatia	45	Croatia	Europe & Central Asia	1
#C49A00	2.243	1963	Croatia	45	Croatia	Europe & Central Asia	1
#C49A00	2.211	1964	Croatia	45	Croatia	Europe & Central Asia	1
#C49A00	2.177	1965	Croatia	45	Croatia	Europe & Central Asia	1
#C49A00	2.141	1966	Croatia	45	Croatia	Europe & Central Asia	1
#C49A00	2.104	1967	Croatia	45	Croatia	Europe & Central Asia	1
#C49A00	2.068	1968	Croatia	45	Croatia	Europe & Central Asia	1
#C49A00	2.035	1969	Croatia	45	Croatia	Europe & Central Asia	1
#C49A00	2.007	1970	Croatia	45	Croatia	Europe & Central Asia	1
#C49A00	1.987	1971	Croatia	45	Croatia	Europe & Central Asia	1
#C49A00	1.975	1972	Croatia	45	Croatia	Europe & Central Asia	1
#C49A00	1.972	1973	Croatia	45	Croatia	Europe & Central Asia	1
#C49A00	1.976	1974	Croatia	45	Croatia	Europe & Central Asia	1
#C49A00	1.985	1975	Croatia	45	Croatia	Europe & Central Asia	1
#C49A00	1.996	1976	Croatia	45	Croatia	Europe & Central Asia	1
#C49A00	2.005	1977	Croatia	45	Croatia	Europe & Central Asia	1
#C49A00	2.01	1978	Croatia	45	Croatia	Europe & Central Asia	1
#C49A00	2.01	1979	Croatia	45	Croatia	Europe & Central Asia	1
#C49A00	2.004	1980	Croatia	45	Croatia	Europe & Central Asia	1
#C49A00	1.993	1981	Croatia	45	Croatia	Europe & Central Asia	1
#C49A00	1.9	1982	Croatia	45	Croatia	Europe & Central Asia	1
#C49A00	1.88	1983	Croatia	45	Croatia	Europe & Central Asia	1
#C49A00	1.87	1984	Croatia	45	Croatia	Europe & Central Asia	1
#C49A00	1.82	1985	Croatia	45	Croatia	Europe & Central Asia	1
#C49A00	1.76	1986	Croatia	45	Croatia	Europe & Central Asia	1
#C49A00	1.64	1987	Croatia	45	Croatia	Europe & Central Asia	1
#C49A00	1.79	1988	Croatia	45	Croatia	Europe & Central Asia	1
#C49A00	1.63	1989	Croatia	45	Croatia	Europe & Central Asia	1
#C49A00	1.63	1990	Croatia	45	Croatia	Europe & Central Asia	1
#C49A00	1.53	1991	Croatia	45	Croatia	Europe & Central Asia	1
#C49A00	1.48	1992	Croatia	45	Croatia	Europe & Central Asia	1
#C49A00	1.52	1993	Croatia	45	Croatia	Europe & Central Asia	1
#C49A00	1.47	1994	Croatia	45	Croatia	Europe & Central Asia	1
#C49A00	1.58	1995	Croatia	45	Croatia	Europe & Central Asia	1
#C49A00	1.67	1996	Croatia	45	Croatia	Europe & Central Asia	1
#C49A00	1.69	1997	Croatia	45	Croatia	Europe & Central Asia	1
#C49A00	1.45	1998	Croatia	45	Croatia	Europe & Central Asia	1
#C49A00	1.38	1999	Croatia	45	Croatia	Europe & Central Asia	1
#C49A00	1.39	2000	Croatia	45	Croatia	Europe & Central Asia	1
#C49A00	1.38	2001	Croatia	45	Croatia	Europe & Central Asia	1
#C49A00	1.34	2002	Croatia	45	Croatia	Europe & Central Asia	1
#C49A00	1.33	2003	Croatia	45	Croatia	Europe & Central Asia	1
#C49A00	1.35	2004	Croatia	45	Croatia	Europe & Central Asia	1
#C49A00	1.41	2005	Croatia	45	Croatia	Europe & Central Asia	1
#C49A00	1.38	2006	Croatia	45	Croatia	Europe & Central Asia	1
#C49A00	1.4	2007	Croatia	45	Croatia	Europe & Central Asia	1
#C49A00	1.47	2008	Croatia	45	Croatia	Europe & Central Asia	1
#C49A00	1.5	2009	Croatia	45	Croatia	Europe & Central Asia	1
#C49A00	1.46	2010	Croatia	45	Croatia	Europe & Central Asia	1
#C49A00	1.46	2011	Croatia	45	Croatia	Europe & Central Asia	1
#53B400	6.324	1960	Haiti	78	Haiti	Latin America & Caribbean	1
#53B400	6.318	1961	Haiti	78	Haiti	Latin America & Caribbean	1
#53B400	6.302	1962	Haiti	78	Haiti	Latin America & Caribbean	1
#53B400	6.274	1963	Haiti	78	Haiti	Latin America & Caribbean	1
#53B400	6.233	1964	Haiti	78	Haiti	Latin America & Caribbean	1
#53B400	6.179	1965	Haiti	78	Haiti	Latin America & Caribbean	1
#53B400	6.109	1966	Haiti	78	Haiti	Latin America & Caribbean	1
#53B400	6.026	1967	Haiti	78	Haiti	Latin America & Caribbean	1
#53B400	5.937	1968	Haiti	78	Haiti	Latin America & Caribbean	1
#53B400	5.847	1969	Haiti	78	Haiti	Latin America & Caribbean	1
#53B400	5.762	1970	Haiti	78	Haiti	Latin America & Caribbean	1
#53B400	5.693	1971	Haiti	78	Haiti	Latin America & Caribbean	1
#53B400	5.643	1972	Haiti	78	Haiti	Latin America & Caribbean	1
#53B400	5.616	1973	Haiti	78	Haiti	Latin America & Caribbean	1
#53B400	5.615	1974	Haiti	78	Haiti	Latin America & Caribbean	1
#53B400	5.642	1975	Haiti	78	Haiti	Latin America & Caribbean	1
#53B400	5.699	1976	Haiti	78	Haiti	Latin America & Caribbean	1
#53B400	5.779	1977	Haiti	78	Haiti	Latin America & Caribbean	1
#53B400	5.872	1978	Haiti	78	Haiti	Latin America & Caribbean	1
#53B400	5.97	1979	Haiti	78	Haiti	Latin America & Caribbean	1
#53B400	6.058	1980	Haiti	78	Haiti	Latin America & Caribbean	1
#53B400	6.122	1981	Haiti	78	Haiti	Latin America & Caribbean	1
#53B400	6.154	1982	Haiti	78	Haiti	Latin America & Caribbean	1
#53B400	6.149	1983	Haiti	78	Haiti	Latin America & Caribbean	1
#53B400	6.106	1984	Haiti	78	Haiti	Latin America & Caribbean	1
#53B400	6.028	1985	Haiti	78	Haiti	Latin America & Caribbean	1
#53B400	5.921	1986	Haiti	78	Haiti	Latin America & Caribbean	1
#53B400	5.799	1987	Haiti	78	Haiti	Latin America & Caribbean	1
#53B400	5.673	1988	Haiti	78	Haiti	Latin America & Caribbean	1
#53B400	5.549	1989	Haiti	78	Haiti	Latin America & Caribbean	1
#53B400	5.43	1990	Haiti	78	Haiti	Latin America & Caribbean	1
#53B400	5.318	1991	Haiti	78	Haiti	Latin America & Caribbean	1
#53B400	5.21	1992	Haiti	78	Haiti	Latin America & Caribbean	1
#53B400	5.103	1993	Haiti	78	Haiti	Latin America & Caribbean	1
#53B400	4.997	1994	Haiti	78	Haiti	Latin America & Caribbean	1
#53B400	4.889	1995	Haiti	78	Haiti	Latin America & Caribbean	1
#53B400	4.779	1996	Haiti	78	Haiti	Latin America & Caribbean	1
#53B400	4.665	1997	Haiti	78	Haiti	Latin America & Caribbean	1
#53B400	4.547	1998	Haiti	78	Haiti	Latin America & Caribbean	1
#53B400	4.426	1999	Haiti	78	Haiti	Latin America & Caribbean	1
#53B400	4.303	2000	Haiti	78	Haiti	Latin America & Caribbean	1
#53B400	4.182	2001	Haiti	78	Haiti	Latin America & Caribbean	1
#53B400	4.065	2002	Haiti	78	Haiti	Latin America & Caribbean	1
#53B400	3.955	2003	Haiti	78	Haiti	Latin America & Caribbean	1
#53B400	3.851	2004	Haiti	78	Haiti	Latin America & Caribbean	1
#53B400	3.755	2005	Haiti	78	Haiti	Latin America & Caribbean	1
#53B400	3.665	2006	Haiti	78	Haiti	Latin America & Caribbean	1
#53B400	3.58	2007	Haiti	78	Haiti	Latin America & Caribbean	1
#53B400	3.497	2008	Haiti	78	Haiti	Latin America & Caribbean	1
#53B400	3.418	2009	Haiti	78	Haiti	Latin America & Caribbean	1
#53B400	3.34	2010	Haiti	78	Haiti	Latin America & Caribbean	1
#53B400	3.264	2011	Haiti	78	Haiti	Latin America & Caribbean	1
#C49A00	2.019	1960	Hungary	81	Hungary	Europe & Central Asia	1
#C49A00	1.941	1961	Hungary	81	Hungary	Europe & Central Asia	1
#C49A00	1.79	1962	Hungary	81	Hungary	Europe & Central Asia	1
#C49A00	1.81	1963	Hungary	81	Hungary	Europe & Central Asia	1
#C49A00	1.82	1964	Hungary	81	Hungary	Europe & Central Asia	1
#C49A00	1.82	1965	Hungary	81	Hungary	Europe & Central Asia	1
#C49A00	1.89	1966	Hungary	81	Hungary	Europe & Central Asia	1
#C49A00	2.01	1967	Hungary	81	Hungary	Europe & Central Asia	1
#C49A00	2.06	1968	Hungary	81	Hungary	Europe & Central Asia	1
#C49A00	2.029	1969	Hungary	81	Hungary	Europe & Central Asia	1
#C49A00	1.97	1970	Hungary	81	Hungary	Europe & Central Asia	1
#C49A00	1.915	1971	Hungary	81	Hungary	Europe & Central Asia	1
#C49A00	1.931	1972	Hungary	81	Hungary	Europe & Central Asia	1
#C49A00	1.93	1973	Hungary	81	Hungary	Europe & Central Asia	1
#C49A00	2.27	1974	Hungary	81	Hungary	Europe & Central Asia	1
#C49A00	2.35	1975	Hungary	81	Hungary	Europe & Central Asia	1
#C49A00	2.23	1976	Hungary	81	Hungary	Europe & Central Asia	1
#C49A00	2.15	1977	Hungary	81	Hungary	Europe & Central Asia	1
#C49A00	2.07	1978	Hungary	81	Hungary	Europe & Central Asia	1
#C49A00	2.01	1979	Hungary	81	Hungary	Europe & Central Asia	1
#C49A00	1.91	1980	Hungary	81	Hungary	Europe & Central Asia	1
#C49A00	1.877	1981	Hungary	81	Hungary	Europe & Central Asia	1
#C49A00	1.92	1982	Hungary	81	Hungary	Europe & Central Asia	1
#C49A00	1.73	1983	Hungary	81	Hungary	Europe & Central Asia	1
#C49A00	1.73	1984	Hungary	81	Hungary	Europe & Central Asia	1
#C49A00	1.83	1985	Hungary	81	Hungary	Europe & Central Asia	1
#C49A00	1.83	1986	Hungary	81	Hungary	Europe & Central Asia	1
#C49A00	1.81	1987	Hungary	81	Hungary	Europe & Central Asia	1
#C49A00	1.79	1988	Hungary	81	Hungary	Europe & Central Asia	1
#C49A00	1.78	1989	Hungary	81	Hungary	Europe & Central Asia	1
#C49A00	1.84	1990	Hungary	81	Hungary	Europe & Central Asia	1
#C49A00	1.86	1991	Hungary	81	Hungary	Europe & Central Asia	1
#C49A00	1.77	1992	Hungary	81	Hungary	Europe & Central Asia	1
#C49A00	1.69	1993	Hungary	81	Hungary	Europe & Central Asia	1
#C49A00	1.64	1994	Hungary	81	Hungary	Europe & Central Asia	1
#C49A00	1.57	1995	Hungary	81	Hungary	Europe & Central Asia	1
#C49A00	1.46	1996	Hungary	81	Hungary	Europe & Central Asia	1
#C49A00	1.38	1997	Hungary	81	Hungary	Europe & Central Asia	1
#C49A00	1.32	1998	Hungary	81	Hungary	Europe & Central Asia	1
#C49A00	1.28	1999	Hungary	81	Hungary	Europe & Central Asia	1
#C49A00	1.32	2000	Hungary	81	Hungary	Europe & Central Asia	1
#C49A00	1.31	2001	Hungary	81	Hungary	Europe & Central Asia	1
#C49A00	1.3	2002	Hungary	81	Hungary	Europe & Central Asia	1
#C49A00	1.27	2003	Hungary	81	Hungary	Europe & Central Asia	1
#C49A00	1.28	2004	Hungary	81	Hungary	Europe & Central Asia	1
#C49A00	1.31	2005	Hungary	81	Hungary	Europe & Central Asia	1
#C49A00	1.34	2006	Hungary	81	Hungary	Europe & Central Asia	1
#C49A00	1.32	2007	Hungary	81	Hungary	Europe & Central Asia	1
#C49A00	1.35	2008	Hungary	81	Hungary	Europe & Central Asia	1
#C49A00	1.32	2009	Hungary	81	Hungary	Europe & Central Asia	1
#C49A00	1.25	2010	Hungary	81	Hungary	Europe & Central Asia	1
#C49A00	1.23	2011	Hungary	81	Hungary	Europe & Central Asia	1
#F8766D	5.666	1960	Indonesia	84	Indonesia	East Asia & Pacific	1
#F8766D	5.656	1961	Indonesia	84	Indonesia	East Asia & Pacific	1
#F8766D	5.645	1962	Indonesia	84	Indonesia	East Asia & Pacific	1
#F8766D	5.634	1963	Indonesia	84	Indonesia	East Asia & Pacific	1
#F8766D	5.623	1964	Indonesia	84	Indonesia	East Asia & Pacific	1
#F8766D	5.612	1965	Indonesia	84	Indonesia	East Asia & Pacific	1
#F8766D	5.599	1966	Indonesia	84	Indonesia	East Asia & Pacific	1
#F8766D	5.582	1967	Indonesia	84	Indonesia	East Asia & Pacific	1
#F8766D	5.556	1968	Indonesia	84	Indonesia	East Asia & Pacific	1
#F8766D	5.521	1969	Indonesia	84	Indonesia	East Asia & Pacific	1
#F8766D	5.474	1970	Indonesia	84	Indonesia	East Asia & Pacific	1
#F8766D	5.413	1971	Indonesia	84	Indonesia	East Asia & Pacific	1
#F8766D	5.338	1972	Indonesia	84	Indonesia	East Asia & Pacific	1
#F8766D	5.251	1973	Indonesia	84	Indonesia	East Asia & Pacific	1
#F8766D	5.152	1974	Indonesia	84	Indonesia	East Asia & Pacific	1
#F8766D	5.043	1975	Indonesia	84	Indonesia	East Asia & Pacific	1
#F8766D	4.927	1976	Indonesia	84	Indonesia	East Asia & Pacific	1
#F8766D	4.806	1977	Indonesia	84	Indonesia	East Asia & Pacific	1
#F8766D	4.682	1978	Indonesia	84	Indonesia	East Asia & Pacific	1
#F8766D	4.557	1979	Indonesia	84	Indonesia	East Asia & Pacific	1
#F8766D	4.43	1980	Indonesia	84	Indonesia	East Asia & Pacific	1
#F8766D	4.301	1981	Indonesia	84	Indonesia	East Asia & Pacific	1
#F8766D	4.167	1982	Indonesia	84	Indonesia	East Asia & Pacific	1
#F8766D	4.028	1983	Indonesia	84	Indonesia	East Asia & Pacific	1
#F8766D	3.887	1984	Indonesia	84	Indonesia	East Asia & Pacific	1
#F8766D	3.745	1985	Indonesia	84	Indonesia	East Asia & Pacific	1
#F8766D	3.606	1986	Indonesia	84	Indonesia	East Asia & Pacific	1
#F8766D	3.472	1987	Indonesia	84	Indonesia	East Asia & Pacific	1
#F8766D	3.346	1988	Indonesia	84	Indonesia	East Asia & Pacific	1
#F8766D	3.229	1989	Indonesia	84	Indonesia	East Asia & Pacific	1
#F8766D	3.122	1990	Indonesia	84	Indonesia	East Asia & Pacific	1
#F8766D	3.024	1991	Indonesia	84	Indonesia	East Asia & Pacific	1
#F8766D	2.934	1992	Indonesia	84	Indonesia	East Asia & Pacific	1
#F8766D	2.849	1993	Indonesia	84	Indonesia	East Asia & Pacific	1
#F8766D	2.771	1994	Indonesia	84	Indonesia	East Asia & Pacific	1
#F8766D	2.699	1995	Indonesia	84	Indonesia	East Asia & Pacific	1
#F8766D	2.635	1996	Indonesia	84	Indonesia	East Asia & Pacific	1
#F8766D	2.579	1997	Indonesia	84	Indonesia	East Asia & Pacific	1
#F8766D	2.53	1998	Indonesia	84	Indonesia	East Asia & Pacific	1
#F8766D	2.489	1999	Indonesia	84	Indonesia	East Asia & Pacific	1
#F8766D	2.453	2000	Indonesia	84	Indonesia	East Asia & Pacific	1
#F8766D	2.419	2001	Indonesia	84	Indonesia	East Asia & Pacific	1
#F8766D	2.386	2002	Indonesia	84	Indonesia	East Asia & Pacific	1
#F8766D	2.353	2003	Indonesia	84	Indonesia	East Asia & Pacific	1
#F8766D	2.318	2004	Indonesia	84	Indonesia	East Asia & Pacific	1
#F8766D	2.282	2005	Indonesia	84	Indonesia	East Asia & Pacific	1
#F8766D	2.246	2006	Indonesia	84	Indonesia	East Asia & Pacific	1
#F8766D	2.21	2007	Indonesia	84	Indonesia	East Asia & Pacific	1
#F8766D	2.176	2008	Indonesia	84	Indonesia	East Asia & Pacific	1
#F8766D	2.145	2009	Indonesia	84	Indonesia	East Asia & Pacific	1
#F8766D	2.117	2010	Indonesia	84	Indonesia	East Asia & Pacific	1
#F8766D	2.09	2011	Indonesia	84	Indonesia	East Asia & Pacific	1
#C49A00	3.76	1960	Ireland	87	Ireland	Europe & Central Asia	1
#C49A00	3.791	1961	Ireland	87	Ireland	Europe & Central Asia	1
#C49A00	3.921	1962	Ireland	87	Ireland	Europe & Central Asia	1
#C49A00	4.01	1963	Ireland	87	Ireland	Europe & Central Asia	1
#C49A00	4.065	1964	Ireland	87	Ireland	Europe & Central Asia	1
#C49A00	4.031	1965	Ireland	87	Ireland	Europe & Central Asia	1
#C49A00	3.954	1966	Ireland	87	Ireland	Europe & Central Asia	1
#C49A00	3.842	1967	Ireland	87	Ireland	Europe & Central Asia	1
#C49A00	3.778	1968	Ireland	87	Ireland	Europe & Central Asia	1
#C49A00	3.845	1969	Ireland	87	Ireland	Europe & Central Asia	1
#C49A00	3.93	1970	Ireland	87	Ireland	Europe & Central Asia	1
#C49A00	3.975	1971	Ireland	87	Ireland	Europe & Central Asia	1
#C49A00	3.874	1972	Ireland	87	Ireland	Europe & Central Asia	1
#C49A00	3.74	1973	Ireland	87	Ireland	Europe & Central Asia	1
#C49A00	3.617	1974	Ireland	87	Ireland	Europe & Central Asia	1
#C49A00	3.396	1975	Ireland	87	Ireland	Europe & Central Asia	1
#C49A00	3.312	1976	Ireland	87	Ireland	Europe & Central Asia	1
#C49A00	3.269	1977	Ireland	87	Ireland	Europe & Central Asia	1
#C49A00	3.24	1978	Ireland	87	Ireland	Europe & Central Asia	1
#C49A00	3.229	1979	Ireland	87	Ireland	Europe & Central Asia	1
#C49A00	3.229	1980	Ireland	87	Ireland	Europe & Central Asia	1
#C49A00	3.07	1981	Ireland	87	Ireland	Europe & Central Asia	1
#C49A00	2.957	1982	Ireland	87	Ireland	Europe & Central Asia	1
#C49A00	2.759	1983	Ireland	87	Ireland	Europe & Central Asia	1
#C49A00	2.589	1984	Ireland	87	Ireland	Europe & Central Asia	1
#C49A00	2.5	1985	Ireland	87	Ireland	Europe & Central Asia	1
#C49A00	2.45	1986	Ireland	87	Ireland	Europe & Central Asia	1
#C49A00	2.31	1987	Ireland	87	Ireland	Europe & Central Asia	1
#C49A00	2.17	1988	Ireland	87	Ireland	Europe & Central Asia	1
#C49A00	2.08	1989	Ireland	87	Ireland	Europe & Central Asia	1
#C49A00	2.12	1990	Ireland	87	Ireland	Europe & Central Asia	1
#C49A00	2.09	1991	Ireland	87	Ireland	Europe & Central Asia	1
#C49A00	2.02	1992	Ireland	87	Ireland	Europe & Central Asia	1
#C49A00	1.93	1993	Ireland	87	Ireland	Europe & Central Asia	1
#C49A00	1.86	1994	Ireland	87	Ireland	Europe & Central Asia	1
#C49A00	1.87	1995	Ireland	87	Ireland	Europe & Central Asia	1
#C49A00	1.91	1996	Ireland	87	Ireland	Europe & Central Asia	1
#C49A00	1.92	1997	Ireland	87	Ireland	Europe & Central Asia	1
#C49A00	1.94	1998	Ireland	87	Ireland	Europe & Central Asia	1
#C49A00	1.9	1999	Ireland	87	Ireland	Europe & Central Asia	1
#C49A00	1.89	2000	Ireland	87	Ireland	Europe & Central Asia	1
#C49A00	1.94	2001	Ireland	87	Ireland	Europe & Central Asia	1
#C49A00	1.97	2002	Ireland	87	Ireland	Europe & Central Asia	1
#C49A00	1.96	2003	Ireland	87	Ireland	Europe & Central Asia	1
#C49A00	1.94	2004	Ireland	87	Ireland	Europe & Central Asia	1
#C49A00	1.87	2005	Ireland	87	Ireland	Europe & Central Asia	1
#C49A00	1.93	2006	Ireland	87	Ireland	Europe & Central Asia	1
#C49A00	2.01	2007	Ireland	87	Ireland	Europe & Central Asia	1
#C49A00	2.1	2008	Ireland	87	Ireland	Europe & Central Asia	1
#C49A00	2.07	2009	Ireland	87	Ireland	Europe & Central Asia	1
#C49A00	2.07	2010	Ireland	87	Ireland	Europe & Central Asia	1
#C49A00	2.05	2011	Ireland	87	Ireland	Europe & Central Asia	1
#00C094	3.858	1961	Israel	89	Israel	Middle East & North Africa	1
#00C094	3.85	1962	Israel	89	Israel	Middle East & North Africa	1
#00C094	3.802	1966	Israel	89	Israel	Middle East & North Africa	1
#00C094	3.79	1967	Israel	89	Israel	Middle East & North Africa	1
#00C094	3.786	1968	Israel	89	Israel	Middle East & North Africa	1
#00C094	3.782	1969	Israel	89	Israel	Middle East & North Africa	1
#00C094	3.778	1970	Israel	89	Israel	Middle East & North Africa	1
#00C094	3.774	1971	Israel	89	Israel	Middle East & North Africa	1
#00C094	3.77	1972	Israel	89	Israel	Middle East & North Africa	1
#00C094	3.698	1973	Israel	89	Israel	Middle East & North Africa	1
#00C094	3.626	1974	Israel	89	Israel	Middle East & North Africa	1
#00C094	3.554	1975	Israel	89	Israel	Middle East & North Africa	1
#00C094	3.482	1976	Israel	89	Israel	Middle East & North Africa	1
#00C094	3.41	1977	Israel	89	Israel	Middle East & North Africa	1
#00C094	3.354	1978	Israel	89	Israel	Middle East & North Africa	1
#00C094	3.298	1979	Israel	89	Israel	Middle East & North Africa	1
#00C094	3.242	1980	Israel	89	Israel	Middle East & North Africa	1
#00C094	3.186	1981	Israel	89	Israel	Middle East & North Africa	1
#00C094	3.13	1982	Israel	89	Israel	Middle East & North Africa	1
#00C094	3.106	1983	Israel	89	Israel	Middle East & North Africa	1
#00C094	3.082	1984	Israel	89	Israel	Middle East & North Africa	1
#00C094	3.058	1985	Israel	89	Israel	Middle East & North Africa	1
#00C094	3.034	1986	Israel	89	Israel	Middle East & North Africa	1
#00C094	3.01	1987	Israel	89	Israel	Middle East & North Africa	1
#00C094	2.948	1988	Israel	89	Israel	Middle East & North Africa	1
#00C094	2.886	1989	Israel	89	Israel	Middle East & North Africa	1
#00C094	2.824	1990	Israel	89	Israel	Middle East & North Africa	1
#00C094	2.762	1991	Israel	89	Israel	Middle East & North Africa	1
#00C094	2.7	1992	Israel	89	Israel	Middle East & North Africa	1
#00C094	2.8	1993	Israel	89	Israel	Middle East & North Africa	1
#00C094	2.9	1994	Israel	89	Israel	Middle East & North Africa	1
#00C094	2.9	1995	Israel	89	Israel	Middle East & North Africa	1
#00C094	2.9	1996	Israel	89	Israel	Middle East & North Africa	1
#00C094	2.94	1997	Israel	89	Israel	Middle East & North Africa	1
#00C094	2.98	1998	Israel	89	Israel	Middle East & North Africa	1
#00C094	2.965	1999	Israel	89	Israel	Middle East & North Africa	1
#00C094	2.95	2000	Israel	89	Israel	Middle East & North Africa	1
#00C094	2.92	2001	Israel	89	Israel	Middle East & North Africa	1
#00C094	2.89	2002	Israel	89	Israel	Middle East & North Africa	1
#00C094	2.95	2003	Israel	89	Israel	Middle East & North Africa	1
#00C094	2.9	2004	Israel	89	Israel	Middle East & North Africa	1
#00C094	2.84	2005	Israel	89	Israel	Middle East & North Africa	1
#00C094	2.88	2006	Israel	89	Israel	Middle East & North Africa	1
#00C094	2.9	2007	Israel	89	Israel	Middle East & North Africa	1
#00C094	2.96	2008	Israel	89	Israel	Middle East & North Africa	1
#00C094	2.96	2009	Israel	89	Israel	Middle East & North Africa	1
#00C094	3.03	2010	Israel	89	Israel	Middle East & North Africa	1
#00C094	3	2011	Israel	89	Israel	Middle East & North Africa	1
#C49A00	1.8	1994	Isle of Man	88	Isle of Man	Europe & Central Asia	1
#C49A00	1.65	2002	Isle of Man	88	Isle of Man	Europe & Central Asia	1
#A58AFF	5.87	1960	India	83	India	South Asia	1
#A58AFF	5.856	1961	India	83	India	South Asia	1
#A58AFF	5.842	1962	India	83	India	South Asia	1
#A58AFF	5.825	1963	India	83	India	South Asia	1
#A58AFF	5.806	1964	India	83	India	South Asia	1
#A58AFF	5.781	1965	India	83	India	South Asia	1
#A58AFF	5.747	1966	India	83	India	South Asia	1
#A58AFF	5.701	1967	India	83	India	South Asia	1
#A58AFF	5.643	1968	India	83	India	South Asia	1
#A58AFF	5.573	1969	India	83	India	South Asia	1
#A58AFF	5.494	1970	India	83	India	South Asia	1
#A58AFF	5.41	1971	India	83	India	South Asia	1
#A58AFF	5.323	1972	India	83	India	South Asia	1
#A58AFF	5.238	1973	India	83	India	South Asia	1
#A58AFF	5.156	1974	India	83	India	South Asia	1
#A58AFF	5.077	1975	India	83	India	South Asia	1
#A58AFF	4.999	1976	India	83	India	South Asia	1
#A58AFF	4.922	1977	India	83	India	South Asia	1
#A58AFF	4.843	1978	India	83	India	South Asia	1
#A58AFF	4.762	1979	India	83	India	South Asia	1
#A58AFF	4.68	1980	India	83	India	South Asia	1
#A58AFF	4.598	1981	India	83	India	South Asia	1
#A58AFF	4.518	1982	India	83	India	South Asia	1
#A58AFF	4.439	1983	India	83	India	South Asia	1
#A58AFF	4.363	1984	India	83	India	South Asia	1
#A58AFF	4.289	1985	India	83	India	South Asia	1
#A58AFF	4.216	1986	India	83	India	South Asia	1
#A58AFF	4.143	1987	India	83	India	South Asia	1
#A58AFF	4.069	1988	India	83	India	South Asia	1
#A58AFF	3.994	1989	India	83	India	South Asia	1
#A58AFF	3.917	1990	India	83	India	South Asia	1
#A58AFF	3.838	1991	India	83	India	South Asia	1
#A58AFF	3.758	1992	India	83	India	South Asia	1
#A58AFF	3.676	1993	India	83	India	South Asia	1
#A58AFF	3.594	1994	India	83	India	South Asia	1
#A58AFF	3.512	1995	India	83	India	South Asia	1
#A58AFF	3.43	1996	India	83	India	South Asia	1
#A58AFF	3.349	1997	India	83	India	South Asia	1
#A58AFF	3.27	1998	India	83	India	South Asia	1
#A58AFF	3.194	1999	India	83	India	South Asia	1
#A58AFF	3.122	2000	India	83	India	South Asia	1
#A58AFF	3.054	2001	India	83	India	South Asia	1
#A58AFF	2.991	2002	India	83	India	South Asia	1
#A58AFF	2.933	2003	India	83	India	South Asia	1
#A58AFF	2.879	2004	India	83	India	South Asia	1
#A58AFF	2.83	2005	India	83	India	South Asia	1
#A58AFF	2.785	2006	India	83	India	South Asia	1
#A58AFF	2.742	2007	India	83	India	South Asia	1
#A58AFF	2.702	2008	India	83	India	South Asia	1
#A58AFF	2.663	2009	India	83	India	South Asia	1
#A58AFF	2.625	2010	India	83	India	South Asia	1
#A58AFF	2.589	2011	India	83	India	South Asia	1
#00C094	6.252	1960	Iraq	86	Iraq	Middle East & North Africa	1
#00C094	6.364	1961	Iraq	86	Iraq	Middle East & North Africa	1
#00C094	6.514	1962	Iraq	86	Iraq	Middle East & North Africa	1
#00C094	6.689	1963	Iraq	86	Iraq	Middle East & North Africa	1
#00C094	6.872	1964	Iraq	86	Iraq	Middle East & North Africa	1
#00C094	7.044	1965	Iraq	86	Iraq	Middle East & North Africa	1
#00C094	7.188	1966	Iraq	86	Iraq	Middle East & North Africa	1
#00C094	7.295	1967	Iraq	86	Iraq	Middle East & North Africa	1
#00C094	7.362	1968	Iraq	86	Iraq	Middle East & North Africa	1
#00C094	7.383	1969	Iraq	86	Iraq	Middle East & North Africa	1
#00C094	7.362	1970	Iraq	86	Iraq	Middle East & North Africa	1
#00C094	7.308	1971	Iraq	86	Iraq	Middle East & North Africa	1
#00C094	7.234	1972	Iraq	86	Iraq	Middle East & North Africa	1
#00C094	7.153	1973	Iraq	86	Iraq	Middle East & North Africa	1
#00C094	7.072	1974	Iraq	86	Iraq	Middle East & North Africa	1
#00C094	6.993	1975	Iraq	86	Iraq	Middle East & North Africa	1
#00C094	6.914	1976	Iraq	86	Iraq	Middle East & North Africa	1
#00C094	6.832	1977	Iraq	86	Iraq	Middle East & North Africa	1
#00C094	6.744	1978	Iraq	86	Iraq	Middle East & North Africa	1
#00C094	6.654	1979	Iraq	86	Iraq	Middle East & North Africa	1
#00C094	6.564	1980	Iraq	86	Iraq	Middle East & North Africa	1
#00C094	6.481	1981	Iraq	86	Iraq	Middle East & North Africa	1
#00C094	6.407	1982	Iraq	86	Iraq	Middle East & North Africa	1
#00C094	6.343	1983	Iraq	86	Iraq	Middle East & North Africa	1
#00C094	6.289	1984	Iraq	86	Iraq	Middle East & North Africa	1
#00C094	6.243	1985	Iraq	86	Iraq	Middle East & North Africa	1
#00C094	6.201	1986	Iraq	86	Iraq	Middle East & North Africa	1
#00C094	6.157	1987	Iraq	86	Iraq	Middle East & North Africa	1
#00C094	6.109	1988	Iraq	86	Iraq	Middle East & North Africa	1
#00C094	6.053	1989	Iraq	86	Iraq	Middle East & North Africa	1
#00C094	5.989	1990	Iraq	86	Iraq	Middle East & North Africa	1
#00C094	5.917	1991	Iraq	86	Iraq	Middle East & North Africa	1
#00C094	5.839	1992	Iraq	86	Iraq	Middle East & North Africa	1
#00C094	5.758	1993	Iraq	86	Iraq	Middle East & North Africa	1
#00C094	5.676	1994	Iraq	86	Iraq	Middle East & North Africa	1
#00C094	5.595	1995	Iraq	86	Iraq	Middle East & North Africa	1
#00C094	5.517	1996	Iraq	86	Iraq	Middle East & North Africa	1
#00C094	5.443	1997	Iraq	86	Iraq	Middle East & North Africa	1
#00C094	5.374	1998	Iraq	86	Iraq	Middle East & North Africa	1
#00C094	5.31	1999	Iraq	86	Iraq	Middle East & North Africa	1
#00C094	5.252	2000	Iraq	86	Iraq	Middle East & North Africa	1
#00C094	5.198	2001	Iraq	86	Iraq	Middle East & North Africa	1
#00C094	5.147	2002	Iraq	86	Iraq	Middle East & North Africa	1
#00C094	5.098	2003	Iraq	86	Iraq	Middle East & North Africa	1
#00C094	5.048	2004	Iraq	86	Iraq	Middle East & North Africa	1
#00C094	4.997	2005	Iraq	86	Iraq	Middle East & North Africa	1
#00C094	4.943	2006	Iraq	86	Iraq	Middle East & North Africa	1
#00C094	4.887	2007	Iraq	86	Iraq	Middle East & North Africa	1
#00C094	4.828	2008	Iraq	86	Iraq	Middle East & North Africa	1
#00C094	4.766	2009	Iraq	86	Iraq	Middle East & North Africa	1
#00C094	4.702	2010	Iraq	86	Iraq	Middle East & North Africa	1
#00C094	4.636	2011	Iraq	86	Iraq	Middle East & North Africa	1
#00C094	6.944	1960	Iran, Islamic Rep.	85	Iran, Islamic Rep.	Middle East & North Africa	1
#00C094	6.942	1961	Iran, Islamic Rep.	85	Iran, Islamic Rep.	Middle East & North Africa	1
#00C094	6.933	1962	Iran, Islamic Rep.	85	Iran, Islamic Rep.	Middle East & North Africa	1
#00C094	6.916	1963	Iran, Islamic Rep.	85	Iran, Islamic Rep.	Middle East & North Africa	1
#00C094	6.889	1964	Iran, Islamic Rep.	85	Iran, Islamic Rep.	Middle East & North Africa	1
#00C094	6.849	1965	Iran, Islamic Rep.	85	Iran, Islamic Rep.	Middle East & North Africa	1
#00C094	6.792	1966	Iran, Islamic Rep.	85	Iran, Islamic Rep.	Middle East & North Africa	1
#00C094	6.72	1967	Iran, Islamic Rep.	85	Iran, Islamic Rep.	Middle East & North Africa	1
#00C094	6.636	1968	Iran, Islamic Rep.	85	Iran, Islamic Rep.	Middle East & North Africa	1
#00C094	6.544	1969	Iran, Islamic Rep.	85	Iran, Islamic Rep.	Middle East & North Africa	1
#00C094	6.451	1970	Iran, Islamic Rep.	85	Iran, Islamic Rep.	Middle East & North Africa	1
#00C094	6.365	1971	Iran, Islamic Rep.	85	Iran, Islamic Rep.	Middle East & North Africa	1
#00C094	6.293	1972	Iran, Islamic Rep.	85	Iran, Islamic Rep.	Middle East & North Africa	1
#00C094	6.24	1973	Iran, Islamic Rep.	85	Iran, Islamic Rep.	Middle East & North Africa	1
#00C094	6.209	1974	Iran, Islamic Rep.	85	Iran, Islamic Rep.	Middle East & North Africa	1
#00C094	6.204	1975	Iran, Islamic Rep.	85	Iran, Islamic Rep.	Middle East & North Africa	1
#00C094	6.23	1976	Iran, Islamic Rep.	85	Iran, Islamic Rep.	Middle East & North Africa	1
#00C094	6.282	1977	Iran, Islamic Rep.	85	Iran, Islamic Rep.	Middle East & North Africa	1
#00C094	6.348	1978	Iran, Islamic Rep.	85	Iran, Islamic Rep.	Middle East & North Africa	1
#00C094	6.418	1979	Iran, Islamic Rep.	85	Iran, Islamic Rep.	Middle East & North Africa	1
#00C094	6.479	1980	Iran, Islamic Rep.	85	Iran, Islamic Rep.	Middle East & North Africa	1
#00C094	6.516	1981	Iran, Islamic Rep.	85	Iran, Islamic Rep.	Middle East & North Africa	1
#00C094	6.517	1982	Iran, Islamic Rep.	85	Iran, Islamic Rep.	Middle East & North Africa	1
#00C094	6.473	1983	Iran, Islamic Rep.	85	Iran, Islamic Rep.	Middle East & North Africa	1
#00C094	6.377	1984	Iran, Islamic Rep.	85	Iran, Islamic Rep.	Middle East & North Africa	1
#00C094	6.226	1985	Iran, Islamic Rep.	85	Iran, Islamic Rep.	Middle East & North Africa	1
#00C094	6.017	1986	Iran, Islamic Rep.	85	Iran, Islamic Rep.	Middle East & North Africa	1
#00C094	5.76	1987	Iran, Islamic Rep.	85	Iran, Islamic Rep.	Middle East & North Africa	1
#00C094	5.468	1988	Iran, Islamic Rep.	85	Iran, Islamic Rep.	Middle East & North Africa	1
#00C094	5.151	1989	Iran, Islamic Rep.	85	Iran, Islamic Rep.	Middle East & North Africa	1
#00C094	4.818	1990	Iran, Islamic Rep.	85	Iran, Islamic Rep.	Middle East & North Africa	1
#00C094	4.478	1991	Iran, Islamic Rep.	85	Iran, Islamic Rep.	Middle East & North Africa	1
#00C094	4.138	1992	Iran, Islamic Rep.	85	Iran, Islamic Rep.	Middle East & North Africa	1
#00C094	3.808	1993	Iran, Islamic Rep.	85	Iran, Islamic Rep.	Middle East & North Africa	1
#00C094	3.496	1994	Iran, Islamic Rep.	85	Iran, Islamic Rep.	Middle East & North Africa	1
#00C094	3.21	1995	Iran, Islamic Rep.	85	Iran, Islamic Rep.	Middle East & North Africa	1
#00C094	2.954	1996	Iran, Islamic Rep.	85	Iran, Islamic Rep.	Middle East & North Africa	1
#00C094	2.727	1997	Iran, Islamic Rep.	85	Iran, Islamic Rep.	Middle East & North Africa	1
#00C094	2.525	1998	Iran, Islamic Rep.	85	Iran, Islamic Rep.	Middle East & North Africa	1
#00C094	2.352	1999	Iran, Islamic Rep.	85	Iran, Islamic Rep.	Middle East & North Africa	1
#00C094	2.206	2000	Iran, Islamic Rep.	85	Iran, Islamic Rep.	Middle East & North Africa	1
#00C094	2.088	2001	Iran, Islamic Rep.	85	Iran, Islamic Rep.	Middle East & North Africa	1
#00C094	1.996	2002	Iran, Islamic Rep.	85	Iran, Islamic Rep.	Middle East & North Africa	1
#00C094	1.924	2003	Iran, Islamic Rep.	85	Iran, Islamic Rep.	Middle East & North Africa	1
#00C094	1.868	2004	Iran, Islamic Rep.	85	Iran, Islamic Rep.	Middle East & North Africa	1
#00C094	1.825	2005	Iran, Islamic Rep.	85	Iran, Islamic Rep.	Middle East & North Africa	1
#00C094	1.79	2006	Iran, Islamic Rep.	85	Iran, Islamic Rep.	Middle East & North Africa	1
#00C094	1.759	2007	Iran, Islamic Rep.	85	Iran, Islamic Rep.	Middle East & North Africa	1
#00C094	1.731	2008	Iran, Islamic Rep.	85	Iran, Islamic Rep.	Middle East & North Africa	1
#00C094	1.701	2009	Iran, Islamic Rep.	85	Iran, Islamic Rep.	Middle East & North Africa	1
#00C094	1.67	2010	Iran, Islamic Rep.	85	Iran, Islamic Rep.	Middle East & North Africa	1
#00C094	1.636	2011	Iran, Islamic Rep.	85	Iran, Islamic Rep.	Middle East & North Africa	1
#C49A00	4.294	1960	Iceland	82	Iceland	Europe & Central Asia	1
#C49A00	3.884	1961	Iceland	82	Iceland	Europe & Central Asia	1
#C49A00	3.983	1962	Iceland	82	Iceland	Europe & Central Asia	1
#C49A00	3.98	1963	Iceland	82	Iceland	Europe & Central Asia	1
#C49A00	3.858	1964	Iceland	82	Iceland	Europe & Central Asia	1
#C49A00	3.713	1965	Iceland	82	Iceland	Europe & Central Asia	1
#C49A00	3.578	1966	Iceland	82	Iceland	Europe & Central Asia	1
#C49A00	3.282	1967	Iceland	82	Iceland	Europe & Central Asia	1
#C49A00	3.061	1968	Iceland	82	Iceland	Europe & Central Asia	1
#C49A00	2.988	1969	Iceland	82	Iceland	Europe & Central Asia	1
#C49A00	2.793	1970	Iceland	82	Iceland	Europe & Central Asia	1
#C49A00	2.875	1971	Iceland	82	Iceland	Europe & Central Asia	1
#C49A00	3.088	1972	Iceland	82	Iceland	Europe & Central Asia	1
#C49A00	2.948	1973	Iceland	82	Iceland	Europe & Central Asia	1
#C49A00	2.66	1974	Iceland	82	Iceland	Europe & Central Asia	1
#C49A00	2.613	1975	Iceland	82	Iceland	Europe & Central Asia	1
#C49A00	2.529	1976	Iceland	82	Iceland	Europe & Central Asia	1
#C49A00	2.319	1977	Iceland	82	Iceland	Europe & Central Asia	1
#C49A00	2.355	1978	Iceland	82	Iceland	Europe & Central Asia	1
#C49A00	2.49	1979	Iceland	82	Iceland	Europe & Central Asia	1
#C49A00	2.48	1980	Iceland	82	Iceland	Europe & Central Asia	1
#C49A00	2.33	1981	Iceland	82	Iceland	Europe & Central Asia	1
#C49A00	2.26	1982	Iceland	82	Iceland	Europe & Central Asia	1
#C49A00	2.24	1983	Iceland	82	Iceland	Europe & Central Asia	1
#C49A00	2.08	1984	Iceland	82	Iceland	Europe & Central Asia	1
#C49A00	1.93	1985	Iceland	82	Iceland	Europe & Central Asia	1
#C49A00	1.93	1986	Iceland	82	Iceland	Europe & Central Asia	1
#C49A00	2.05	1987	Iceland	82	Iceland	Europe & Central Asia	1
#C49A00	2.2	1988	Iceland	82	Iceland	Europe & Central Asia	1
#C49A00	2.2	1989	Iceland	82	Iceland	Europe & Central Asia	1
#C49A00	2.31	1990	Iceland	82	Iceland	Europe & Central Asia	1
#C49A00	2.19	1991	Iceland	82	Iceland	Europe & Central Asia	1
#C49A00	2.21	1992	Iceland	82	Iceland	Europe & Central Asia	1
#C49A00	2.22	1993	Iceland	82	Iceland	Europe & Central Asia	1
#C49A00	2.14	1994	Iceland	82	Iceland	Europe & Central Asia	1
#C49A00	2.08	1995	Iceland	82	Iceland	Europe & Central Asia	1
#C49A00	2.12	1996	Iceland	82	Iceland	Europe & Central Asia	1
#C49A00	2.04	1997	Iceland	82	Iceland	Europe & Central Asia	1
#C49A00	2.05	1998	Iceland	82	Iceland	Europe & Central Asia	1
#C49A00	1.99	1999	Iceland	82	Iceland	Europe & Central Asia	1
#C49A00	2.08	2000	Iceland	82	Iceland	Europe & Central Asia	1
#C49A00	1.95	2001	Iceland	82	Iceland	Europe & Central Asia	1
#C49A00	1.93	2002	Iceland	82	Iceland	Europe & Central Asia	1
#C49A00	1.99	2003	Iceland	82	Iceland	Europe & Central Asia	1
#C49A00	2.04	2004	Iceland	82	Iceland	Europe & Central Asia	1
#C49A00	2.05	2005	Iceland	82	Iceland	Europe & Central Asia	1
#C49A00	2.08	2006	Iceland	82	Iceland	Europe & Central Asia	1
#C49A00	2.09	2007	Iceland	82	Iceland	Europe & Central Asia	1
#C49A00	2.15	2008	Iceland	82	Iceland	Europe & Central Asia	1
#C49A00	2.23	2009	Iceland	82	Iceland	Europe & Central Asia	1
#C49A00	2.2	2010	Iceland	82	Iceland	Europe & Central Asia	1
#C49A00	2.02	2011	Iceland	82	Iceland	Europe & Central Asia	1
#C49A00	2.406	1960	Italy	90	Italy	Europe & Central Asia	1
#C49A00	2.407	1961	Italy	90	Italy	Europe & Central Asia	1
#C49A00	2.463	1962	Italy	90	Italy	Europe & Central Asia	1
#C49A00	2.547	1963	Italy	90	Italy	Europe & Central Asia	1
#C49A00	2.701	1964	Italy	90	Italy	Europe & Central Asia	1
#C49A00	2.665	1965	Italy	90	Italy	Europe & Central Asia	1
#C49A00	2.625	1966	Italy	90	Italy	Europe & Central Asia	1
#C49A00	2.535	1967	Italy	90	Italy	Europe & Central Asia	1
#C49A00	2.493	1968	Italy	90	Italy	Europe & Central Asia	1
#C49A00	2.508	1969	Italy	90	Italy	Europe & Central Asia	1
#C49A00	2.425	1970	Italy	90	Italy	Europe & Central Asia	1
#C49A00	2.411	1971	Italy	90	Italy	Europe & Central Asia	1
#C49A00	2.359	1972	Italy	90	Italy	Europe & Central Asia	1
#C49A00	2.339	1973	Italy	90	Italy	Europe & Central Asia	1
#C49A00	2.331	1974	Italy	90	Italy	Europe & Central Asia	1
#C49A00	2.208	1975	Italy	90	Italy	Europe & Central Asia	1
#C49A00	2.108	1976	Italy	90	Italy	Europe & Central Asia	1
#C49A00	1.975	1977	Italy	90	Italy	Europe & Central Asia	1
#C49A00	1.87	1978	Italy	90	Italy	Europe & Central Asia	1
#C49A00	1.762	1979	Italy	90	Italy	Europe & Central Asia	1
#C49A00	1.64	1980	Italy	90	Italy	Europe & Central Asia	1
#C49A00	1.617	1981	Italy	90	Italy	Europe & Central Asia	1
#C49A00	1.592	1982	Italy	90	Italy	Europe & Central Asia	1
#C49A00	1.52	1983	Italy	90	Italy	Europe & Central Asia	1
#C49A00	1.462	1984	Italy	90	Italy	Europe & Central Asia	1
#C49A00	1.39	1985	Italy	90	Italy	Europe & Central Asia	1
#C49A00	1.34	1986	Italy	90	Italy	Europe & Central Asia	1
#C49A00	1.28	1987	Italy	90	Italy	Europe & Central Asia	1
#C49A00	1.32	1988	Italy	90	Italy	Europe & Central Asia	1
#C49A00	1.28	1989	Italy	90	Italy	Europe & Central Asia	1
#C49A00	1.26	1990	Italy	90	Italy	Europe & Central Asia	1
#C49A00	1.27	1991	Italy	90	Italy	Europe & Central Asia	1
#C49A00	1.3	1992	Italy	90	Italy	Europe & Central Asia	1
#C49A00	1.25	1993	Italy	90	Italy	Europe & Central Asia	1
#C49A00	1.22	1994	Italy	90	Italy	Europe & Central Asia	1
#C49A00	1.18	1995	Italy	90	Italy	Europe & Central Asia	1
#C49A00	1.21	1996	Italy	90	Italy	Europe & Central Asia	1
#C49A00	1.22	1997	Italy	90	Italy	Europe & Central Asia	1
#C49A00	1.21	1998	Italy	90	Italy	Europe & Central Asia	1
#C49A00	1.23	1999	Italy	90	Italy	Europe & Central Asia	1
#C49A00	1.26	2000	Italy	90	Italy	Europe & Central Asia	1
#C49A00	1.25	2001	Italy	90	Italy	Europe & Central Asia	1
#C49A00	1.27	2002	Italy	90	Italy	Europe & Central Asia	1
#C49A00	1.29	2003	Italy	90	Italy	Europe & Central Asia	1
#C49A00	1.33	2004	Italy	90	Italy	Europe & Central Asia	1
#C49A00	1.32	2005	Italy	90	Italy	Europe & Central Asia	1
#C49A00	1.35	2006	Italy	90	Italy	Europe & Central Asia	1
#C49A00	1.37	2007	Italy	90	Italy	Europe & Central Asia	1
#C49A00	1.42	2008	Italy	90	Italy	Europe & Central Asia	1
#C49A00	1.41	2009	Italy	90	Italy	Europe & Central Asia	1
#C49A00	1.41	2010	Italy	90	Italy	Europe & Central Asia	1
#C49A00	1.41	2011	Italy	90	Italy	Europe & Central Asia	1
#C49A00	2.421	1960	Channel Islands	36	Channel Islands	Europe & Central Asia	1
#C49A00	2.481	1961	Channel Islands	36	Channel Islands	Europe & Central Asia	1
#C49A00	2.525	1962	Channel Islands	36	Channel Islands	Europe & Central Asia	1
#C49A00	2.55	1963	Channel Islands	36	Channel Islands	Europe & Central Asia	1
#C49A00	2.551	1964	Channel Islands	36	Channel Islands	Europe & Central Asia	1
#C49A00	2.526	1965	Channel Islands	36	Channel Islands	Europe & Central Asia	1
#C49A00	2.475	1966	Channel Islands	36	Channel Islands	Europe & Central Asia	1
#C49A00	2.404	1967	Channel Islands	36	Channel Islands	Europe & Central Asia	1
#C49A00	2.318	1968	Channel Islands	36	Channel Islands	Europe & Central Asia	1
#C49A00	2.222	1969	Channel Islands	36	Channel Islands	Europe & Central Asia	1
#C49A00	2.121	1970	Channel Islands	36	Channel Islands	Europe & Central Asia	1
#C49A00	2.019	1971	Channel Islands	36	Channel Islands	Europe & Central Asia	1
#C49A00	1.918	1972	Channel Islands	36	Channel Islands	Europe & Central Asia	1
#C49A00	1.822	1973	Channel Islands	36	Channel Islands	Europe & Central Asia	1
#C49A00	1.735	1974	Channel Islands	36	Channel Islands	Europe & Central Asia	1
#C49A00	1.659	1975	Channel Islands	36	Channel Islands	Europe & Central Asia	1
#C49A00	1.596	1976	Channel Islands	36	Channel Islands	Europe & Central Asia	1
#C49A00	1.546	1977	Channel Islands	36	Channel Islands	Europe & Central Asia	1
#C49A00	1.505	1978	Channel Islands	36	Channel Islands	Europe & Central Asia	1
#C49A00	1.475	1979	Channel Islands	36	Channel Islands	Europe & Central Asia	1
#C49A00	1.454	1980	Channel Islands	36	Channel Islands	Europe & Central Asia	1
#C49A00	1.441	1981	Channel Islands	36	Channel Islands	Europe & Central Asia	1
#C49A00	1.434	1982	Channel Islands	36	Channel Islands	Europe & Central Asia	1
#C49A00	1.433	1983	Channel Islands	36	Channel Islands	Europe & Central Asia	1
#C49A00	1.434	1984	Channel Islands	36	Channel Islands	Europe & Central Asia	1
#C49A00	1.437	1985	Channel Islands	36	Channel Islands	Europe & Central Asia	1
#C49A00	1.441	1986	Channel Islands	36	Channel Islands	Europe & Central Asia	1
#C49A00	1.446	1987	Channel Islands	36	Channel Islands	Europe & Central Asia	1
#C49A00	1.452	1988	Channel Islands	36	Channel Islands	Europe & Central Asia	1
#C49A00	1.457	1989	Channel Islands	36	Channel Islands	Europe & Central Asia	1
#C49A00	1.46	1990	Channel Islands	36	Channel Islands	Europe & Central Asia	1
#C49A00	1.461	1991	Channel Islands	36	Channel Islands	Europe & Central Asia	1
#C49A00	1.457	1992	Channel Islands	36	Channel Islands	Europe & Central Asia	1
#C49A00	1.45	1993	Channel Islands	36	Channel Islands	Europe & Central Asia	1
#C49A00	1.441	1994	Channel Islands	36	Channel Islands	Europe & Central Asia	1
#C49A00	1.43	1995	Channel Islands	36	Channel Islands	Europe & Central Asia	1
#C49A00	1.42	1996	Channel Islands	36	Channel Islands	Europe & Central Asia	1
#C49A00	1.411	1997	Channel Islands	36	Channel Islands	Europe & Central Asia	1
#C49A00	1.405	1998	Channel Islands	36	Channel Islands	Europe & Central Asia	1
#C49A00	1.402	1999	Channel Islands	36	Channel Islands	Europe & Central Asia	1
#C49A00	1.402	2000	Channel Islands	36	Channel Islands	Europe & Central Asia	1
#C49A00	1.404	2001	Channel Islands	36	Channel Islands	Europe & Central Asia	1
#C49A00	1.406	2002	Channel Islands	36	Channel Islands	Europe & Central Asia	1
#C49A00	1.408	2003	Channel Islands	36	Channel Islands	Europe & Central Asia	1
#C49A00	1.409	2004	Channel Islands	36	Channel Islands	Europe & Central Asia	1
#C49A00	1.411	2005	Channel Islands	36	Channel Islands	Europe & Central Asia	1
#C49A00	1.414	2006	Channel Islands	36	Channel Islands	Europe & Central Asia	1
#C49A00	1.421	2007	Channel Islands	36	Channel Islands	Europe & Central Asia	1
#C49A00	1.431	2008	Channel Islands	36	Channel Islands	Europe & Central Asia	1
#C49A00	1.444	2009	Channel Islands	36	Channel Islands	Europe & Central Asia	1
#C49A00	1.46	2010	Channel Islands	36	Channel Islands	Europe & Central Asia	1
#C49A00	1.479	2011	Channel Islands	36	Channel Islands	Europe & Central Asia	1
#53B400	5.419	1960	Jamaica	91	Jamaica	Latin America & Caribbean	1
#53B400	5.529	1961	Jamaica	91	Jamaica	Latin America & Caribbean	1
#53B400	5.627	1962	Jamaica	91	Jamaica	Latin America & Caribbean	1
#53B400	5.711	1963	Jamaica	91	Jamaica	Latin America & Caribbean	1
#53B400	5.775	1964	Jamaica	91	Jamaica	Latin America & Caribbean	1
#53B400	5.815	1965	Jamaica	91	Jamaica	Latin America & Caribbean	1
#53B400	5.821	1966	Jamaica	91	Jamaica	Latin America & Caribbean	1
#53B400	5.79	1967	Jamaica	91	Jamaica	Latin America & Caribbean	1
#53B400	5.722	1968	Jamaica	91	Jamaica	Latin America & Caribbean	1
#53B400	5.617	1969	Jamaica	91	Jamaica	Latin America & Caribbean	1
#53B400	5.477	1970	Jamaica	91	Jamaica	Latin America & Caribbean	1
#53B400	5.305	1971	Jamaica	91	Jamaica	Latin America & Caribbean	1
#53B400	5.108	1972	Jamaica	91	Jamaica	Latin America & Caribbean	1
#53B400	4.899	1973	Jamaica	91	Jamaica	Latin America & Caribbean	1
#53B400	4.685	1974	Jamaica	91	Jamaica	Latin America & Caribbean	1
#53B400	4.478	1975	Jamaica	91	Jamaica	Latin America & Caribbean	1
#53B400	4.286	1976	Jamaica	91	Jamaica	Latin America & Caribbean	1
#53B400	4.115	1977	Jamaica	91	Jamaica	Latin America & Caribbean	1
#53B400	3.965	1978	Jamaica	91	Jamaica	Latin America & Caribbean	1
#53B400	3.839	1979	Jamaica	91	Jamaica	Latin America & Caribbean	1
#53B400	3.733	1980	Jamaica	91	Jamaica	Latin America & Caribbean	1
#53B400	3.643	1981	Jamaica	91	Jamaica	Latin America & Caribbean	1
#53B400	3.559	1982	Jamaica	91	Jamaica	Latin America & Caribbean	1
#53B400	3.477	1983	Jamaica	91	Jamaica	Latin America & Caribbean	1
#53B400	3.394	1984	Jamaica	91	Jamaica	Latin America & Caribbean	1
#53B400	3.308	1985	Jamaica	91	Jamaica	Latin America & Caribbean	1
#53B400	3.224	1986	Jamaica	91	Jamaica	Latin America & Caribbean	1
#53B400	3.143	1987	Jamaica	91	Jamaica	Latin America & Caribbean	1
#53B400	3.07	1988	Jamaica	91	Jamaica	Latin America & Caribbean	1
#53B400	3.005	1989	Jamaica	91	Jamaica	Latin America & Caribbean	1
#53B400	2.948	1990	Jamaica	91	Jamaica	Latin America & Caribbean	1
#53B400	2.899	1991	Jamaica	91	Jamaica	Latin America & Caribbean	1
#53B400	2.855	1992	Jamaica	91	Jamaica	Latin America & Caribbean	1
#53B400	2.815	1993	Jamaica	91	Jamaica	Latin America & Caribbean	1
#53B400	2.778	1994	Jamaica	91	Jamaica	Latin America & Caribbean	1
#53B400	2.744	1995	Jamaica	91	Jamaica	Latin America & Caribbean	1
#53B400	2.712	1996	Jamaica	91	Jamaica	Latin America & Caribbean	1
#53B400	2.683	1997	Jamaica	91	Jamaica	Latin America & Caribbean	1
#53B400	2.655	1998	Jamaica	91	Jamaica	Latin America & Caribbean	1
#53B400	2.629	1999	Jamaica	91	Jamaica	Latin America & Caribbean	1
#53B400	2.603	2000	Jamaica	91	Jamaica	Latin America & Caribbean	1
#53B400	2.578	2001	Jamaica	91	Jamaica	Latin America & Caribbean	1
#53B400	2.552	2002	Jamaica	91	Jamaica	Latin America & Caribbean	1
#53B400	2.526	2003	Jamaica	91	Jamaica	Latin America & Caribbean	1
#53B400	2.499	2004	Jamaica	91	Jamaica	Latin America & Caribbean	1
#53B400	2.471	2005	Jamaica	91	Jamaica	Latin America & Caribbean	1
#53B400	2.443	2006	Jamaica	91	Jamaica	Latin America & Caribbean	1
#53B400	2.414	2007	Jamaica	91	Jamaica	Latin America & Caribbean	1
#53B400	2.385	2008	Jamaica	91	Jamaica	Latin America & Caribbean	1
#53B400	2.357	2009	Jamaica	91	Jamaica	Latin America & Caribbean	1
#53B400	2.329	2010	Jamaica	91	Jamaica	Latin America & Caribbean	1
#53B400	2.302	2011	Jamaica	91	Jamaica	Latin America & Caribbean	1
#00C094	7.687	1960	Jordan	93	Jordan	Middle East & North Africa	1
#00C094	7.802	1961	Jordan	93	Jordan	Middle East & North Africa	1
#00C094	7.904	1962	Jordan	93	Jordan	Middle East & North Africa	1
#00C094	7.983	1963	Jordan	93	Jordan	Middle East & North Africa	1
#00C094	8.034	1964	Jordan	93	Jordan	Middle East & North Africa	1
#00C094	8.057	1965	Jordan	93	Jordan	Middle East & North Africa	1
#00C094	8.053	1966	Jordan	93	Jordan	Middle East & North Africa	1
#00C094	8.033	1967	Jordan	93	Jordan	Middle East & North Africa	1
#00C094	8.004	1968	Jordan	93	Jordan	Middle East & North Africa	1
#00C094	7.968	1969	Jordan	93	Jordan	Middle East & North Africa	1
#00C094	7.926	1970	Jordan	93	Jordan	Middle East & North Africa	1
#00C094	7.876	1971	Jordan	93	Jordan	Middle East & North Africa	1
#00C094	7.818	1972	Jordan	93	Jordan	Middle East & North Africa	1
#00C094	7.75	1973	Jordan	93	Jordan	Middle East & North Africa	1
#00C094	7.675	1974	Jordan	93	Jordan	Middle East & North Africa	1
#00C094	7.596	1975	Jordan	93	Jordan	Middle East & North Africa	1
#00C094	7.517	1976	Jordan	93	Jordan	Middle East & North Africa	1
#00C094	7.441	1977	Jordan	93	Jordan	Middle East & North Africa	1
#00C094	7.368	1978	Jordan	93	Jordan	Middle East & North Africa	1
#00C094	7.299	1979	Jordan	93	Jordan	Middle East & North Africa	1
#00C094	7.232	1980	Jordan	93	Jordan	Middle East & North Africa	1
#00C094	7.167	1981	Jordan	93	Jordan	Middle East & North Africa	1
#00C094	7.098	1982	Jordan	93	Jordan	Middle East & North Africa	1
#00C094	7.022	1983	Jordan	93	Jordan	Middle East & North Africa	1
#00C094	6.931	1984	Jordan	93	Jordan	Middle East & North Africa	1
#00C094	6.819	1985	Jordan	93	Jordan	Middle East & North Africa	1
#00C094	6.676	1986	Jordan	93	Jordan	Middle East & North Africa	1
#00C094	6.5	1987	Jordan	93	Jordan	Middle East & North Africa	1
#00C094	6.292	1988	Jordan	93	Jordan	Middle East & North Africa	1
#00C094	6.058	1989	Jordan	93	Jordan	Middle East & North Africa	1
#00C094	5.808	1990	Jordan	93	Jordan	Middle East & North Africa	1
#00C094	5.554	1991	Jordan	93	Jordan	Middle East & North Africa	1
#00C094	5.308	1992	Jordan	93	Jordan	Middle East & North Africa	1
#00C094	5.081	1993	Jordan	93	Jordan	Middle East & North Africa	1
#00C094	4.877	1994	Jordan	93	Jordan	Middle East & North Africa	1
#00C094	4.695	1995	Jordan	93	Jordan	Middle East & North Africa	1
#00C094	4.532	1996	Jordan	93	Jordan	Middle East & North Africa	1
#00C094	4.377	1997	Jordan	93	Jordan	Middle East & North Africa	1
#00C094	4.226	1998	Jordan	93	Jordan	Middle East & North Africa	1
#00C094	4.076	1999	Jordan	93	Jordan	Middle East & North Africa	1
#00C094	3.931	2000	Jordan	93	Jordan	Middle East & North Africa	1
#00C094	3.796	2001	Jordan	93	Jordan	Middle East & North Africa	1
#00C094	3.676	2002	Jordan	93	Jordan	Middle East & North Africa	1
#00C094	3.6506666667	2003	Jordan	93	Jordan	Middle East & North Africa	1
#00C094	3.6253333333	2004	Jordan	93	Jordan	Middle East & North Africa	1
#00C094	3.6	2005	Jordan	93	Jordan	Middle East & North Africa	1
#00C094	3.7	2006	Jordan	93	Jordan	Middle East & North Africa	1
#00C094	3.8	2007	Jordan	93	Jordan	Middle East & North Africa	1
#00C094	3.8	2008	Jordan	93	Jordan	Middle East & North Africa	1
#00C094	3.8	2009	Jordan	93	Jordan	Middle East & North Africa	1
#00C094	3.8	2010	Jordan	93	Jordan	Middle East & North Africa	1
#00C094	3.7	2011	Jordan	93	Jordan	Middle East & North Africa	1
#F8766D	2.001	1960	Japan	92	Japan	East Asia & Pacific	1
#F8766D	2.05	1961	Japan	92	Japan	East Asia & Pacific	1
#F8766D	2.01	1962	Japan	92	Japan	East Asia & Pacific	1
#F8766D	2.02	1963	Japan	92	Japan	East Asia & Pacific	1
#F8766D	2.05	1964	Japan	92	Japan	East Asia & Pacific	1
#F8766D	2.139	1965	Japan	92	Japan	East Asia & Pacific	1
#F8766D	1.58	1966	Japan	92	Japan	East Asia & Pacific	1
#F8766D	2.02	1967	Japan	92	Japan	East Asia & Pacific	1
#F8766D	2.13	1968	Japan	92	Japan	East Asia & Pacific	1
#F8766D	2.13	1969	Japan	92	Japan	East Asia & Pacific	1
#F8766D	2.135	1970	Japan	92	Japan	East Asia & Pacific	1
#F8766D	2.16	1971	Japan	92	Japan	East Asia & Pacific	1
#F8766D	2.14	1972	Japan	92	Japan	East Asia & Pacific	1
#F8766D	2.14	1973	Japan	92	Japan	East Asia & Pacific	1
#F8766D	2.05	1974	Japan	92	Japan	East Asia & Pacific	1
#F8766D	1.909	1975	Japan	92	Japan	East Asia & Pacific	1
#F8766D	1.85	1976	Japan	92	Japan	East Asia & Pacific	1
#F8766D	1.8	1977	Japan	92	Japan	East Asia & Pacific	1
#F8766D	1.79	1978	Japan	92	Japan	East Asia & Pacific	1
#F8766D	1.77	1979	Japan	92	Japan	East Asia & Pacific	1
#F8766D	1.75	1980	Japan	92	Japan	East Asia & Pacific	1
#F8766D	1.74	1981	Japan	92	Japan	East Asia & Pacific	1
#F8766D	1.77	1982	Japan	92	Japan	East Asia & Pacific	1
#F8766D	1.8	1983	Japan	92	Japan	East Asia & Pacific	1
#F8766D	1.81	1984	Japan	92	Japan	East Asia & Pacific	1
#F8766D	1.76	1985	Japan	92	Japan	East Asia & Pacific	1
#F8766D	1.72	1986	Japan	92	Japan	East Asia & Pacific	1
#F8766D	1.69	1987	Japan	92	Japan	East Asia & Pacific	1
#F8766D	1.66	1988	Japan	92	Japan	East Asia & Pacific	1
#F8766D	1.57	1989	Japan	92	Japan	East Asia & Pacific	1
#F8766D	1.54	1990	Japan	92	Japan	East Asia & Pacific	1
#F8766D	1.53	1991	Japan	92	Japan	East Asia & Pacific	1
#F8766D	1.502	1992	Japan	92	Japan	East Asia & Pacific	1
#F8766D	1.458	1993	Japan	92	Japan	East Asia & Pacific	1
#F8766D	1.5	1994	Japan	92	Japan	East Asia & Pacific	1
#F8766D	1.422	1995	Japan	92	Japan	East Asia & Pacific	1
#F8766D	1.425	1996	Japan	92	Japan	East Asia & Pacific	1
#F8766D	1.388	1997	Japan	92	Japan	East Asia & Pacific	1
#F8766D	1.384	1998	Japan	92	Japan	East Asia & Pacific	1
#F8766D	1.342	1999	Japan	92	Japan	East Asia & Pacific	1
#F8766D	1.359	2000	Japan	92	Japan	East Asia & Pacific	1
#F8766D	1.33	2001	Japan	92	Japan	East Asia & Pacific	1
#F8766D	1.32	2002	Japan	92	Japan	East Asia & Pacific	1
#F8766D	1.29	2003	Japan	92	Japan	East Asia & Pacific	1
#F8766D	1.29	2004	Japan	92	Japan	East Asia & Pacific	1
#F8766D	1.26	2005	Japan	92	Japan	East Asia & Pacific	1
#F8766D	1.32	2006	Japan	92	Japan	East Asia & Pacific	1
#F8766D	1.34	2007	Japan	92	Japan	East Asia & Pacific	1
#F8766D	1.37	2008	Japan	92	Japan	East Asia & Pacific	1
#F8766D	1.37	2009	Japan	92	Japan	East Asia & Pacific	1
#F8766D	1.39	2010	Japan	92	Japan	East Asia & Pacific	1
#F8766D	1.39	2011	Japan	92	Japan	East Asia & Pacific	1
#FB61D7	7.946	1960	Kenya	95	Kenya	Sub-Saharan Africa	1
#FB61D7	7.998	1961	Kenya	95	Kenya	Sub-Saharan Africa	1
#FB61D7	8.042	1962	Kenya	95	Kenya	Sub-Saharan Africa	1
#FB61D7	8.078	1963	Kenya	95	Kenya	Sub-Saharan Africa	1
#FB61D7	8.103	1964	Kenya	95	Kenya	Sub-Saharan Africa	1
#FB61D7	8.119	1965	Kenya	95	Kenya	Sub-Saharan Africa	1
#FB61D7	8.126	1966	Kenya	95	Kenya	Sub-Saharan Africa	1
#FB61D7	8.125	1967	Kenya	95	Kenya	Sub-Saharan Africa	1
#FB61D7	8.117	1968	Kenya	95	Kenya	Sub-Saharan Africa	1
#FB61D7	8.103	1969	Kenya	95	Kenya	Sub-Saharan Africa	1
#FB61D7	8.081	1970	Kenya	95	Kenya	Sub-Saharan Africa	1
#FB61D7	8.051	1971	Kenya	95	Kenya	Sub-Saharan Africa	1
#FB61D7	8.012	1972	Kenya	95	Kenya	Sub-Saharan Africa	1
#FB61D7	7.963	1973	Kenya	95	Kenya	Sub-Saharan Africa	1
#FB61D7	7.905	1974	Kenya	95	Kenya	Sub-Saharan Africa	1
#FB61D7	7.84	1975	Kenya	95	Kenya	Sub-Saharan Africa	1
#FB61D7	7.769	1976	Kenya	95	Kenya	Sub-Saharan Africa	1
#FB61D7	7.695	1977	Kenya	95	Kenya	Sub-Saharan Africa	1
#FB61D7	7.618	1978	Kenya	95	Kenya	Sub-Saharan Africa	1
#FB61D7	7.538	1979	Kenya	95	Kenya	Sub-Saharan Africa	1
#FB61D7	7.455	1980	Kenya	95	Kenya	Sub-Saharan Africa	1
#FB61D7	7.366	1981	Kenya	95	Kenya	Sub-Saharan Africa	1
#FB61D7	7.27	1982	Kenya	95	Kenya	Sub-Saharan Africa	1
#FB61D7	7.165	1983	Kenya	95	Kenya	Sub-Saharan Africa	1
#FB61D7	7.049	1984	Kenya	95	Kenya	Sub-Saharan Africa	1
#FB61D7	6.918	1985	Kenya	95	Kenya	Sub-Saharan Africa	1
#FB61D7	6.769	1986	Kenya	95	Kenya	Sub-Saharan Africa	1
#FB61D7	6.602	1987	Kenya	95	Kenya	Sub-Saharan Africa	1
#FB61D7	6.422	1988	Kenya	95	Kenya	Sub-Saharan Africa	1
#FB61D7	6.231	1989	Kenya	95	Kenya	Sub-Saharan Africa	1
#FB61D7	6.037	1990	Kenya	95	Kenya	Sub-Saharan Africa	1
#FB61D7	5.847	1991	Kenya	95	Kenya	Sub-Saharan Africa	1
#FB61D7	5.668	1992	Kenya	95	Kenya	Sub-Saharan Africa	1
#FB61D7	5.506	1993	Kenya	95	Kenya	Sub-Saharan Africa	1
#FB61D7	5.366	1994	Kenya	95	Kenya	Sub-Saharan Africa	1
#FB61D7	5.251	1995	Kenya	95	Kenya	Sub-Saharan Africa	1
#FB61D7	5.165	1996	Kenya	95	Kenya	Sub-Saharan Africa	1
#FB61D7	5.102	1997	Kenya	95	Kenya	Sub-Saharan Africa	1
#FB61D7	5.059	1998	Kenya	95	Kenya	Sub-Saharan Africa	1
#FB61D7	5.03	1999	Kenya	95	Kenya	Sub-Saharan Africa	1
#FB61D7	5.012	2000	Kenya	95	Kenya	Sub-Saharan Africa	1
#FB61D7	4.998	2001	Kenya	95	Kenya	Sub-Saharan Africa	1
#FB61D7	4.983	2002	Kenya	95	Kenya	Sub-Saharan Africa	1
#FB61D7	4.965	2003	Kenya	95	Kenya	Sub-Saharan Africa	1
#FB61D7	4.939	2004	Kenya	95	Kenya	Sub-Saharan Africa	1
#FB61D7	4.907	2005	Kenya	95	Kenya	Sub-Saharan Africa	1
#FB61D7	4.869	2006	Kenya	95	Kenya	Sub-Saharan Africa	1
#FB61D7	4.83	2007	Kenya	95	Kenya	Sub-Saharan Africa	1
#FB61D7	4.792	2008	Kenya	95	Kenya	Sub-Saharan Africa	1
#FB61D7	4.755	2009	Kenya	95	Kenya	Sub-Saharan Africa	1
#FB61D7	4.718	2010	Kenya	95	Kenya	Sub-Saharan Africa	1
#FB61D7	4.68	2011	Kenya	95	Kenya	Sub-Saharan Africa	1
#C49A00	5.166	1960	Kyrgyz Republic	101	Kyrgyz Republic	Europe & Central Asia	1
#C49A00	5.255	1961	Kyrgyz Republic	101	Kyrgyz Republic	Europe & Central Asia	1
#C49A00	5.314	1962	Kyrgyz Republic	101	Kyrgyz Republic	Europe & Central Asia	1
#C49A00	5.335	1963	Kyrgyz Republic	101	Kyrgyz Republic	Europe & Central Asia	1
#C49A00	5.317	1964	Kyrgyz Republic	101	Kyrgyz Republic	Europe & Central Asia	1
#C49A00	5.266	1965	Kyrgyz Republic	101	Kyrgyz Republic	Europe & Central Asia	1
#C49A00	5.193	1966	Kyrgyz Republic	101	Kyrgyz Republic	Europe & Central Asia	1
#C49A00	5.112	1967	Kyrgyz Republic	101	Kyrgyz Republic	Europe & Central Asia	1
#C49A00	5.034	1968	Kyrgyz Republic	101	Kyrgyz Republic	Europe & Central Asia	1
#C49A00	4.961	1969	Kyrgyz Republic	101	Kyrgyz Republic	Europe & Central Asia	1
#C49A00	4.892	1970	Kyrgyz Republic	101	Kyrgyz Republic	Europe & Central Asia	1
#C49A00	4.815	1971	Kyrgyz Republic	101	Kyrgyz Republic	Europe & Central Asia	1
#C49A00	4.724	1972	Kyrgyz Republic	101	Kyrgyz Republic	Europe & Central Asia	1
#C49A00	4.615	1973	Kyrgyz Republic	101	Kyrgyz Republic	Europe & Central Asia	1
#C49A00	4.492	1974	Kyrgyz Republic	101	Kyrgyz Republic	Europe & Central Asia	1
#C49A00	4.365	1975	Kyrgyz Republic	101	Kyrgyz Republic	Europe & Central Asia	1
#C49A00	4.247	1976	Kyrgyz Republic	101	Kyrgyz Republic	Europe & Central Asia	1
#C49A00	4.15	1977	Kyrgyz Republic	101	Kyrgyz Republic	Europe & Central Asia	1
#C49A00	4.082	1978	Kyrgyz Republic	101	Kyrgyz Republic	Europe & Central Asia	1
#C49A00	4.044	1979	Kyrgyz Republic	101	Kyrgyz Republic	Europe & Central Asia	1
#C49A00	4.035	1980	Kyrgyz Republic	101	Kyrgyz Republic	Europe & Central Asia	1
#C49A00	4.046	1981	Kyrgyz Republic	101	Kyrgyz Republic	Europe & Central Asia	1
#C49A00	4.068	1982	Kyrgyz Republic	101	Kyrgyz Republic	Europe & Central Asia	1
#C49A00	4.086	1983	Kyrgyz Republic	101	Kyrgyz Republic	Europe & Central Asia	1
#C49A00	4.097	1984	Kyrgyz Republic	101	Kyrgyz Republic	Europe & Central Asia	1
#C49A00	4.093	1985	Kyrgyz Republic	101	Kyrgyz Republic	Europe & Central Asia	1
#C49A00	4.073	1986	Kyrgyz Republic	101	Kyrgyz Republic	Europe & Central Asia	1
#C49A00	4.039	1987	Kyrgyz Republic	101	Kyrgyz Republic	Europe & Central Asia	1
#C49A00	3.992	1988	Kyrgyz Republic	101	Kyrgyz Republic	Europe & Central Asia	1
#C49A00	3.875	1989	Kyrgyz Republic	101	Kyrgyz Republic	Europe & Central Asia	1
#C49A00	3.69	1990	Kyrgyz Republic	101	Kyrgyz Republic	Europe & Central Asia	1
#C49A00	3.671	1991	Kyrgyz Republic	101	Kyrgyz Republic	Europe & Central Asia	1
#C49A00	3.617	1992	Kyrgyz Republic	101	Kyrgyz Republic	Europe & Central Asia	1
#C49A00	3.3	1993	Kyrgyz Republic	101	Kyrgyz Republic	Europe & Central Asia	1
#C49A00	3.14	1994	Kyrgyz Republic	101	Kyrgyz Republic	Europe & Central Asia	1
#C49A00	3.31	1995	Kyrgyz Republic	101	Kyrgyz Republic	Europe & Central Asia	1
#C49A00	2.99	1996	Kyrgyz Republic	101	Kyrgyz Republic	Europe & Central Asia	1
#C49A00	2.79	1997	Kyrgyz Republic	101	Kyrgyz Republic	Europe & Central Asia	1
#C49A00	2.648	1998	Kyrgyz Republic	101	Kyrgyz Republic	Europe & Central Asia	1
#C49A00	2.629	1999	Kyrgyz Republic	101	Kyrgyz Republic	Europe & Central Asia	1
#C49A00	2.4	2000	Kyrgyz Republic	101	Kyrgyz Republic	Europe & Central Asia	1
#C49A00	2.4	2001	Kyrgyz Republic	101	Kyrgyz Republic	Europe & Central Asia	1
#C49A00	2.5	2002	Kyrgyz Republic	101	Kyrgyz Republic	Europe & Central Asia	1
#C49A00	2.5	2003	Kyrgyz Republic	101	Kyrgyz Republic	Europe & Central Asia	1
#C49A00	2.6	2004	Kyrgyz Republic	101	Kyrgyz Republic	Europe & Central Asia	1
#C49A00	2.5	2005	Kyrgyz Republic	101	Kyrgyz Republic	Europe & Central Asia	1
#C49A00	2.7	2006	Kyrgyz Republic	101	Kyrgyz Republic	Europe & Central Asia	1
#C49A00	2.8	2007	Kyrgyz Republic	101	Kyrgyz Republic	Europe & Central Asia	1
#C49A00	2.8	2008	Kyrgyz Republic	101	Kyrgyz Republic	Europe & Central Asia	1
#C49A00	2.9	2009	Kyrgyz Republic	101	Kyrgyz Republic	Europe & Central Asia	1
#C49A00	3.06	2010	Kyrgyz Republic	101	Kyrgyz Republic	Europe & Central Asia	1
#C49A00	3.06	2011	Kyrgyz Republic	101	Kyrgyz Republic	Europe & Central Asia	1
#F8766D	6.3	1960	Cambodia	30	Cambodia	East Asia & Pacific	1
#F8766D	6.304	1961	Cambodia	30	Cambodia	East Asia & Pacific	1
#F8766D	6.31	1962	Cambodia	30	Cambodia	East Asia & Pacific	1
#F8766D	6.316	1963	Cambodia	30	Cambodia	East Asia & Pacific	1
#F8766D	6.316	1964	Cambodia	30	Cambodia	East Asia & Pacific	1
#F8766D	6.306	1965	Cambodia	30	Cambodia	East Asia & Pacific	1
#F8766D	6.278	1966	Cambodia	30	Cambodia	East Asia & Pacific	1
#F8766D	6.229	1967	Cambodia	30	Cambodia	East Asia & Pacific	1
#F8766D	6.155	1968	Cambodia	30	Cambodia	East Asia & Pacific	1
#F8766D	6.056	1969	Cambodia	30	Cambodia	East Asia & Pacific	1
#F8766D	5.924	1970	Cambodia	30	Cambodia	East Asia & Pacific	1
#F8766D	5.747	1971	Cambodia	30	Cambodia	East Asia & Pacific	1
#F8766D	5.534	1972	Cambodia	30	Cambodia	East Asia & Pacific	1
#F8766D	5.302	1973	Cambodia	30	Cambodia	East Asia & Pacific	1
#F8766D	5.075	1974	Cambodia	30	Cambodia	East Asia & Pacific	1
#F8766D	4.901	1975	Cambodia	30	Cambodia	East Asia & Pacific	1
#F8766D	4.839	1976	Cambodia	30	Cambodia	East Asia & Pacific	1
#F8766D	4.915	1977	Cambodia	30	Cambodia	East Asia & Pacific	1
#F8766D	5.129	1978	Cambodia	30	Cambodia	East Asia & Pacific	1
#F8766D	5.462	1979	Cambodia	30	Cambodia	East Asia & Pacific	1
#F8766D	5.862	1980	Cambodia	30	Cambodia	East Asia & Pacific	1
#F8766D	6.255	1981	Cambodia	30	Cambodia	East Asia & Pacific	1
#F8766D	6.57	1982	Cambodia	30	Cambodia	East Asia & Pacific	1
#F8766D	6.758	1983	Cambodia	30	Cambodia	East Asia & Pacific	1
#F8766D	6.802	1984	Cambodia	30	Cambodia	East Asia & Pacific	1
#F8766D	6.711	1985	Cambodia	30	Cambodia	East Asia & Pacific	1
#F8766D	6.523	1986	Cambodia	30	Cambodia	East Asia & Pacific	1
#F8766D	6.297	1987	Cambodia	30	Cambodia	East Asia & Pacific	1
#F8766D	6.083	1988	Cambodia	30	Cambodia	East Asia & Pacific	1
#F8766D	5.896	1989	Cambodia	30	Cambodia	East Asia & Pacific	1
#F8766D	5.741	1990	Cambodia	30	Cambodia	East Asia & Pacific	1
#F8766D	5.605	1991	Cambodia	30	Cambodia	East Asia & Pacific	1
#F8766D	5.464	1992	Cambodia	30	Cambodia	East Asia & Pacific	1
#F8766D	5.301	1993	Cambodia	30	Cambodia	East Asia & Pacific	1
#F8766D	5.113	1994	Cambodia	30	Cambodia	East Asia & Pacific	1
#F8766D	4.903	1995	Cambodia	30	Cambodia	East Asia & Pacific	1
#F8766D	4.678	1996	Cambodia	30	Cambodia	East Asia & Pacific	1
#F8766D	4.45	1997	Cambodia	30	Cambodia	East Asia & Pacific	1
#F8766D	4.227	1998	Cambodia	30	Cambodia	East Asia & Pacific	1
#F8766D	4.017	1999	Cambodia	30	Cambodia	East Asia & Pacific	1
#F8766D	3.822	2000	Cambodia	30	Cambodia	East Asia & Pacific	1
#F8766D	3.643	2001	Cambodia	30	Cambodia	East Asia & Pacific	1
#F8766D	3.479	2002	Cambodia	30	Cambodia	East Asia & Pacific	1
#F8766D	3.327	2003	Cambodia	30	Cambodia	East Asia & Pacific	1
#F8766D	3.188	2004	Cambodia	30	Cambodia	East Asia & Pacific	1
#F8766D	3.06	2005	Cambodia	30	Cambodia	East Asia & Pacific	1
#F8766D	2.944	2006	Cambodia	30	Cambodia	East Asia & Pacific	1
#F8766D	2.84	2007	Cambodia	30	Cambodia	East Asia & Pacific	1
#F8766D	2.745	2008	Cambodia	30	Cambodia	East Asia & Pacific	1
#F8766D	2.659	2009	Cambodia	30	Cambodia	East Asia & Pacific	1
#F8766D	2.581	2010	Cambodia	30	Cambodia	East Asia & Pacific	1
#F8766D	2.51	2011	Cambodia	30	Cambodia	East Asia & Pacific	1
#F8766D	4.5	1982	Kiribati	96	Kiribati	East Asia & Pacific	1
#F8766D	4.4	1987	Kiribati	96	Kiribati	East Asia & Pacific	1
#F8766D	3.8	1992	Kiribati	96	Kiribati	East Asia & Pacific	1
#F8766D	4.5	1995	Kiribati	96	Kiribati	East Asia & Pacific	1
#F8766D	4.2	1997	Kiribati	96	Kiribati	East Asia & Pacific	1
#F8766D	3.6	2002	Kiribati	96	Kiribati	East Asia & Pacific	1
#F8766D	3.44	2005	Kiribati	96	Kiribati	East Asia & Pacific	1
#FB61D7	6.792	1960	Comoros	40	Comoros	Sub-Saharan Africa	1
#FB61D7	6.849	1961	Comoros	40	Comoros	Sub-Saharan Africa	1
#FB61D7	6.897	1962	Comoros	40	Comoros	Sub-Saharan Africa	1
#FB61D7	6.939	1963	Comoros	40	Comoros	Sub-Saharan Africa	1
#FB61D7	6.975	1964	Comoros	40	Comoros	Sub-Saharan Africa	1
#FB61D7	7.004	1965	Comoros	40	Comoros	Sub-Saharan Africa	1
#FB61D7	7.027	1966	Comoros	40	Comoros	Sub-Saharan Africa	1
#FB61D7	7.044	1967	Comoros	40	Comoros	Sub-Saharan Africa	1
#FB61D7	7.055	1968	Comoros	40	Comoros	Sub-Saharan Africa	1
#FB61D7	7.06	1969	Comoros	40	Comoros	Sub-Saharan Africa	1
#FB61D7	7.061	1970	Comoros	40	Comoros	Sub-Saharan Africa	1
#FB61D7	7.06	1971	Comoros	40	Comoros	Sub-Saharan Africa	1
#FB61D7	7.058	1972	Comoros	40	Comoros	Sub-Saharan Africa	1
#FB61D7	7.055	1973	Comoros	40	Comoros	Sub-Saharan Africa	1
#FB61D7	7.052	1974	Comoros	40	Comoros	Sub-Saharan Africa	1
#FB61D7	7.054	1975	Comoros	40	Comoros	Sub-Saharan Africa	1
#FB61D7	7.065	1976	Comoros	40	Comoros	Sub-Saharan Africa	1
#FB61D7	7.084	1977	Comoros	40	Comoros	Sub-Saharan Africa	1
#FB61D7	7.106	1978	Comoros	40	Comoros	Sub-Saharan Africa	1
#FB61D7	7.126	1979	Comoros	40	Comoros	Sub-Saharan Africa	1
#FB61D7	7.129	1980	Comoros	40	Comoros	Sub-Saharan Africa	1
#FB61D7	7.102	1981	Comoros	40	Comoros	Sub-Saharan Africa	1
#FB61D7	7.033	1982	Comoros	40	Comoros	Sub-Saharan Africa	1
#FB61D7	6.921	1983	Comoros	40	Comoros	Sub-Saharan Africa	1
#FB61D7	6.766	1984	Comoros	40	Comoros	Sub-Saharan Africa	1
#FB61D7	6.576	1985	Comoros	40	Comoros	Sub-Saharan Africa	1
#FB61D7	6.362	1986	Comoros	40	Comoros	Sub-Saharan Africa	1
#FB61D7	6.141	1987	Comoros	40	Comoros	Sub-Saharan Africa	1
#FB61D7	5.928	1988	Comoros	40	Comoros	Sub-Saharan Africa	1
#FB61D7	5.735	1989	Comoros	40	Comoros	Sub-Saharan Africa	1
#FB61D7	5.573	1990	Comoros	40	Comoros	Sub-Saharan Africa	1
#FB61D7	5.447	1991	Comoros	40	Comoros	Sub-Saharan Africa	1
#FB61D7	5.355	1992	Comoros	40	Comoros	Sub-Saharan Africa	1
#FB61D7	5.293	1993	Comoros	40	Comoros	Sub-Saharan Africa	1
#FB61D7	5.257	1994	Comoros	40	Comoros	Sub-Saharan Africa	1
#FB61D7	5.246	1995	Comoros	40	Comoros	Sub-Saharan Africa	1
#FB61D7	5.253	1996	Comoros	40	Comoros	Sub-Saharan Africa	1
#FB61D7	5.27	1997	Comoros	40	Comoros	Sub-Saharan Africa	1
#FB61D7	5.289	1998	Comoros	40	Comoros	Sub-Saharan Africa	1
#FB61D7	5.306	1999	Comoros	40	Comoros	Sub-Saharan Africa	1
#FB61D7	5.315	2000	Comoros	40	Comoros	Sub-Saharan Africa	1
#FB61D7	5.313	2001	Comoros	40	Comoros	Sub-Saharan Africa	1
#FB61D7	5.303	2002	Comoros	40	Comoros	Sub-Saharan Africa	1
#FB61D7	5.283	2003	Comoros	40	Comoros	Sub-Saharan Africa	1
#FB61D7	5.254	2004	Comoros	40	Comoros	Sub-Saharan Africa	1
#FB61D7	5.216	2005	Comoros	40	Comoros	Sub-Saharan Africa	1
#FB61D7	5.168	2006	Comoros	40	Comoros	Sub-Saharan Africa	1
#FB61D7	5.112	2007	Comoros	40	Comoros	Sub-Saharan Africa	1
#FB61D7	5.051	2008	Comoros	40	Comoros	Sub-Saharan Africa	1
#FB61D7	4.986	2009	Comoros	40	Comoros	Sub-Saharan Africa	1
#FB61D7	4.919	2010	Comoros	40	Comoros	Sub-Saharan Africa	1
#FB61D7	4.85	2011	Comoros	40	Comoros	Sub-Saharan Africa	1
#53B400	3.3	1982	St. Kitts and Nevis	170	St. Kitts and Nevis	Latin America & Caribbean	1
#53B400	2.8	1987	St. Kitts and Nevis	170	St. Kitts and Nevis	Latin America & Caribbean	1
#53B400	2.6	1992	St. Kitts and Nevis	170	St. Kitts and Nevis	Latin America & Caribbean	1
#53B400	2.4	1997	St. Kitts and Nevis	170	St. Kitts and Nevis	Latin America & Caribbean	1
#53B400	2.107	2002	St. Kitts and Nevis	170	St. Kitts and Nevis	Latin America & Caribbean	1
#F8766D	3.643	1960	Korea, Dem. Rep.	97	Korea, Dem. Rep.	East Asia & Pacific	1
#F8766D	3.592	1961	Korea, Dem. Rep.	97	Korea, Dem. Rep.	East Asia & Pacific	1
#F8766D	3.568	1962	Korea, Dem. Rep.	97	Korea, Dem. Rep.	East Asia & Pacific	1
#F8766D	3.588	1963	Korea, Dem. Rep.	97	Korea, Dem. Rep.	East Asia & Pacific	1
#F8766D	3.653	1964	Korea, Dem. Rep.	97	Korea, Dem. Rep.	East Asia & Pacific	1
#F8766D	3.756	1965	Korea, Dem. Rep.	97	Korea, Dem. Rep.	East Asia & Pacific	1
#F8766D	3.876	1966	Korea, Dem. Rep.	97	Korea, Dem. Rep.	East Asia & Pacific	1
#F8766D	3.984	1967	Korea, Dem. Rep.	97	Korea, Dem. Rep.	East Asia & Pacific	1
#F8766D	4.054	1968	Korea, Dem. Rep.	97	Korea, Dem. Rep.	East Asia & Pacific	1
#F8766D	4.076	1969	Korea, Dem. Rep.	97	Korea, Dem. Rep.	East Asia & Pacific	1
#F8766D	4.036	1970	Korea, Dem. Rep.	97	Korea, Dem. Rep.	East Asia & Pacific	1
#F8766D	3.927	1971	Korea, Dem. Rep.	97	Korea, Dem. Rep.	East Asia & Pacific	1
#F8766D	3.761	1972	Korea, Dem. Rep.	97	Korea, Dem. Rep.	East Asia & Pacific	1
#F8766D	3.556	1973	Korea, Dem. Rep.	97	Korea, Dem. Rep.	East Asia & Pacific	1
#F8766D	3.326	1974	Korea, Dem. Rep.	97	Korea, Dem. Rep.	East Asia & Pacific	1
#F8766D	3.101	1975	Korea, Dem. Rep.	97	Korea, Dem. Rep.	East Asia & Pacific	1
#F8766D	2.909	1976	Korea, Dem. Rep.	97	Korea, Dem. Rep.	East Asia & Pacific	1
#F8766D	2.77	1977	Korea, Dem. Rep.	97	Korea, Dem. Rep.	East Asia & Pacific	1
#F8766D	2.692	1978	Korea, Dem. Rep.	97	Korea, Dem. Rep.	East Asia & Pacific	1
#F8766D	2.676	1979	Korea, Dem. Rep.	97	Korea, Dem. Rep.	East Asia & Pacific	1
#F8766D	2.705	1980	Korea, Dem. Rep.	97	Korea, Dem. Rep.	East Asia & Pacific	1
#F8766D	2.756	1981	Korea, Dem. Rep.	97	Korea, Dem. Rep.	East Asia & Pacific	1
#F8766D	2.797	1982	Korea, Dem. Rep.	97	Korea, Dem. Rep.	East Asia & Pacific	1
#F8766D	2.807	1983	Korea, Dem. Rep.	97	Korea, Dem. Rep.	East Asia & Pacific	1
#F8766D	2.779	1984	Korea, Dem. Rep.	97	Korea, Dem. Rep.	East Asia & Pacific	1
#F8766D	2.716	1985	Korea, Dem. Rep.	97	Korea, Dem. Rep.	East Asia & Pacific	1
#F8766D	2.633	1986	Korea, Dem. Rep.	97	Korea, Dem. Rep.	East Asia & Pacific	1
#F8766D	2.55	1987	Korea, Dem. Rep.	97	Korea, Dem. Rep.	East Asia & Pacific	1
#F8766D	2.482	1988	Korea, Dem. Rep.	97	Korea, Dem. Rep.	East Asia & Pacific	1
#F8766D	2.434	1989	Korea, Dem. Rep.	97	Korea, Dem. Rep.	East Asia & Pacific	1
#F8766D	2.406	1990	Korea, Dem. Rep.	97	Korea, Dem. Rep.	East Asia & Pacific	1
#F8766D	2.391	1991	Korea, Dem. Rep.	97	Korea, Dem. Rep.	East Asia & Pacific	1
#F8766D	2.38	1992	Korea, Dem. Rep.	97	Korea, Dem. Rep.	East Asia & Pacific	1
#F8766D	2.363	1993	Korea, Dem. Rep.	97	Korea, Dem. Rep.	East Asia & Pacific	1
#F8766D	2.338	1994	Korea, Dem. Rep.	97	Korea, Dem. Rep.	East Asia & Pacific	1
#F8766D	2.306	1995	Korea, Dem. Rep.	97	Korea, Dem. Rep.	East Asia & Pacific	1
#F8766D	2.266	1996	Korea, Dem. Rep.	97	Korea, Dem. Rep.	East Asia & Pacific	1
#F8766D	2.224	1997	Korea, Dem. Rep.	97	Korea, Dem. Rep.	East Asia & Pacific	1
#F8766D	2.182	1998	Korea, Dem. Rep.	97	Korea, Dem. Rep.	East Asia & Pacific	1
#F8766D	2.144	1999	Korea, Dem. Rep.	97	Korea, Dem. Rep.	East Asia & Pacific	1
#F8766D	2.11	2000	Korea, Dem. Rep.	97	Korea, Dem. Rep.	East Asia & Pacific	1
#F8766D	2.084	2001	Korea, Dem. Rep.	97	Korea, Dem. Rep.	East Asia & Pacific	1
#F8766D	2.065	2002	Korea, Dem. Rep.	97	Korea, Dem. Rep.	East Asia & Pacific	1
#F8766D	2.053	2003	Korea, Dem. Rep.	97	Korea, Dem. Rep.	East Asia & Pacific	1
#F8766D	2.046	2004	Korea, Dem. Rep.	97	Korea, Dem. Rep.	East Asia & Pacific	1
#F8766D	2.043	2005	Korea, Dem. Rep.	97	Korea, Dem. Rep.	East Asia & Pacific	1
#F8766D	2.042	2006	Korea, Dem. Rep.	97	Korea, Dem. Rep.	East Asia & Pacific	1
#F8766D	2.041	2007	Korea, Dem. Rep.	97	Korea, Dem. Rep.	East Asia & Pacific	1
#F8766D	2.038	2008	Korea, Dem. Rep.	97	Korea, Dem. Rep.	East Asia & Pacific	1
#F8766D	2.032	2009	Korea, Dem. Rep.	97	Korea, Dem. Rep.	East Asia & Pacific	1
#F8766D	2.022	2010	Korea, Dem. Rep.	97	Korea, Dem. Rep.	East Asia & Pacific	1
#F8766D	2.01	2011	Korea, Dem. Rep.	97	Korea, Dem. Rep.	East Asia & Pacific	1
#F8766D	6.155	1960	Korea, Rep.	98	Korea, Rep.	East Asia & Pacific	1
#F8766D	5.989	1961	Korea, Rep.	98	Korea, Rep.	East Asia & Pacific	1
#F8766D	5.789	1962	Korea, Rep.	98	Korea, Rep.	East Asia & Pacific	1
#F8766D	5.574	1963	Korea, Rep.	98	Korea, Rep.	East Asia & Pacific	1
#F8766D	5.357	1964	Korea, Rep.	98	Korea, Rep.	East Asia & Pacific	1
#F8766D	5.157	1965	Korea, Rep.	98	Korea, Rep.	East Asia & Pacific	1
#F8766D	4.987	1966	Korea, Rep.	98	Korea, Rep.	East Asia & Pacific	1
#F8766D	4.845	1967	Korea, Rep.	98	Korea, Rep.	East Asia & Pacific	1
#F8766D	4.725	1968	Korea, Rep.	98	Korea, Rep.	East Asia & Pacific	1
#F8766D	4.624	1969	Korea, Rep.	98	Korea, Rep.	East Asia & Pacific	1
#F8766D	4.53	1970	Korea, Rep.	98	Korea, Rep.	East Asia & Pacific	1
#F8766D	4.54	1971	Korea, Rep.	98	Korea, Rep.	East Asia & Pacific	1
#F8766D	4.14	1972	Korea, Rep.	98	Korea, Rep.	East Asia & Pacific	1
#F8766D	4.1	1973	Korea, Rep.	98	Korea, Rep.	East Asia & Pacific	1
#F8766D	3.81	1974	Korea, Rep.	98	Korea, Rep.	East Asia & Pacific	1
#F8766D	3.47	1975	Korea, Rep.	98	Korea, Rep.	East Asia & Pacific	1
#F8766D	3.05	1976	Korea, Rep.	98	Korea, Rep.	East Asia & Pacific	1
#F8766D	3.02	1977	Korea, Rep.	98	Korea, Rep.	East Asia & Pacific	1
#F8766D	2.65	1978	Korea, Rep.	98	Korea, Rep.	East Asia & Pacific	1
#F8766D	2.9	1979	Korea, Rep.	98	Korea, Rep.	East Asia & Pacific	1
#F8766D	2.83	1980	Korea, Rep.	98	Korea, Rep.	East Asia & Pacific	1
#F8766D	2.66	1981	Korea, Rep.	98	Korea, Rep.	East Asia & Pacific	1
#F8766D	2.42	1982	Korea, Rep.	98	Korea, Rep.	East Asia & Pacific	1
#F8766D	2.08	1983	Korea, Rep.	98	Korea, Rep.	East Asia & Pacific	1
#F8766D	1.96	1984	Korea, Rep.	98	Korea, Rep.	East Asia & Pacific	1
#F8766D	1.67	1985	Korea, Rep.	98	Korea, Rep.	East Asia & Pacific	1
#F8766D	1.6	1986	Korea, Rep.	98	Korea, Rep.	East Asia & Pacific	1
#F8766D	1.55	1987	Korea, Rep.	98	Korea, Rep.	East Asia & Pacific	1
#F8766D	1.56	1988	Korea, Rep.	98	Korea, Rep.	East Asia & Pacific	1
#F8766D	1.58	1989	Korea, Rep.	98	Korea, Rep.	East Asia & Pacific	1
#F8766D	1.59	1990	Korea, Rep.	98	Korea, Rep.	East Asia & Pacific	1
#F8766D	1.74	1991	Korea, Rep.	98	Korea, Rep.	East Asia & Pacific	1
#F8766D	1.78	1992	Korea, Rep.	98	Korea, Rep.	East Asia & Pacific	1
#F8766D	1.67	1993	Korea, Rep.	98	Korea, Rep.	East Asia & Pacific	1
#F8766D	1.67	1994	Korea, Rep.	98	Korea, Rep.	East Asia & Pacific	1
#F8766D	1.65	1995	Korea, Rep.	98	Korea, Rep.	East Asia & Pacific	1
#F8766D	1.58	1996	Korea, Rep.	98	Korea, Rep.	East Asia & Pacific	1
#F8766D	1.54	1997	Korea, Rep.	98	Korea, Rep.	East Asia & Pacific	1
#F8766D	1.47	1998	Korea, Rep.	98	Korea, Rep.	East Asia & Pacific	1
#F8766D	1.42	1999	Korea, Rep.	98	Korea, Rep.	East Asia & Pacific	1
#F8766D	1.47	2000	Korea, Rep.	98	Korea, Rep.	East Asia & Pacific	1
#F8766D	1.3	2001	Korea, Rep.	98	Korea, Rep.	East Asia & Pacific	1
#F8766D	1.17	2002	Korea, Rep.	98	Korea, Rep.	East Asia & Pacific	1
#F8766D	1.19	2003	Korea, Rep.	98	Korea, Rep.	East Asia & Pacific	1
#F8766D	1.16	2004	Korea, Rep.	98	Korea, Rep.	East Asia & Pacific	1
#F8766D	1.076	2005	Korea, Rep.	98	Korea, Rep.	East Asia & Pacific	1
#F8766D	1.123	2006	Korea, Rep.	98	Korea, Rep.	East Asia & Pacific	1
#F8766D	1.25	2007	Korea, Rep.	98	Korea, Rep.	East Asia & Pacific	1
#F8766D	1.192	2008	Korea, Rep.	98	Korea, Rep.	East Asia & Pacific	1
#F8766D	1.149	2009	Korea, Rep.	98	Korea, Rep.	East Asia & Pacific	1
#F8766D	1.226	2010	Korea, Rep.	98	Korea, Rep.	East Asia & Pacific	1
#F8766D	1.244	2011	Korea, Rep.	98	Korea, Rep.	East Asia & Pacific	1
#C49A00	4.5758	1981	Kosovo	99	Kosovo	Europe & Central Asia	1
#C49A00	4.8844	1982	Kosovo	99	Kosovo	Europe & Central Asia	1
#C49A00	4.4761	1983	Kosovo	99	Kosovo	Europe & Central Asia	1
#C49A00	4.8199	1984	Kosovo	99	Kosovo	Europe & Central Asia	1
#C49A00	4.5635	1985	Kosovo	99	Kosovo	Europe & Central Asia	1
#C49A00	4.4662	1986	Kosovo	99	Kosovo	Europe & Central Asia	1
#C49A00	4.4299	1987	Kosovo	99	Kosovo	Europe & Central Asia	1
#C49A00	4.2631	1988	Kosovo	99	Kosovo	Europe & Central Asia	1
#C49A00	3.9223	1989	Kosovo	99	Kosovo	Europe & Central Asia	1
#C49A00	3.9028	1990	Kosovo	99	Kosovo	Europe & Central Asia	1
#C49A00	3.5844	1991	Kosovo	99	Kosovo	Europe & Central Asia	1
#C49A00	2.9581	1992	Kosovo	99	Kosovo	Europe & Central Asia	1
#C49A00	2.8396	1993	Kosovo	99	Kosovo	Europe & Central Asia	1
#C49A00	2.7064	1994	Kosovo	99	Kosovo	Europe & Central Asia	1
#C49A00	2.7014	1995	Kosovo	99	Kosovo	Europe & Central Asia	1
#C49A00	2.6981	1996	Kosovo	99	Kosovo	Europe & Central Asia	1
#C49A00	2.4573	1997	Kosovo	99	Kosovo	Europe & Central Asia	1
#C49A00	2.5677	1998	Kosovo	99	Kosovo	Europe & Central Asia	1
#C49A00	2.8781	1999	Kosovo	99	Kosovo	Europe & Central Asia	1
#C49A00	2.9543	2000	Kosovo	99	Kosovo	Europe & Central Asia	1
#C49A00	2.799	2001	Kosovo	99	Kosovo	Europe & Central Asia	1
#C49A00	2.6645	2002	Kosovo	99	Kosovo	Europe & Central Asia	1
#C49A00	2.343	2003	Kosovo	99	Kosovo	Europe & Central Asia	1
#C49A00	2.533	2004	Kosovo	99	Kosovo	Europe & Central Asia	1
#C49A00	2.6473	2005	Kosovo	99	Kosovo	Europe & Central Asia	1
#C49A00	2.4252	2006	Kosovo	99	Kosovo	Europe & Central Asia	1
#C49A00	2.431	2007	Kosovo	99	Kosovo	Europe & Central Asia	1
#C49A00	2.3835	2008	Kosovo	99	Kosovo	Europe & Central Asia	1
#C49A00	2.3368	2009	Kosovo	99	Kosovo	Europe & Central Asia	1
#C49A00	2.2893	2010	Kosovo	99	Kosovo	Europe & Central Asia	1
#C49A00	2.2	2011	Kosovo	99	Kosovo	Europe & Central Asia	1
#00C094	7.251	1960	Kuwait	100	Kuwait	Middle East & North Africa	1
#00C094	7.279	1961	Kuwait	100	Kuwait	Middle East & North Africa	1
#00C094	7.312	1962	Kuwait	100	Kuwait	Middle East & North Africa	1
#00C094	7.348	1963	Kuwait	100	Kuwait	Middle East & North Africa	1
#00C094	7.381	1964	Kuwait	100	Kuwait	Middle East & North Africa	1
#00C094	7.407	1965	Kuwait	100	Kuwait	Middle East & North Africa	1
#00C094	7.419	1966	Kuwait	100	Kuwait	Middle East & North Africa	1
#00C094	7.413	1967	Kuwait	100	Kuwait	Middle East & North Africa	1
#00C094	7.383	1968	Kuwait	100	Kuwait	Middle East & North Africa	1
#00C094	7.327	1969	Kuwait	100	Kuwait	Middle East & North Africa	1
#00C094	7.241	1970	Kuwait	100	Kuwait	Middle East & North Africa	1
#00C094	7.123	1971	Kuwait	100	Kuwait	Middle East & North Africa	1
#00C094	6.975	1972	Kuwait	100	Kuwait	Middle East & North Africa	1
#00C094	6.805	1973	Kuwait	100	Kuwait	Middle East & North Africa	1
#00C094	6.617	1974	Kuwait	100	Kuwait	Middle East & North Africa	1
#00C094	6.421	1975	Kuwait	100	Kuwait	Middle East & North Africa	1
#00C094	6.23	1976	Kuwait	100	Kuwait	Middle East & North Africa	1
#00C094	6.048	1977	Kuwait	100	Kuwait	Middle East & North Africa	1
#00C094	5.877	1978	Kuwait	100	Kuwait	Middle East & North Africa	1
#00C094	5.715	1979	Kuwait	100	Kuwait	Middle East & North Africa	1
#00C094	5.549	1980	Kuwait	100	Kuwait	Middle East & North Africa	1
#00C094	5.362	1981	Kuwait	100	Kuwait	Middle East & North Africa	1
#00C094	5.14	1982	Kuwait	100	Kuwait	Middle East & North Africa	1
#00C094	4.876	1983	Kuwait	100	Kuwait	Middle East & North Africa	1
#00C094	4.575	1984	Kuwait	100	Kuwait	Middle East & North Africa	1
#00C094	4.239	1985	Kuwait	100	Kuwait	Middle East & North Africa	1
#00C094	3.878	1986	Kuwait	100	Kuwait	Middle East & North Africa	1
#00C094	3.511	1987	Kuwait	100	Kuwait	Middle East & North Africa	1
#00C094	3.161	1988	Kuwait	100	Kuwait	Middle East & North Africa	1
#00C094	2.844	1989	Kuwait	100	Kuwait	Middle East & North Africa	1
#00C094	2.588	1990	Kuwait	100	Kuwait	Middle East & North Africa	1
#00C094	2.418	1991	Kuwait	100	Kuwait	Middle East & North Africa	1
#00C094	2.338	1992	Kuwait	100	Kuwait	Middle East & North Africa	1
#00C094	2.341	1993	Kuwait	100	Kuwait	Middle East & North Africa	1
#00C094	2.413	1994	Kuwait	100	Kuwait	Middle East & North Africa	1
#00C094	2.525	1995	Kuwait	100	Kuwait	Middle East & North Africa	1
#00C094	2.64	1996	Kuwait	100	Kuwait	Middle East & North Africa	1
#00C094	2.722	1997	Kuwait	100	Kuwait	Middle East & North Africa	1
#00C094	2.749	1998	Kuwait	100	Kuwait	Middle East & North Africa	1
#00C094	2.714	1999	Kuwait	100	Kuwait	Middle East & North Africa	1
#00C094	2.626	2000	Kuwait	100	Kuwait	Middle East & North Africa	1
#00C094	2.508	2001	Kuwait	100	Kuwait	Middle East & North Africa	1
#00C094	2.392	2002	Kuwait	100	Kuwait	Middle East & North Africa	1
#00C094	2.305	2003	Kuwait	100	Kuwait	Middle East & North Africa	1
#00C094	2.254	2004	Kuwait	100	Kuwait	Middle East & North Africa	1
#00C094	2.239	2005	Kuwait	100	Kuwait	Middle East & North Africa	1
#00C094	2.251	2006	Kuwait	100	Kuwait	Middle East & North Africa	1
#00C094	2.272	2007	Kuwait	100	Kuwait	Middle East & North Africa	1
#00C094	2.29	2008	Kuwait	100	Kuwait	Middle East & North Africa	1
#00C094	2.298	2009	Kuwait	100	Kuwait	Middle East & North Africa	1
#00C094	2.295	2010	Kuwait	100	Kuwait	Middle East & North Africa	1
#00C094	2.283	2011	Kuwait	100	Kuwait	Middle East & North Africa	1
#C49A00	4.563	1960	Kazakhstan	94	Kazakhstan	Europe & Central Asia	1
#C49A00	4.514	1961	Kazakhstan	94	Kazakhstan	Europe & Central Asia	1
#C49A00	4.437	1962	Kazakhstan	94	Kazakhstan	Europe & Central Asia	1
#C49A00	4.331	1963	Kazakhstan	94	Kazakhstan	Europe & Central Asia	1
#C49A00	4.201	1964	Kazakhstan	94	Kazakhstan	Europe & Central Asia	1
#C49A00	4.059	1965	Kazakhstan	94	Kazakhstan	Europe & Central Asia	1
#C49A00	3.918	1966	Kazakhstan	94	Kazakhstan	Europe & Central Asia	1
#C49A00	3.79	1967	Kazakhstan	94	Kazakhstan	Europe & Central Asia	1
#C49A00	3.683	1968	Kazakhstan	94	Kazakhstan	Europe & Central Asia	1
#C49A00	3.6	1969	Kazakhstan	94	Kazakhstan	Europe & Central Asia	1
#C49A00	3.538	1970	Kazakhstan	94	Kazakhstan	Europe & Central Asia	1
#C49A00	3.489	1971	Kazakhstan	94	Kazakhstan	Europe & Central Asia	1
#C49A00	3.44	1972	Kazakhstan	94	Kazakhstan	Europe & Central Asia	1
#C49A00	3.385	1973	Kazakhstan	94	Kazakhstan	Europe & Central Asia	1
#C49A00	3.32	1974	Kazakhstan	94	Kazakhstan	Europe & Central Asia	1
#C49A00	3.249	1975	Kazakhstan	94	Kazakhstan	Europe & Central Asia	1
#C49A00	3.175	1976	Kazakhstan	94	Kazakhstan	Europe & Central Asia	1
#C49A00	3.106	1977	Kazakhstan	94	Kazakhstan	Europe & Central Asia	1
#C49A00	3.048	1978	Kazakhstan	94	Kazakhstan	Europe & Central Asia	1
#C49A00	3.019	1979	Kazakhstan	94	Kazakhstan	Europe & Central Asia	1
#C49A00	2.9	1980	Kazakhstan	94	Kazakhstan	Europe & Central Asia	1
#C49A00	2.95	1981	Kazakhstan	94	Kazakhstan	Europe & Central Asia	1
#C49A00	3	1982	Kazakhstan	94	Kazakhstan	Europe & Central Asia	1
#C49A00	3.04	1983	Kazakhstan	94	Kazakhstan	Europe & Central Asia	1
#C49A00	3.08	1984	Kazakhstan	94	Kazakhstan	Europe & Central Asia	1
#C49A00	3.08	1985	Kazakhstan	94	Kazakhstan	Europe & Central Asia	1
#C49A00	3.135	1986	Kazakhstan	94	Kazakhstan	Europe & Central Asia	1
#C49A00	3.19	1987	Kazakhstan	94	Kazakhstan	Europe & Central Asia	1
#C49A00	3.13	1988	Kazakhstan	94	Kazakhstan	Europe & Central Asia	1
#C49A00	2.82	1989	Kazakhstan	94	Kazakhstan	Europe & Central Asia	1
#C49A00	2.72	1990	Kazakhstan	94	Kazakhstan	Europe & Central Asia	1
#C49A00	2.61	1991	Kazakhstan	94	Kazakhstan	Europe & Central Asia	1
#C49A00	2.5	1992	Kazakhstan	94	Kazakhstan	Europe & Central Asia	1
#C49A00	2.3	1993	Kazakhstan	94	Kazakhstan	Europe & Central Asia	1
#C49A00	2.28	1994	Kazakhstan	94	Kazakhstan	Europe & Central Asia	1
#C49A00	2.26	1995	Kazakhstan	94	Kazakhstan	Europe & Central Asia	1
#C49A00	2.13	1996	Kazakhstan	94	Kazakhstan	Europe & Central Asia	1
#C49A00	2	1997	Kazakhstan	94	Kazakhstan	Europe & Central Asia	1
#C49A00	1.8	1998	Kazakhstan	94	Kazakhstan	Europe & Central Asia	1
#C49A00	1.7	1999	Kazakhstan	94	Kazakhstan	Europe & Central Asia	1
#C49A00	1.8	2000	Kazakhstan	94	Kazakhstan	Europe & Central Asia	1
#C49A00	1.9	2001	Kazakhstan	94	Kazakhstan	Europe & Central Asia	1
#C49A00	2	2002	Kazakhstan	94	Kazakhstan	Europe & Central Asia	1
#C49A00	2.03	2003	Kazakhstan	94	Kazakhstan	Europe & Central Asia	1
#C49A00	2.21	2004	Kazakhstan	94	Kazakhstan	Europe & Central Asia	1
#C49A00	2.22	2005	Kazakhstan	94	Kazakhstan	Europe & Central Asia	1
#C49A00	2.36	2006	Kazakhstan	94	Kazakhstan	Europe & Central Asia	1
#C49A00	2.5	2007	Kazakhstan	94	Kazakhstan	Europe & Central Asia	1
#C49A00	2.7	2008	Kazakhstan	94	Kazakhstan	Europe & Central Asia	1
#C49A00	2.6	2009	Kazakhstan	94	Kazakhstan	Europe & Central Asia	1
#C49A00	2.59	2010	Kazakhstan	94	Kazakhstan	Europe & Central Asia	1
#C49A00	2.59	2011	Kazakhstan	94	Kazakhstan	Europe & Central Asia	1
#F8766D	5.961	1960	Lao PDR	102	Lao PDR	East Asia & Pacific	1
#F8766D	5.964	1961	Lao PDR	102	Lao PDR	East Asia & Pacific	1
#F8766D	5.966	1962	Lao PDR	102	Lao PDR	East Asia & Pacific	1
#F8766D	5.969	1963	Lao PDR	102	Lao PDR	East Asia & Pacific	1
#F8766D	5.971	1964	Lao PDR	102	Lao PDR	East Asia & Pacific	1
#F8766D	5.973	1965	Lao PDR	102	Lao PDR	East Asia & Pacific	1
#F8766D	5.974	1966	Lao PDR	102	Lao PDR	East Asia & Pacific	1
#F8766D	5.973	1967	Lao PDR	102	Lao PDR	East Asia & Pacific	1
#F8766D	5.973	1968	Lao PDR	102	Lao PDR	East Asia & Pacific	1
#F8766D	5.972	1969	Lao PDR	102	Lao PDR	East Asia & Pacific	1
#F8766D	5.974	1970	Lao PDR	102	Lao PDR	East Asia & Pacific	1
#F8766D	5.979	1971	Lao PDR	102	Lao PDR	East Asia & Pacific	1
#F8766D	5.99	1972	Lao PDR	102	Lao PDR	East Asia & Pacific	1
#F8766D	6.006	1973	Lao PDR	102	Lao PDR	East Asia & Pacific	1
#F8766D	6.029	1974	Lao PDR	102	Lao PDR	East Asia & Pacific	1
#F8766D	6.059	1975	Lao PDR	102	Lao PDR	East Asia & Pacific	1
#F8766D	6.096	1976	Lao PDR	102	Lao PDR	East Asia & Pacific	1
#F8766D	6.139	1977	Lao PDR	102	Lao PDR	East Asia & Pacific	1
#F8766D	6.186	1978	Lao PDR	102	Lao PDR	East Asia & Pacific	1
#F8766D	6.233	1979	Lao PDR	102	Lao PDR	East Asia & Pacific	1
#F8766D	6.277	1980	Lao PDR	102	Lao PDR	East Asia & Pacific	1
#F8766D	6.315	1981	Lao PDR	102	Lao PDR	East Asia & Pacific	1
#F8766D	6.345	1982	Lao PDR	102	Lao PDR	East Asia & Pacific	1
#F8766D	6.363	1983	Lao PDR	102	Lao PDR	East Asia & Pacific	1
#F8766D	6.369	1984	Lao PDR	102	Lao PDR	East Asia & Pacific	1
#F8766D	6.361	1985	Lao PDR	102	Lao PDR	East Asia & Pacific	1
#F8766D	6.342	1986	Lao PDR	102	Lao PDR	East Asia & Pacific	1
#F8766D	6.313	1987	Lao PDR	102	Lao PDR	East Asia & Pacific	1
#F8766D	6.274	1988	Lao PDR	102	Lao PDR	East Asia & Pacific	1
#F8766D	6.222	1989	Lao PDR	102	Lao PDR	East Asia & Pacific	1
#F8766D	6.152	1990	Lao PDR	102	Lao PDR	East Asia & Pacific	1
#F8766D	6.057	1991	Lao PDR	102	Lao PDR	East Asia & Pacific	1
#F8766D	5.934	1992	Lao PDR	102	Lao PDR	East Asia & Pacific	1
#F8766D	5.782	1993	Lao PDR	102	Lao PDR	East Asia & Pacific	1
#F8766D	5.603	1994	Lao PDR	102	Lao PDR	East Asia & Pacific	1
#F8766D	5.4	1995	Lao PDR	102	Lao PDR	East Asia & Pacific	1
#F8766D	5.175	1996	Lao PDR	102	Lao PDR	East Asia & Pacific	1
#F8766D	4.938	1997	Lao PDR	102	Lao PDR	East Asia & Pacific	1
#F8766D	4.696	1998	Lao PDR	102	Lao PDR	East Asia & Pacific	1
#F8766D	4.457	1999	Lao PDR	102	Lao PDR	East Asia & Pacific	1
#F8766D	4.227	2000	Lao PDR	102	Lao PDR	East Asia & Pacific	1
#F8766D	4.011	2001	Lao PDR	102	Lao PDR	East Asia & Pacific	1
#F8766D	3.811	2002	Lao PDR	102	Lao PDR	East Asia & Pacific	1
#F8766D	3.626	2003	Lao PDR	102	Lao PDR	East Asia & Pacific	1
#F8766D	3.46	2004	Lao PDR	102	Lao PDR	East Asia & Pacific	1
#F8766D	3.311	2005	Lao PDR	102	Lao PDR	East Asia & Pacific	1
#F8766D	3.178	2006	Lao PDR	102	Lao PDR	East Asia & Pacific	1
#F8766D	3.057	2007	Lao PDR	102	Lao PDR	East Asia & Pacific	1
#F8766D	2.946	2008	Lao PDR	102	Lao PDR	East Asia & Pacific	1
#F8766D	2.843	2009	Lao PDR	102	Lao PDR	East Asia & Pacific	1
#F8766D	2.747	2010	Lao PDR	102	Lao PDR	East Asia & Pacific	1
#F8766D	2.658	2011	Lao PDR	102	Lao PDR	East Asia & Pacific	1
#00C094	5.731	1960	Lebanon	104	Lebanon	Middle East & North Africa	1
#00C094	5.719	1961	Lebanon	104	Lebanon	Middle East & North Africa	1
#00C094	5.697	1962	Lebanon	104	Lebanon	Middle East & North Africa	1
#00C094	5.663	1963	Lebanon	104	Lebanon	Middle East & North Africa	1
#00C094	5.615	1964	Lebanon	104	Lebanon	Middle East & North Africa	1
#00C094	5.553	1965	Lebanon	104	Lebanon	Middle East & North Africa	1
#00C094	5.475	1966	Lebanon	104	Lebanon	Middle East & North Africa	1
#00C094	5.385	1967	Lebanon	104	Lebanon	Middle East & North Africa	1
#00C094	5.285	1968	Lebanon	104	Lebanon	Middle East & North Africa	1
#00C094	5.178	1969	Lebanon	104	Lebanon	Middle East & North Africa	1
#00C094	5.068	1970	Lebanon	104	Lebanon	Middle East & North Africa	1
#00C094	4.956	1971	Lebanon	104	Lebanon	Middle East & North Africa	1
#00C094	4.845	1972	Lebanon	104	Lebanon	Middle East & North Africa	1
#00C094	4.737	1973	Lebanon	104	Lebanon	Middle East & North Africa	1
#00C094	4.634	1974	Lebanon	104	Lebanon	Middle East & North Africa	1
#00C094	4.536	1975	Lebanon	104	Lebanon	Middle East & North Africa	1
#00C094	4.445	1976	Lebanon	104	Lebanon	Middle East & North Africa	1
#00C094	4.359	1977	Lebanon	104	Lebanon	Middle East & North Africa	1
#00C094	4.276	1978	Lebanon	104	Lebanon	Middle East & North Africa	1
#00C094	4.194	1979	Lebanon	104	Lebanon	Middle East & North Africa	1
#00C094	4.111	1980	Lebanon	104	Lebanon	Middle East & North Africa	1
#00C094	4.021	1981	Lebanon	104	Lebanon	Middle East & North Africa	1
#00C094	3.924	1982	Lebanon	104	Lebanon	Middle East & North Africa	1
#00C094	3.82	1983	Lebanon	104	Lebanon	Middle East & North Africa	1
#00C094	3.709	1984	Lebanon	104	Lebanon	Middle East & North Africa	1
#00C094	3.596	1985	Lebanon	104	Lebanon	Middle East & North Africa	1
#00C094	3.485	1986	Lebanon	104	Lebanon	Middle East & North Africa	1
#00C094	3.381	1987	Lebanon	104	Lebanon	Middle East & North Africa	1
#00C094	3.288	1988	Lebanon	104	Lebanon	Middle East & North Africa	1
#00C094	3.206	1989	Lebanon	104	Lebanon	Middle East & North Africa	1
#00C094	3.137	1990	Lebanon	104	Lebanon	Middle East & North Africa	1
#00C094	3.078	1991	Lebanon	104	Lebanon	Middle East & North Africa	1
#00C094	3.027	1992	Lebanon	104	Lebanon	Middle East & North Africa	1
#00C094	2.977	1993	Lebanon	104	Lebanon	Middle East & North Africa	1
#00C094	2.926	1994	Lebanon	104	Lebanon	Middle East & North Africa	1
#00C094	2.868	1995	Lebanon	104	Lebanon	Middle East & North Africa	1
#00C094	2.797	1996	Lebanon	104	Lebanon	Middle East & North Africa	1
#00C094	2.711	1997	Lebanon	104	Lebanon	Middle East & North Africa	1
#00C094	2.613	1998	Lebanon	104	Lebanon	Middle East & North Africa	1
#00C094	2.503	1999	Lebanon	104	Lebanon	Middle East & North Africa	1
#00C094	2.387	2000	Lebanon	104	Lebanon	Middle East & North Africa	1
#00C094	2.272	2001	Lebanon	104	Lebanon	Middle East & North Africa	1
#00C094	2.165	2002	Lebanon	104	Lebanon	Middle East & North Africa	1
#00C094	2.073	2003	Lebanon	104	Lebanon	Middle East & North Africa	1
#00C094	1.997	2004	Lebanon	104	Lebanon	Middle East & North Africa	1
#00C094	1.939	2005	Lebanon	104	Lebanon	Middle East & North Africa	1
#00C094	1.896	2006	Lebanon	104	Lebanon	Middle East & North Africa	1
#00C094	1.865	2007	Lebanon	104	Lebanon	Middle East & North Africa	1
#00C094	1.84	2008	Lebanon	104	Lebanon	Middle East & North Africa	1
#00C094	1.819	2009	Lebanon	104	Lebanon	Middle East & North Africa	1
#00C094	1.8	2010	Lebanon	104	Lebanon	Middle East & North Africa	1
#00C094	1.783	2011	Lebanon	104	Lebanon	Middle East & North Africa	1
#53B400	6.967	1960	St. Lucia	171	St. Lucia	Latin America & Caribbean	1
#53B400	6.931	1961	St. Lucia	171	St. Lucia	Latin America & Caribbean	1
#53B400	6.88	1962	St. Lucia	171	St. Lucia	Latin America & Caribbean	1
#53B400	6.821	1963	St. Lucia	171	St. Lucia	Latin America & Caribbean	1
#53B400	6.758	1964	St. Lucia	171	St. Lucia	Latin America & Caribbean	1
#53B400	6.688	1965	St. Lucia	171	St. Lucia	Latin America & Caribbean	1
#53B400	6.607	1966	St. Lucia	171	St. Lucia	Latin America & Caribbean	1
#53B400	6.508	1967	St. Lucia	171	St. Lucia	Latin America & Caribbean	1
#53B400	6.387	1968	St. Lucia	171	St. Lucia	Latin America & Caribbean	1
#53B400	6.249	1969	St. Lucia	171	St. Lucia	Latin America & Caribbean	1
#53B400	6.101	1970	St. Lucia	171	St. Lucia	Latin America & Caribbean	1
#53B400	5.953	1971	St. Lucia	171	St. Lucia	Latin America & Caribbean	1
#53B400	5.813	1972	St. Lucia	171	St. Lucia	Latin America & Caribbean	1
#53B400	5.686	1973	St. Lucia	171	St. Lucia	Latin America & Caribbean	1
#53B400	5.571	1974	St. Lucia	171	St. Lucia	Latin America & Caribbean	1
#53B400	5.462	1975	St. Lucia	171	St. Lucia	Latin America & Caribbean	1
#53B400	5.347	1976	St. Lucia	171	St. Lucia	Latin America & Caribbean	1
#53B400	5.216	1977	St. Lucia	171	St. Lucia	Latin America & Caribbean	1
#53B400	5.064	1978	St. Lucia	171	St. Lucia	Latin America & Caribbean	1
#53B400	4.891	1979	St. Lucia	171	St. Lucia	Latin America & Caribbean	1
#53B400	4.703	1980	St. Lucia	171	St. Lucia	Latin America & Caribbean	1
#53B400	4.512	1981	St. Lucia	171	St. Lucia	Latin America & Caribbean	1
#53B400	4.328	1982	St. Lucia	171	St. Lucia	Latin America & Caribbean	1
#53B400	4.161	1983	St. Lucia	171	St. Lucia	Latin America & Caribbean	1
#53B400	4.014	1984	St. Lucia	171	St. Lucia	Latin America & Caribbean	1
#53B400	3.888	1985	St. Lucia	171	St. Lucia	Latin America & Caribbean	1
#53B400	3.781	1986	St. Lucia	171	St. Lucia	Latin America & Caribbean	1
#53B400	3.683	1987	St. Lucia	171	St. Lucia	Latin America & Caribbean	1
#53B400	3.589	1988	St. Lucia	171	St. Lucia	Latin America & Caribbean	1
#53B400	3.495	1989	St. Lucia	171	St. Lucia	Latin America & Caribbean	1
#53B400	3.398	1990	St. Lucia	171	St. Lucia	Latin America & Caribbean	1
#53B400	3.2	1991	St. Lucia	171	St. Lucia	Latin America & Caribbean	1
#53B400	3	1992	St. Lucia	171	St. Lucia	Latin America & Caribbean	1
#53B400	2.8	1993	St. Lucia	171	St. Lucia	Latin America & Caribbean	1
#53B400	2.8	1994	St. Lucia	171	St. Lucia	Latin America & Caribbean	1
#53B400	2.9	1995	St. Lucia	171	St. Lucia	Latin America & Caribbean	1
#53B400	2.5	1996	St. Lucia	171	St. Lucia	Latin America & Caribbean	1
#53B400	2.6	1997	St. Lucia	171	St. Lucia	Latin America & Caribbean	1
#53B400	2.1	1998	St. Lucia	171	St. Lucia	Latin America & Caribbean	1
#53B400	2.1	1999	St. Lucia	171	St. Lucia	Latin America & Caribbean	1
#53B400	2	2000	St. Lucia	171	St. Lucia	Latin America & Caribbean	1
#53B400	2.2	2001	St. Lucia	171	St. Lucia	Latin America & Caribbean	1
#53B400	2.1	2002	St. Lucia	171	St. Lucia	Latin America & Caribbean	1
#53B400	2.101	2003	St. Lucia	171	St. Lucia	Latin America & Caribbean	1
#53B400	2.066	2004	St. Lucia	171	St. Lucia	Latin America & Caribbean	1
#53B400	2.046	2005	St. Lucia	171	St. Lucia	Latin America & Caribbean	1
#53B400	2.035	2006	St. Lucia	171	St. Lucia	Latin America & Caribbean	1
#53B400	2.026	2007	St. Lucia	171	St. Lucia	Latin America & Caribbean	1
#53B400	2.014	2008	St. Lucia	171	St. Lucia	Latin America & Caribbean	1
#53B400	1.997	2009	St. Lucia	171	St. Lucia	Latin America & Caribbean	1
#53B400	1.98	2010	St. Lucia	171	St. Lucia	Latin America & Caribbean	1
#53B400	1.954	2011	St. Lucia	171	St. Lucia	Latin America & Caribbean	1
#A58AFF	5.541	1960	Sri Lanka	169	Sri Lanka	South Asia	1
#A58AFF	5.421	1961	Sri Lanka	169	Sri Lanka	South Asia	1
#A58AFF	5.299	1962	Sri Lanka	169	Sri Lanka	South Asia	1
#A58AFF	5.18	1963	Sri Lanka	169	Sri Lanka	South Asia	1
#A58AFF	5.067	1964	Sri Lanka	169	Sri Lanka	South Asia	1
#A58AFF	4.959	1965	Sri Lanka	169	Sri Lanka	South Asia	1
#A58AFF	4.849	1966	Sri Lanka	169	Sri Lanka	South Asia	1
#A58AFF	4.734	1967	Sri Lanka	169	Sri Lanka	South Asia	1
#A58AFF	4.609	1968	Sri Lanka	169	Sri Lanka	South Asia	1
#A58AFF	4.477	1969	Sri Lanka	169	Sri Lanka	South Asia	1
#A58AFF	4.342	1970	Sri Lanka	169	Sri Lanka	South Asia	1
#A58AFF	4.208	1971	Sri Lanka	169	Sri Lanka	South Asia	1
#A58AFF	4.083	1972	Sri Lanka	169	Sri Lanka	South Asia	1
#A58AFF	3.97	1973	Sri Lanka	169	Sri Lanka	South Asia	1
#A58AFF	3.87	1974	Sri Lanka	169	Sri Lanka	South Asia	1
#A58AFF	3.783	1975	Sri Lanka	169	Sri Lanka	South Asia	1
#A58AFF	3.705	1976	Sri Lanka	169	Sri Lanka	South Asia	1
#A58AFF	3.633	1977	Sri Lanka	169	Sri Lanka	South Asia	1
#A58AFF	3.562	1978	Sri Lanka	169	Sri Lanka	South Asia	1
#A58AFF	3.488	1979	Sri Lanka	169	Sri Lanka	South Asia	1
#A58AFF	3.408	1980	Sri Lanka	169	Sri Lanka	South Asia	1
#A58AFF	3.319	1981	Sri Lanka	169	Sri Lanka	South Asia	1
#A58AFF	3.222	1982	Sri Lanka	169	Sri Lanka	South Asia	1
#A58AFF	3.119	1983	Sri Lanka	169	Sri Lanka	South Asia	1
#A58AFF	3.01	1984	Sri Lanka	169	Sri Lanka	South Asia	1
#A58AFF	2.902	1985	Sri Lanka	169	Sri Lanka	South Asia	1
#A58AFF	2.798	1986	Sri Lanka	169	Sri Lanka	South Asia	1
#A58AFF	2.702	1987	Sri Lanka	169	Sri Lanka	South Asia	1
#A58AFF	2.619	1988	Sri Lanka	169	Sri Lanka	South Asia	1
#A58AFF	2.548	1989	Sri Lanka	169	Sri Lanka	South Asia	1
#A58AFF	2.488	1990	Sri Lanka	169	Sri Lanka	South Asia	1
#A58AFF	2.435	1991	Sri Lanka	169	Sri Lanka	South Asia	1
#A58AFF	2.385	1992	Sri Lanka	169	Sri Lanka	South Asia	1
#A58AFF	2.337	1993	Sri Lanka	169	Sri Lanka	South Asia	1
#A58AFF	2.289	1994	Sri Lanka	169	Sri Lanka	South Asia	1
#A58AFF	2.245	1995	Sri Lanka	169	Sri Lanka	South Asia	1
#A58AFF	2.208	1996	Sri Lanka	169	Sri Lanka	South Asia	1
#A58AFF	2.184	1997	Sri Lanka	169	Sri Lanka	South Asia	1
#A58AFF	2.173	1998	Sri Lanka	169	Sri Lanka	South Asia	1
#A58AFF	2.176	1999	Sri Lanka	169	Sri Lanka	South Asia	1
#A58AFF	2.191	2000	Sri Lanka	169	Sri Lanka	South Asia	1
#A58AFF	2.216	2001	Sri Lanka	169	Sri Lanka	South Asia	1
#A58AFF	2.247	2002	Sri Lanka	169	Sri Lanka	South Asia	1
#A58AFF	2.279	2003	Sri Lanka	169	Sri Lanka	South Asia	1
#A58AFF	2.308	2004	Sri Lanka	169	Sri Lanka	South Asia	1
#A58AFF	2.331	2005	Sri Lanka	169	Sri Lanka	South Asia	1
#A58AFF	2.345	2006	Sri Lanka	169	Sri Lanka	South Asia	1
#A58AFF	2.35	2007	Sri Lanka	169	Sri Lanka	South Asia	1
#A58AFF	2.346	2008	Sri Lanka	169	Sri Lanka	South Asia	1
#A58AFF	2.333	2009	Sri Lanka	169	Sri Lanka	South Asia	1
#A58AFF	2.313	2010	Sri Lanka	169	Sri Lanka	South Asia	1
#A58AFF	2.287	2011	Sri Lanka	169	Sri Lanka	South Asia	1
#FB61D7	6.406	1960	Liberia	106	Liberia	Sub-Saharan Africa	1
#FB61D7	6.429	1961	Liberia	106	Liberia	Sub-Saharan Africa	1
#FB61D7	6.453	1962	Liberia	106	Liberia	Sub-Saharan Africa	1
#FB61D7	6.476	1963	Liberia	106	Liberia	Sub-Saharan Africa	1
#FB61D7	6.5	1964	Liberia	106	Liberia	Sub-Saharan Africa	1
#FB61D7	6.524	1965	Liberia	106	Liberia	Sub-Saharan Africa	1
#FB61D7	6.552	1966	Liberia	106	Liberia	Sub-Saharan Africa	1
#FB61D7	6.583	1967	Liberia	106	Liberia	Sub-Saharan Africa	1
#FB61D7	6.617	1968	Liberia	106	Liberia	Sub-Saharan Africa	1
#FB61D7	6.655	1969	Liberia	106	Liberia	Sub-Saharan Africa	1
#FB61D7	6.695	1970	Liberia	106	Liberia	Sub-Saharan Africa	1
#FB61D7	6.736	1971	Liberia	106	Liberia	Sub-Saharan Africa	1
#FB61D7	6.777	1972	Liberia	106	Liberia	Sub-Saharan Africa	1
#FB61D7	6.815	1973	Liberia	106	Liberia	Sub-Saharan Africa	1
#FB61D7	6.849	1974	Liberia	106	Liberia	Sub-Saharan Africa	1
#FB61D7	6.88	1975	Liberia	106	Liberia	Sub-Saharan Africa	1
#FB61D7	6.907	1976	Liberia	106	Liberia	Sub-Saharan Africa	1
#FB61D7	6.93	1977	Liberia	106	Liberia	Sub-Saharan Africa	1
#FB61D7	6.95	1978	Liberia	106	Liberia	Sub-Saharan Africa	1
#FB61D7	6.964	1979	Liberia	106	Liberia	Sub-Saharan Africa	1
#FB61D7	6.972	1980	Liberia	106	Liberia	Sub-Saharan Africa	1
#FB61D7	6.973	1981	Liberia	106	Liberia	Sub-Saharan Africa	1
#FB61D7	6.964	1982	Liberia	106	Liberia	Sub-Saharan Africa	1
#FB61D7	6.944	1983	Liberia	106	Liberia	Sub-Saharan Africa	1
#FB61D7	6.915	1984	Liberia	106	Liberia	Sub-Saharan Africa	1
#FB61D7	6.873	1985	Liberia	106	Liberia	Sub-Saharan Africa	1
#FB61D7	6.819	1986	Liberia	106	Liberia	Sub-Saharan Africa	1
#FB61D7	6.755	1987	Liberia	106	Liberia	Sub-Saharan Africa	1
#FB61D7	6.681	1988	Liberia	106	Liberia	Sub-Saharan Africa	1
#FB61D7	6.602	1989	Liberia	106	Liberia	Sub-Saharan Africa	1
#FB61D7	6.519	1990	Liberia	106	Liberia	Sub-Saharan Africa	1
#FB61D7	6.437	1991	Liberia	106	Liberia	Sub-Saharan Africa	1
#FB61D7	6.357	1992	Liberia	106	Liberia	Sub-Saharan Africa	1
#FB61D7	6.282	1993	Liberia	106	Liberia	Sub-Saharan Africa	1
#FB61D7	6.213	1994	Liberia	106	Liberia	Sub-Saharan Africa	1
#FB61D7	6.149	1995	Liberia	106	Liberia	Sub-Saharan Africa	1
#FB61D7	6.089	1996	Liberia	106	Liberia	Sub-Saharan Africa	1
#FB61D7	6.031	1997	Liberia	106	Liberia	Sub-Saharan Africa	1
#FB61D7	5.971	1998	Liberia	106	Liberia	Sub-Saharan Africa	1
#FB61D7	5.91	1999	Liberia	106	Liberia	Sub-Saharan Africa	1
#FB61D7	5.849	2000	Liberia	106	Liberia	Sub-Saharan Africa	1
#FB61D7	5.788	2001	Liberia	106	Liberia	Sub-Saharan Africa	1
#FB61D7	5.729	2002	Liberia	106	Liberia	Sub-Saharan Africa	1
#FB61D7	5.673	2003	Liberia	106	Liberia	Sub-Saharan Africa	1
#FB61D7	5.618	2004	Liberia	106	Liberia	Sub-Saharan Africa	1
#FB61D7	5.563	2005	Liberia	106	Liberia	Sub-Saharan Africa	1
#FB61D7	5.507	2006	Liberia	106	Liberia	Sub-Saharan Africa	1
#FB61D7	5.447	2007	Liberia	106	Liberia	Sub-Saharan Africa	1
#FB61D7	5.382	2008	Liberia	106	Liberia	Sub-Saharan Africa	1
#FB61D7	5.312	2009	Liberia	106	Liberia	Sub-Saharan Africa	1
#FB61D7	5.238	2010	Liberia	106	Liberia	Sub-Saharan Africa	1
#FB61D7	5.161	2011	Liberia	106	Liberia	Sub-Saharan Africa	1
#FB61D7	5.839	1960	Lesotho	105	Lesotho	Sub-Saharan Africa	1
#FB61D7	5.829	1961	Lesotho	105	Lesotho	Sub-Saharan Africa	1
#FB61D7	5.82	1962	Lesotho	105	Lesotho	Sub-Saharan Africa	1
#FB61D7	5.812	1963	Lesotho	105	Lesotho	Sub-Saharan Africa	1
#FB61D7	5.806	1964	Lesotho	105	Lesotho	Sub-Saharan Africa	1
#FB61D7	5.802	1965	Lesotho	105	Lesotho	Sub-Saharan Africa	1
#FB61D7	5.801	1966	Lesotho	105	Lesotho	Sub-Saharan Africa	1
#FB61D7	5.803	1967	Lesotho	105	Lesotho	Sub-Saharan Africa	1
#FB61D7	5.805	1968	Lesotho	105	Lesotho	Sub-Saharan Africa	1
#FB61D7	5.807	1969	Lesotho	105	Lesotho	Sub-Saharan Africa	1
#FB61D7	5.808	1970	Lesotho	105	Lesotho	Sub-Saharan Africa	1
#FB61D7	5.807	1971	Lesotho	105	Lesotho	Sub-Saharan Africa	1
#FB61D7	5.802	1972	Lesotho	105	Lesotho	Sub-Saharan Africa	1
#FB61D7	5.794	1973	Lesotho	105	Lesotho	Sub-Saharan Africa	1
#FB61D7	5.78	1974	Lesotho	105	Lesotho	Sub-Saharan Africa	1
#FB61D7	5.761	1975	Lesotho	105	Lesotho	Sub-Saharan Africa	1
#FB61D7	5.736	1976	Lesotho	105	Lesotho	Sub-Saharan Africa	1
#FB61D7	5.706	1977	Lesotho	105	Lesotho	Sub-Saharan Africa	1
#FB61D7	5.672	1978	Lesotho	105	Lesotho	Sub-Saharan Africa	1
#FB61D7	5.633	1979	Lesotho	105	Lesotho	Sub-Saharan Africa	1
#FB61D7	5.589	1980	Lesotho	105	Lesotho	Sub-Saharan Africa	1
#FB61D7	5.542	1981	Lesotho	105	Lesotho	Sub-Saharan Africa	1
#FB61D7	5.491	1982	Lesotho	105	Lesotho	Sub-Saharan Africa	1
#FB61D7	5.436	1983	Lesotho	105	Lesotho	Sub-Saharan Africa	1
#FB61D7	5.377	1984	Lesotho	105	Lesotho	Sub-Saharan Africa	1
#FB61D7	5.313	1985	Lesotho	105	Lesotho	Sub-Saharan Africa	1
#FB61D7	5.244	1986	Lesotho	105	Lesotho	Sub-Saharan Africa	1
#FB61D7	5.169	1987	Lesotho	105	Lesotho	Sub-Saharan Africa	1
#FB61D7	5.088	1988	Lesotho	105	Lesotho	Sub-Saharan Africa	1
#FB61D7	5.004	1989	Lesotho	105	Lesotho	Sub-Saharan Africa	1
#FB61D7	4.919	1990	Lesotho	105	Lesotho	Sub-Saharan Africa	1
#FB61D7	4.837	1991	Lesotho	105	Lesotho	Sub-Saharan Africa	1
#FB61D7	4.759	1992	Lesotho	105	Lesotho	Sub-Saharan Africa	1
#FB61D7	4.686	1993	Lesotho	105	Lesotho	Sub-Saharan Africa	1
#FB61D7	4.617	1994	Lesotho	105	Lesotho	Sub-Saharan Africa	1
#FB61D7	4.548	1995	Lesotho	105	Lesotho	Sub-Saharan Africa	1
#FB61D7	4.475	1996	Lesotho	105	Lesotho	Sub-Saharan Africa	1
#FB61D7	4.394	1997	Lesotho	105	Lesotho	Sub-Saharan Africa	1
#FB61D7	4.302	1998	Lesotho	105	Lesotho	Sub-Saharan Africa	1
#FB61D7	4.2	1999	Lesotho	105	Lesotho	Sub-Saharan Africa	1
#FB61D7	4.089	2000	Lesotho	105	Lesotho	Sub-Saharan Africa	1
#FB61D7	3.975	2001	Lesotho	105	Lesotho	Sub-Saharan Africa	1
#FB61D7	3.862	2002	Lesotho	105	Lesotho	Sub-Saharan Africa	1
#FB61D7	3.755	2003	Lesotho	105	Lesotho	Sub-Saharan Africa	1
#FB61D7	3.655	2004	Lesotho	105	Lesotho	Sub-Saharan Africa	1
#FB61D7	3.564	2005	Lesotho	105	Lesotho	Sub-Saharan Africa	1
#FB61D7	3.481	2006	Lesotho	105	Lesotho	Sub-Saharan Africa	1
#FB61D7	3.405	2007	Lesotho	105	Lesotho	Sub-Saharan Africa	1
#FB61D7	3.333	2008	Lesotho	105	Lesotho	Sub-Saharan Africa	1
#FB61D7	3.265	2009	Lesotho	105	Lesotho	Sub-Saharan Africa	1
#FB61D7	3.199	2010	Lesotho	105	Lesotho	Sub-Saharan Africa	1
#FB61D7	3.137	2011	Lesotho	105	Lesotho	Sub-Saharan Africa	1
#C49A00	2.56	1960	Lithuania	108	Lithuania	Europe & Central Asia	1
#C49A00	2.53	1961	Lithuania	108	Lithuania	Europe & Central Asia	1
#C49A00	2.45	1962	Lithuania	108	Lithuania	Europe & Central Asia	1
#C49A00	2.35	1963	Lithuania	108	Lithuania	Europe & Central Asia	1
#C49A00	2.28	1964	Lithuania	108	Lithuania	Europe & Central Asia	1
#C49A00	2.23	1965	Lithuania	108	Lithuania	Europe & Central Asia	1
#C49A00	2.22	1966	Lithuania	108	Lithuania	Europe & Central Asia	1
#C49A00	2.23	1967	Lithuania	108	Lithuania	Europe & Central Asia	1
#C49A00	2.24	1968	Lithuania	108	Lithuania	Europe & Central Asia	1
#C49A00	2.3	1969	Lithuania	108	Lithuania	Europe & Central Asia	1
#C49A00	2.37	1970	Lithuania	108	Lithuania	Europe & Central Asia	1
#C49A00	2.38	1971	Lithuania	108	Lithuania	Europe & Central Asia	1
#C49A00	2.33	1972	Lithuania	108	Lithuania	Europe & Central Asia	1
#C49A00	2.25	1973	Lithuania	108	Lithuania	Europe & Central Asia	1
#C49A00	2.21	1974	Lithuania	108	Lithuania	Europe & Central Asia	1
#C49A00	2.19	1975	Lithuania	108	Lithuania	Europe & Central Asia	1
#C49A00	2.17	1976	Lithuania	108	Lithuania	Europe & Central Asia	1
#C49A00	2.13	1977	Lithuania	108	Lithuania	Europe & Central Asia	1
#C49A00	2.09	1978	Lithuania	108	Lithuania	Europe & Central Asia	1
#C49A00	2.04	1979	Lithuania	108	Lithuania	Europe & Central Asia	1
#C49A00	2.03	1980	Lithuania	108	Lithuania	Europe & Central Asia	1
#C49A00	1.98	1981	Lithuania	108	Lithuania	Europe & Central Asia	1
#C49A00	1.99	1982	Lithuania	108	Lithuania	Europe & Central Asia	1
#C49A00	2.04	1983	Lithuania	108	Lithuania	Europe & Central Asia	1
#C49A00	2.09	1984	Lithuania	108	Lithuania	Europe & Central Asia	1
#C49A00	2.1	1985	Lithuania	108	Lithuania	Europe & Central Asia	1
#C49A00	2.14	1986	Lithuania	108	Lithuania	Europe & Central Asia	1
#C49A00	2.16	1987	Lithuania	108	Lithuania	Europe & Central Asia	1
#C49A00	2.09	1988	Lithuania	108	Lithuania	Europe & Central Asia	1
#C49A00	1.98	1989	Lithuania	108	Lithuania	Europe & Central Asia	1
#C49A00	2.03	1990	Lithuania	108	Lithuania	Europe & Central Asia	1
#C49A00	1.97	1991	Lithuania	108	Lithuania	Europe & Central Asia	1
#C49A00	1.89	1992	Lithuania	108	Lithuania	Europe & Central Asia	1
#C49A00	1.67	1993	Lithuania	108	Lithuania	Europe & Central Asia	1
#C49A00	1.57	1994	Lithuania	108	Lithuania	Europe & Central Asia	1
#C49A00	1.55	1995	Lithuania	108	Lithuania	Europe & Central Asia	1
#C49A00	1.49	1996	Lithuania	108	Lithuania	Europe & Central Asia	1
#C49A00	1.47	1997	Lithuania	108	Lithuania	Europe & Central Asia	1
#C49A00	1.46	1998	Lithuania	108	Lithuania	Europe & Central Asia	1
#C49A00	1.46	1999	Lithuania	108	Lithuania	Europe & Central Asia	1
#C49A00	1.39	2000	Lithuania	108	Lithuania	Europe & Central Asia	1
#C49A00	1.3	2001	Lithuania	108	Lithuania	Europe & Central Asia	1
#C49A00	1.24	2002	Lithuania	108	Lithuania	Europe & Central Asia	1
#C49A00	1.26	2003	Lithuania	108	Lithuania	Europe & Central Asia	1
#C49A00	1.26	2004	Lithuania	108	Lithuania	Europe & Central Asia	1
#C49A00	1.27	2005	Lithuania	108	Lithuania	Europe & Central Asia	1
#C49A00	1.31	2006	Lithuania	108	Lithuania	Europe & Central Asia	1
#C49A00	1.35	2007	Lithuania	108	Lithuania	Europe & Central Asia	1
#C49A00	1.47	2008	Lithuania	108	Lithuania	Europe & Central Asia	1
#C49A00	1.55	2009	Lithuania	108	Lithuania	Europe & Central Asia	1
#C49A00	1.55	2010	Lithuania	108	Lithuania	Europe & Central Asia	1
#C49A00	1.76	2011	Lithuania	108	Lithuania	Europe & Central Asia	1
#C49A00	2.28	1960	Luxembourg	109	Luxembourg	Europe & Central Asia	1
#C49A00	2.369	1962	Luxembourg	109	Luxembourg	Europe & Central Asia	1
#C49A00	2.34	1964	Luxembourg	109	Luxembourg	Europe & Central Asia	1
#C49A00	2.42	1965	Luxembourg	109	Luxembourg	Europe & Central Asia	1
#C49A00	2.34	1966	Luxembourg	109	Luxembourg	Europe & Central Asia	1
#C49A00	2.24	1967	Luxembourg	109	Luxembourg	Europe & Central Asia	1
#C49A00	2.12	1968	Luxembourg	109	Luxembourg	Europe & Central Asia	1
#C49A00	2.02	1969	Luxembourg	109	Luxembourg	Europe & Central Asia	1
#C49A00	1.98	1970	Luxembourg	109	Luxembourg	Europe & Central Asia	1
#C49A00	1.92	1971	Luxembourg	109	Luxembourg	Europe & Central Asia	1
#C49A00	1.72	1972	Luxembourg	109	Luxembourg	Europe & Central Asia	1
#C49A00	1.52	1973	Luxembourg	109	Luxembourg	Europe & Central Asia	1
#C49A00	1.55	1974	Luxembourg	109	Luxembourg	Europe & Central Asia	1
#C49A00	1.55	1975	Luxembourg	109	Luxembourg	Europe & Central Asia	1
#C49A00	1.45	1977	Luxembourg	109	Luxembourg	Europe & Central Asia	1
#C49A00	1.49	1978	Luxembourg	109	Luxembourg	Europe & Central Asia	1
#C49A00	1.48	1979	Luxembourg	109	Luxembourg	Europe & Central Asia	1
#C49A00	1.5	1980	Luxembourg	109	Luxembourg	Europe & Central Asia	1
#C49A00	1.55	1981	Luxembourg	109	Luxembourg	Europe & Central Asia	1
#C49A00	1.49	1982	Luxembourg	109	Luxembourg	Europe & Central Asia	1
#C49A00	1.44	1983	Luxembourg	109	Luxembourg	Europe & Central Asia	1
#C49A00	1.43	1984	Luxembourg	109	Luxembourg	Europe & Central Asia	1
#C49A00	1.38	1985	Luxembourg	109	Luxembourg	Europe & Central Asia	1
#C49A00	1.44	1986	Luxembourg	109	Luxembourg	Europe & Central Asia	1
#C49A00	1.4	1987	Luxembourg	109	Luxembourg	Europe & Central Asia	1
#C49A00	1.51	1988	Luxembourg	109	Luxembourg	Europe & Central Asia	1
#C49A00	1.52	1989	Luxembourg	109	Luxembourg	Europe & Central Asia	1
#C49A00	1.62	1990	Luxembourg	109	Luxembourg	Europe & Central Asia	1
#C49A00	1.6	1991	Luxembourg	109	Luxembourg	Europe & Central Asia	1
#C49A00	1.67	1992	Luxembourg	109	Luxembourg	Europe & Central Asia	1
#C49A00	1.69	1993	Luxembourg	109	Luxembourg	Europe & Central Asia	1
#C49A00	1.72	1994	Luxembourg	109	Luxembourg	Europe & Central Asia	1
#C49A00	1.68	1995	Luxembourg	109	Luxembourg	Europe & Central Asia	1
#C49A00	1.76	1996	Luxembourg	109	Luxembourg	Europe & Central Asia	1
#C49A00	1.71	1997	Luxembourg	109	Luxembourg	Europe & Central Asia	1
#C49A00	1.68	1998	Luxembourg	109	Luxembourg	Europe & Central Asia	1
#C49A00	1.74	1999	Luxembourg	109	Luxembourg	Europe & Central Asia	1
#C49A00	1.76	2000	Luxembourg	109	Luxembourg	Europe & Central Asia	1
#C49A00	1.66	2001	Luxembourg	109	Luxembourg	Europe & Central Asia	1
#C49A00	1.63	2002	Luxembourg	109	Luxembourg	Europe & Central Asia	1
#C49A00	1.62	2003	Luxembourg	109	Luxembourg	Europe & Central Asia	1
#C49A00	1.66	2004	Luxembourg	109	Luxembourg	Europe & Central Asia	1
#C49A00	1.63	2005	Luxembourg	109	Luxembourg	Europe & Central Asia	1
#C49A00	1.65	2006	Luxembourg	109	Luxembourg	Europe & Central Asia	1
#C49A00	1.61	2007	Luxembourg	109	Luxembourg	Europe & Central Asia	1
#C49A00	1.61	2008	Luxembourg	109	Luxembourg	Europe & Central Asia	1
#C49A00	1.59	2009	Luxembourg	109	Luxembourg	Europe & Central Asia	1
#C49A00	1.63	2010	Luxembourg	109	Luxembourg	Europe & Central Asia	1
#C49A00	1.52	2011	Luxembourg	109	Luxembourg	Europe & Central Asia	1
#C49A00	1.94	1960	Latvia	103	Latvia	Europe & Central Asia	1
#C49A00	1.94	1961	Latvia	103	Latvia	Europe & Central Asia	1
#C49A00	1.91	1962	Latvia	103	Latvia	Europe & Central Asia	1
#C49A00	1.85	1963	Latvia	103	Latvia	Europe & Central Asia	1
#C49A00	1.79	1964	Latvia	103	Latvia	Europe & Central Asia	1
#C49A00	1.74	1965	Latvia	103	Latvia	Europe & Central Asia	1
#C49A00	1.76	1966	Latvia	103	Latvia	Europe & Central Asia	1
#C49A00	1.8	1967	Latvia	103	Latvia	Europe & Central Asia	1
#C49A00	1.83	1968	Latvia	103	Latvia	Europe & Central Asia	1
#C49A00	1.88	1969	Latvia	103	Latvia	Europe & Central Asia	1
#C49A00	1.96	1970	Latvia	103	Latvia	Europe & Central Asia	1
#C49A00	2	1971	Latvia	103	Latvia	Europe & Central Asia	1
#C49A00	2	1972	Latvia	103	Latvia	Europe & Central Asia	1
#C49A00	1.98	1973	Latvia	103	Latvia	Europe & Central Asia	1
#C49A00	1.97	1974	Latvia	103	Latvia	Europe & Central Asia	1
#C49A00	1.96	1975	Latvia	103	Latvia	Europe & Central Asia	1
#C49A00	1.93	1976	Latvia	103	Latvia	Europe & Central Asia	1
#C49A00	1.89	1977	Latvia	103	Latvia	Europe & Central Asia	1
#C49A00	1.87	1978	Latvia	103	Latvia	Europe & Central Asia	1
#C49A00	1.87	1979	Latvia	103	Latvia	Europe & Central Asia	1
#C49A00	1.86	1980	Latvia	103	Latvia	Europe & Central Asia	1
#C49A00	1.88	1981	Latvia	103	Latvia	Europe & Central Asia	1
#C49A00	1.97	1982	Latvia	103	Latvia	Europe & Central Asia	1
#C49A00	2.07	1983	Latvia	103	Latvia	Europe & Central Asia	1
#C49A00	2.09	1984	Latvia	103	Latvia	Europe & Central Asia	1
#C49A00	2.08	1985	Latvia	103	Latvia	Europe & Central Asia	1
#C49A00	2.12	1986	Latvia	103	Latvia	Europe & Central Asia	1
#C49A00	2.15	1987	Latvia	103	Latvia	Europe & Central Asia	1
#C49A00	2.11	1988	Latvia	103	Latvia	Europe & Central Asia	1
#C49A00	2.05	1989	Latvia	103	Latvia	Europe & Central Asia	1
#C49A00	2.02	1990	Latvia	103	Latvia	Europe & Central Asia	1
#C49A00	1.86	1991	Latvia	103	Latvia	Europe & Central Asia	1
#C49A00	1.73	1992	Latvia	103	Latvia	Europe & Central Asia	1
#C49A00	1.51	1993	Latvia	103	Latvia	Europe & Central Asia	1
#C49A00	1.39	1994	Latvia	103	Latvia	Europe & Central Asia	1
#C49A00	1.25	1995	Latvia	103	Latvia	Europe & Central Asia	1
#C49A00	1.16	1996	Latvia	103	Latvia	Europe & Central Asia	1
#C49A00	1.11	1997	Latvia	103	Latvia	Europe & Central Asia	1
#C49A00	1.09	1998	Latvia	103	Latvia	Europe & Central Asia	1
#C49A00	1.16	1999	Latvia	103	Latvia	Europe & Central Asia	1
#C49A00	1.24	2000	Latvia	103	Latvia	Europe & Central Asia	1
#C49A00	1.21	2001	Latvia	103	Latvia	Europe & Central Asia	1
#C49A00	1.23	2002	Latvia	103	Latvia	Europe & Central Asia	1
#C49A00	1.29	2003	Latvia	103	Latvia	Europe & Central Asia	1
#C49A00	1.24	2004	Latvia	103	Latvia	Europe & Central Asia	1
#C49A00	1.31	2005	Latvia	103	Latvia	Europe & Central Asia	1
#C49A00	1.35	2006	Latvia	103	Latvia	Europe & Central Asia	1
#C49A00	1.41	2007	Latvia	103	Latvia	Europe & Central Asia	1
#C49A00	1.44	2008	Latvia	103	Latvia	Europe & Central Asia	1
#C49A00	1.31	2009	Latvia	103	Latvia	Europe & Central Asia	1
#C49A00	1.17	2010	Latvia	103	Latvia	Europe & Central Asia	1
#C49A00	1.34	2011	Latvia	103	Latvia	Europe & Central Asia	1
#00C094	7.057	1960	Libya	107	Libya	Middle East & North Africa	1
#00C094	7.103	1961	Libya	107	Libya	Middle East & North Africa	1
#00C094	7.156	1962	Libya	107	Libya	Middle East & North Africa	1
#00C094	7.214	1963	Libya	107	Libya	Middle East & North Africa	1
#00C094	7.275	1964	Libya	107	Libya	Middle East & North Africa	1
#00C094	7.338	1965	Libya	107	Libya	Middle East & North Africa	1
#00C094	7.399	1966	Libya	107	Libya	Middle East & North Africa	1
#00C094	7.455	1967	Libya	107	Libya	Middle East & North Africa	1
#00C094	7.505	1968	Libya	107	Libya	Middle East & North Africa	1
#00C094	7.545	1969	Libya	107	Libya	Middle East & North Africa	1
#00C094	7.573	1970	Libya	107	Libya	Middle East & North Africa	1
#00C094	7.586	1971	Libya	107	Libya	Middle East & North Africa	1
#00C094	7.584	1972	Libya	107	Libya	Middle East & North Africa	1
#00C094	7.569	1973	Libya	107	Libya	Middle East & North Africa	1
#00C094	7.543	1974	Libya	107	Libya	Middle East & North Africa	1
#00C094	7.511	1975	Libya	107	Libya	Middle East & North Africa	1
#00C094	7.482	1976	Libya	107	Libya	Middle East & North Africa	1
#00C094	7.459	1977	Libya	107	Libya	Middle East & North Africa	1
#00C094	7.44	1978	Libya	107	Libya	Middle East & North Africa	1
#00C094	7.418	1979	Libya	107	Libya	Middle East & North Africa	1
#00C094	7.38	1980	Libya	107	Libya	Middle East & North Africa	1
#00C094	7.308	1981	Libya	107	Libya	Middle East & North Africa	1
#00C094	7.189	1982	Libya	107	Libya	Middle East & North Africa	1
#00C094	7.017	1983	Libya	107	Libya	Middle East & North Africa	1
#00C094	6.79	1984	Libya	107	Libya	Middle East & North Africa	1
#00C094	6.513	1985	Libya	107	Libya	Middle East & North Africa	1
#00C094	6.194	1986	Libya	107	Libya	Middle East & North Africa	1
#00C094	5.851	1987	Libya	107	Libya	Middle East & North Africa	1
#00C094	5.5	1988	Libya	107	Libya	Middle East & North Africa	1
#00C094	5.154	1989	Libya	107	Libya	Middle East & North Africa	1
#00C094	4.826	1990	Libya	107	Libya	Middle East & North Africa	1
#00C094	4.521	1991	Libya	107	Libya	Middle East & North Africa	1
#00C094	4.241	1992	Libya	107	Libya	Middle East & North Africa	1
#00C094	3.988	1993	Libya	107	Libya	Middle East & North Africa	1
#00C094	3.764	1994	Libya	107	Libya	Middle East & North Africa	1
#00C094	3.575	1995	Libya	107	Libya	Middle East & North Africa	1
#00C094	3.423	1996	Libya	107	Libya	Middle East & North Africa	1
#00C094	3.302	1997	Libya	107	Libya	Middle East & North Africa	1
#00C094	3.207	1998	Libya	107	Libya	Middle East & North Africa	1
#00C094	3.135	1999	Libya	107	Libya	Middle East & North Africa	1
#00C094	3.079	2000	Libya	107	Libya	Middle East & North Africa	1
#00C094	3.034	2001	Libya	107	Libya	Middle East & North Africa	1
#00C094	2.994	2002	Libya	107	Libya	Middle East & North Africa	1
#00C094	2.955	2003	Libya	107	Libya	Middle East & North Africa	1
#00C094	2.913	2004	Libya	107	Libya	Middle East & North Africa	1
#00C094	2.865	2005	Libya	107	Libya	Middle East & North Africa	1
#00C094	2.81	2006	Libya	107	Libya	Middle East & North Africa	1
#00C094	2.751	2007	Libya	107	Libya	Middle East & North Africa	1
#00C094	2.689	2008	Libya	107	Libya	Middle East & North Africa	1
#00C094	2.627	2009	Libya	107	Libya	Middle East & North Africa	1
#00C094	2.564	2010	Libya	107	Libya	Middle East & North Africa	1
#00C094	2.502	2011	Libya	107	Libya	Middle East & North Africa	1
#00C094	7.17	1960	Morocco	126	Morocco	Middle East & North Africa	1
#00C094	7.165	1961	Morocco	126	Morocco	Middle East & North Africa	1
#00C094	7.159	1962	Morocco	126	Morocco	Middle East & North Africa	1
#00C094	7.152	1963	Morocco	126	Morocco	Middle East & North Africa	1
#00C094	7.144	1964	Morocco	126	Morocco	Middle East & North Africa	1
#00C094	7.136	1965	Morocco	126	Morocco	Middle East & North Africa	1
#00C094	7.129	1966	Morocco	126	Morocco	Middle East & North Africa	1
#00C094	7.122	1967	Morocco	126	Morocco	Middle East & North Africa	1
#00C094	7.112	1968	Morocco	126	Morocco	Middle East & North Africa	1
#00C094	7.095	1969	Morocco	126	Morocco	Middle East & North Africa	1
#00C094	7.06	1970	Morocco	126	Morocco	Middle East & North Africa	1
#00C094	6.996	1971	Morocco	126	Morocco	Middle East & North Africa	1
#00C094	6.897	1972	Morocco	126	Morocco	Middle East & North Africa	1
#00C094	6.765	1973	Morocco	126	Morocco	Middle East & North Africa	1
#00C094	6.602	1974	Morocco	126	Morocco	Middle East & North Africa	1
#00C094	6.42	1975	Morocco	126	Morocco	Middle East & North Africa	1
#00C094	6.234	1976	Morocco	126	Morocco	Middle East & North Africa	1
#00C094	6.058	1977	Morocco	126	Morocco	Middle East & North Africa	1
#00C094	5.902	1978	Morocco	126	Morocco	Middle East & North Africa	1
#00C094	5.767	1979	Morocco	126	Morocco	Middle East & North Africa	1
#00C094	5.649	1980	Morocco	126	Morocco	Middle East & North Africa	1
#00C094	5.537	1981	Morocco	126	Morocco	Middle East & North Africa	1
#00C094	5.416	1982	Morocco	126	Morocco	Middle East & North Africa	1
#00C094	5.278	1983	Morocco	126	Morocco	Middle East & North Africa	1
#00C094	5.12	1984	Morocco	126	Morocco	Middle East & North Africa	1
#00C094	4.944	1985	Morocco	126	Morocco	Middle East & North Africa	1
#00C094	4.755	1986	Morocco	126	Morocco	Middle East & North Africa	1
#00C094	4.564	1987	Morocco	126	Morocco	Middle East & North Africa	1
#00C094	4.379	1988	Morocco	126	Morocco	Middle East & North Africa	1
#00C094	4.201	1989	Morocco	126	Morocco	Middle East & North Africa	1
#00C094	4.034	1990	Morocco	126	Morocco	Middle East & North Africa	1
#00C094	3.876	1991	Morocco	126	Morocco	Middle East & North Africa	1
#00C094	3.722	1992	Morocco	126	Morocco	Middle East & North Africa	1
#00C094	3.573	1993	Morocco	126	Morocco	Middle East & North Africa	1
#00C094	3.427	1994	Morocco	126	Morocco	Middle East & North Africa	1
#00C094	3.286	1995	Morocco	126	Morocco	Middle East & North Africa	1
#00C094	3.151	1996	Morocco	126	Morocco	Middle East & North Africa	1
#00C094	3.024	1997	Morocco	126	Morocco	Middle East & North Africa	1
#00C094	2.906	1998	Morocco	126	Morocco	Middle East & North Africa	1
#00C094	2.798	1999	Morocco	126	Morocco	Middle East & North Africa	1
#00C094	2.703	2000	Morocco	126	Morocco	Middle East & North Africa	1
#00C094	2.623	2001	Morocco	126	Morocco	Middle East & North Africa	1
#00C094	2.557	2002	Morocco	126	Morocco	Middle East & North Africa	1
#00C094	2.504	2003	Morocco	126	Morocco	Middle East & North Africa	1
#00C094	2.462	2004	Morocco	126	Morocco	Middle East & North Africa	1
#00C094	2.429	2005	Morocco	126	Morocco	Middle East & North Africa	1
#00C094	2.4	2006	Morocco	126	Morocco	Middle East & North Africa	1
#00C094	2.373	2007	Morocco	126	Morocco	Middle East & North Africa	1
#00C094	2.345	2008	Morocco	126	Morocco	Middle East & North Africa	1
#00C094	2.314	2009	Morocco	126	Morocco	Middle East & North Africa	1
#00C094	2.279	2010	Morocco	126	Morocco	Middle East & North Africa	1
#00C094	2.242	2011	Morocco	126	Morocco	Middle East & North Africa	1
#C49A00	3.328	1960	Moldova	123	Moldova	Europe & Central Asia	1
#C49A00	3.259	1961	Moldova	123	Moldova	Europe & Central Asia	1
#C49A00	3.178	1962	Moldova	123	Moldova	Europe & Central Asia	1
#C49A00	3.086	1963	Moldova	123	Moldova	Europe & Central Asia	1
#C49A00	2.989	1964	Moldova	123	Moldova	Europe & Central Asia	1
#C49A00	2.891	1965	Moldova	123	Moldova	Europe & Central Asia	1
#C49A00	2.801	1966	Moldova	123	Moldova	Europe & Central Asia	1
#C49A00	2.722	1967	Moldova	123	Moldova	Europe & Central Asia	1
#C49A00	2.66	1968	Moldova	123	Moldova	Europe & Central Asia	1
#C49A00	2.613	1969	Moldova	123	Moldova	Europe & Central Asia	1
#C49A00	2.582	1970	Moldova	123	Moldova	Europe & Central Asia	1
#C49A00	2.56	1971	Moldova	123	Moldova	Europe & Central Asia	1
#C49A00	2.542	1972	Moldova	123	Moldova	Europe & Central Asia	1
#C49A00	2.523	1973	Moldova	123	Moldova	Europe & Central Asia	1
#C49A00	2.503	1974	Moldova	123	Moldova	Europe & Central Asia	1
#C49A00	2.483	1975	Moldova	123	Moldova	Europe & Central Asia	1
#C49A00	2.465	1976	Moldova	123	Moldova	Europe & Central Asia	1
#C49A00	2.455	1977	Moldova	123	Moldova	Europe & Central Asia	1
#C49A00	2.454	1978	Moldova	123	Moldova	Europe & Central Asia	1
#C49A00	2.462	1979	Moldova	123	Moldova	Europe & Central Asia	1
#C49A00	2.481	1980	Moldova	123	Moldova	Europe & Central Asia	1
#C49A00	2.51	1981	Moldova	123	Moldova	Europe & Central Asia	1
#C49A00	2.546	1982	Moldova	123	Moldova	Europe & Central Asia	1
#C49A00	2.585	1983	Moldova	123	Moldova	Europe & Central Asia	1
#C49A00	2.62	1984	Moldova	123	Moldova	Europe & Central Asia	1
#C49A00	2.643	1985	Moldova	123	Moldova	Europe & Central Asia	1
#C49A00	2.646	1986	Moldova	123	Moldova	Europe & Central Asia	1
#C49A00	2.625	1987	Moldova	123	Moldova	Europe & Central Asia	1
#C49A00	2.578	1988	Moldova	123	Moldova	Europe & Central Asia	1
#C49A00	2.506	1989	Moldova	123	Moldova	Europe & Central Asia	1
#C49A00	2.413	1990	Moldova	123	Moldova	Europe & Central Asia	1
#C49A00	2.305	1991	Moldova	123	Moldova	Europe & Central Asia	1
#C49A00	2.191	1992	Moldova	123	Moldova	Europe & Central Asia	1
#C49A00	2.079	1993	Moldova	123	Moldova	Europe & Central Asia	1
#C49A00	1.975	1994	Moldova	123	Moldova	Europe & Central Asia	1
#C49A00	1.882	1995	Moldova	123	Moldova	Europe & Central Asia	1
#C49A00	1.801	1996	Moldova	123	Moldova	Europe & Central Asia	1
#C49A00	1.73	1997	Moldova	123	Moldova	Europe & Central Asia	1
#C49A00	1.667	1998	Moldova	123	Moldova	Europe & Central Asia	1
#C49A00	1.613	1999	Moldova	123	Moldova	Europe & Central Asia	1
#C49A00	1.568	2000	Moldova	123	Moldova	Europe & Central Asia	1
#C49A00	1.535	2001	Moldova	123	Moldova	Europe & Central Asia	1
#C49A00	1.511	2002	Moldova	123	Moldova	Europe & Central Asia	1
#C49A00	1.497	2003	Moldova	123	Moldova	Europe & Central Asia	1
#C49A00	1.49	2004	Moldova	123	Moldova	Europe & Central Asia	1
#C49A00	1.488	2005	Moldova	123	Moldova	Europe & Central Asia	1
#C49A00	1.488	2006	Moldova	123	Moldova	Europe & Central Asia	1
#C49A00	1.488	2007	Moldova	123	Moldova	Europe & Central Asia	1
#C49A00	1.486	2008	Moldova	123	Moldova	Europe & Central Asia	1
#C49A00	1.482	2009	Moldova	123	Moldova	Europe & Central Asia	1
#C49A00	1.475	2010	Moldova	123	Moldova	Europe & Central Asia	1
#C49A00	1.466	2011	Moldova	123	Moldova	Europe & Central Asia	1
#C49A00	2.634	1960	Montenegro	125	Montenegro	Europe & Central Asia	1
#C49A00	2.6	1961	Montenegro	125	Montenegro	Europe & Central Asia	1
#C49A00	2.57	1962	Montenegro	125	Montenegro	Europe & Central Asia	1
#C49A00	2.543	1963	Montenegro	125	Montenegro	Europe & Central Asia	1
#C49A00	2.517	1964	Montenegro	125	Montenegro	Europe & Central Asia	1
#C49A00	2.49	1965	Montenegro	125	Montenegro	Europe & Central Asia	1
#C49A00	2.464	1966	Montenegro	125	Montenegro	Europe & Central Asia	1
#C49A00	2.44	1967	Montenegro	125	Montenegro	Europe & Central Asia	1
#C49A00	2.418	1968	Montenegro	125	Montenegro	Europe & Central Asia	1
#C49A00	2.399	1969	Montenegro	125	Montenegro	Europe & Central Asia	1
#C49A00	2.384	1970	Montenegro	125	Montenegro	Europe & Central Asia	1
#C49A00	2.375	1971	Montenegro	125	Montenegro	Europe & Central Asia	1
#C49A00	2.37	1972	Montenegro	125	Montenegro	Europe & Central Asia	1
#C49A00	2.37	1973	Montenegro	125	Montenegro	Europe & Central Asia	1
#C49A00	2.373	1974	Montenegro	125	Montenegro	Europe & Central Asia	1
#C49A00	2.375	1975	Montenegro	125	Montenegro	Europe & Central Asia	1
#C49A00	2.373	1976	Montenegro	125	Montenegro	Europe & Central Asia	1
#C49A00	2.364	1977	Montenegro	125	Montenegro	Europe & Central Asia	1
#C49A00	2.347	1978	Montenegro	125	Montenegro	Europe & Central Asia	1
#C49A00	2.321	1979	Montenegro	125	Montenegro	Europe & Central Asia	1
#C49A00	2.286	1980	Montenegro	125	Montenegro	Europe & Central Asia	1
#C49A00	2.245	1981	Montenegro	125	Montenegro	Europe & Central Asia	1
#C49A00	2.2	1982	Montenegro	125	Montenegro	Europe & Central Asia	1
#C49A00	2.154	1983	Montenegro	125	Montenegro	Europe & Central Asia	1
#C49A00	2.108	1984	Montenegro	125	Montenegro	Europe & Central Asia	1
#C49A00	2.064	1985	Montenegro	125	Montenegro	Europe & Central Asia	1
#C49A00	2.022	1986	Montenegro	125	Montenegro	Europe & Central Asia	1
#C49A00	1.98	1987	Montenegro	125	Montenegro	Europe & Central Asia	1
#C49A00	1.94	1988	Montenegro	125	Montenegro	Europe & Central Asia	1
#C49A00	1.902	1989	Montenegro	125	Montenegro	Europe & Central Asia	1
#C49A00	1.869	1990	Montenegro	125	Montenegro	Europe & Central Asia	1
#C49A00	1.843	1991	Montenegro	125	Montenegro	Europe & Central Asia	1
#C49A00	1.825	1992	Montenegro	125	Montenegro	Europe & Central Asia	1
#C49A00	1.815	1993	Montenegro	125	Montenegro	Europe & Central Asia	1
#C49A00	1.813	1994	Montenegro	125	Montenegro	Europe & Central Asia	1
#C49A00	1.815	1995	Montenegro	125	Montenegro	Europe & Central Asia	1
#C49A00	1.821	1996	Montenegro	125	Montenegro	Europe & Central Asia	1
#C49A00	1.826	1997	Montenegro	125	Montenegro	Europe & Central Asia	1
#C49A00	1.828	1998	Montenegro	125	Montenegro	Europe & Central Asia	1
#C49A00	1.825	1999	Montenegro	125	Montenegro	Europe & Central Asia	1
#C49A00	1.818	2000	Montenegro	125	Montenegro	Europe & Central Asia	1
#C49A00	1.806	2001	Montenegro	125	Montenegro	Europe & Central Asia	1
#C49A00	1.79	2002	Montenegro	125	Montenegro	Europe & Central Asia	1
#C49A00	1.773	2003	Montenegro	125	Montenegro	Europe & Central Asia	1
#C49A00	1.755	2004	Montenegro	125	Montenegro	Europe & Central Asia	1
#C49A00	1.736	2005	Montenegro	125	Montenegro	Europe & Central Asia	1
#C49A00	1.718	2006	Montenegro	125	Montenegro	Europe & Central Asia	1
#C49A00	1.7	2007	Montenegro	125	Montenegro	Europe & Central Asia	1
#C49A00	1.684	2008	Montenegro	125	Montenegro	Europe & Central Asia	1
#C49A00	1.669	2009	Montenegro	125	Montenegro	Europe & Central Asia	1
#C49A00	1.656	2010	Montenegro	125	Montenegro	Europe & Central Asia	1
#C49A00	1.644	2011	Montenegro	125	Montenegro	Europe & Central Asia	1
#FB61D7	7.3	1960	Madagascar	112	Madagascar	Sub-Saharan Africa	1
#FB61D7	7.3	1961	Madagascar	112	Madagascar	Sub-Saharan Africa	1
#FB61D7	7.3	1962	Madagascar	112	Madagascar	Sub-Saharan Africa	1
#FB61D7	7.3	1963	Madagascar	112	Madagascar	Sub-Saharan Africa	1
#FB61D7	7.3	1964	Madagascar	112	Madagascar	Sub-Saharan Africa	1
#FB61D7	7.301	1965	Madagascar	112	Madagascar	Sub-Saharan Africa	1
#FB61D7	7.304	1966	Madagascar	112	Madagascar	Sub-Saharan Africa	1
#FB61D7	7.31	1967	Madagascar	112	Madagascar	Sub-Saharan Africa	1
#FB61D7	7.316	1968	Madagascar	112	Madagascar	Sub-Saharan Africa	1
#FB61D7	7.322	1969	Madagascar	112	Madagascar	Sub-Saharan Africa	1
#FB61D7	7.325	1970	Madagascar	112	Madagascar	Sub-Saharan Africa	1
#FB61D7	7.325	1971	Madagascar	112	Madagascar	Sub-Saharan Africa	1
#FB61D7	7.318	1972	Madagascar	112	Madagascar	Sub-Saharan Africa	1
#FB61D7	7.3	1973	Madagascar	112	Madagascar	Sub-Saharan Africa	1
#FB61D7	7.269	1974	Madagascar	112	Madagascar	Sub-Saharan Africa	1
#FB61D7	7.216	1975	Madagascar	112	Madagascar	Sub-Saharan Africa	1
#FB61D7	7.129	1976	Madagascar	112	Madagascar	Sub-Saharan Africa	1
#FB61D7	7.008	1977	Madagascar	112	Madagascar	Sub-Saharan Africa	1
#FB61D7	6.857	1978	Madagascar	112	Madagascar	Sub-Saharan Africa	1
#FB61D7	6.687	1979	Madagascar	112	Madagascar	Sub-Saharan Africa	1
#FB61D7	6.514	1980	Madagascar	112	Madagascar	Sub-Saharan Africa	1
#FB61D7	6.359	1981	Madagascar	112	Madagascar	Sub-Saharan Africa	1
#FB61D7	6.24	1982	Madagascar	112	Madagascar	Sub-Saharan Africa	1
#FB61D7	6.165	1983	Madagascar	112	Madagascar	Sub-Saharan Africa	1
#FB61D7	6.135	1984	Madagascar	112	Madagascar	Sub-Saharan Africa	1
#FB61D7	6.146	1985	Madagascar	112	Madagascar	Sub-Saharan Africa	1
#FB61D7	6.182	1986	Madagascar	112	Madagascar	Sub-Saharan Africa	1
#FB61D7	6.225	1987	Madagascar	112	Madagascar	Sub-Saharan Africa	1
#FB61D7	6.256	1988	Madagascar	112	Madagascar	Sub-Saharan Africa	1
#FB61D7	6.268	1989	Madagascar	112	Madagascar	Sub-Saharan Africa	1
#FB61D7	6.258	1990	Madagascar	112	Madagascar	Sub-Saharan Africa	1
#FB61D7	6.225	1991	Madagascar	112	Madagascar	Sub-Saharan Africa	1
#FB61D7	6.179	1992	Madagascar	112	Madagascar	Sub-Saharan Africa	1
#FB61D7	6.126	1993	Madagascar	112	Madagascar	Sub-Saharan Africa	1
#FB61D7	6.066	1994	Madagascar	112	Madagascar	Sub-Saharan Africa	1
#FB61D7	5.999	1995	Madagascar	112	Madagascar	Sub-Saharan Africa	1
#FB61D7	5.924	1996	Madagascar	112	Madagascar	Sub-Saharan Africa	1
#FB61D7	5.841	1997	Madagascar	112	Madagascar	Sub-Saharan Africa	1
#FB61D7	5.749	1998	Madagascar	112	Madagascar	Sub-Saharan Africa	1
#FB61D7	5.651	1999	Madagascar	112	Madagascar	Sub-Saharan Africa	1
#FB61D7	5.548	2000	Madagascar	112	Madagascar	Sub-Saharan Africa	1
#FB61D7	5.443	2001	Madagascar	112	Madagascar	Sub-Saharan Africa	1
#FB61D7	5.337	2002	Madagascar	112	Madagascar	Sub-Saharan Africa	1
#FB61D7	5.234	2003	Madagascar	112	Madagascar	Sub-Saharan Africa	1
#FB61D7	5.134	2004	Madagascar	112	Madagascar	Sub-Saharan Africa	1
#FB61D7	5.04	2005	Madagascar	112	Madagascar	Sub-Saharan Africa	1
#FB61D7	4.953	2006	Madagascar	112	Madagascar	Sub-Saharan Africa	1
#FB61D7	4.87	2007	Madagascar	112	Madagascar	Sub-Saharan Africa	1
#FB61D7	4.793	2008	Madagascar	112	Madagascar	Sub-Saharan Africa	1
#FB61D7	4.72	2009	Madagascar	112	Madagascar	Sub-Saharan Africa	1
#FB61D7	4.651	2010	Madagascar	112	Madagascar	Sub-Saharan Africa	1
#FB61D7	4.584	2011	Madagascar	112	Madagascar	Sub-Saharan Africa	1
#F8766D	5.9	1987	Marshall Islands	118	Marshall Islands	East Asia & Pacific	1
#F8766D	5.71	1999	Marshall Islands	118	Marshall Islands	East Asia & Pacific	1
#C49A00	4.128	1960	Macedonia, FYR	111	Macedonia, FYR	Europe & Central Asia	1
#C49A00	3.989	1961	Macedonia, FYR	111	Macedonia, FYR	Europe & Central Asia	1
#C49A00	3.865	1962	Macedonia, FYR	111	Macedonia, FYR	Europe & Central Asia	1
#C49A00	3.755	1963	Macedonia, FYR	111	Macedonia, FYR	Europe & Central Asia	1
#C49A00	3.658	1964	Macedonia, FYR	111	Macedonia, FYR	Europe & Central Asia	1
#C49A00	3.571	1965	Macedonia, FYR	111	Macedonia, FYR	Europe & Central Asia	1
#C49A00	3.485	1966	Macedonia, FYR	111	Macedonia, FYR	Europe & Central Asia	1
#C49A00	3.396	1967	Macedonia, FYR	111	Macedonia, FYR	Europe & Central Asia	1
#C49A00	3.299	1968	Macedonia, FYR	111	Macedonia, FYR	Europe & Central Asia	1
#C49A00	3.194	1969	Macedonia, FYR	111	Macedonia, FYR	Europe & Central Asia	1
#C49A00	3.086	1970	Macedonia, FYR	111	Macedonia, FYR	Europe & Central Asia	1
#C49A00	2.978	1971	Macedonia, FYR	111	Macedonia, FYR	Europe & Central Asia	1
#C49A00	2.877	1972	Macedonia, FYR	111	Macedonia, FYR	Europe & Central Asia	1
#C49A00	2.789	1973	Macedonia, FYR	111	Macedonia, FYR	Europe & Central Asia	1
#C49A00	2.714	1974	Macedonia, FYR	111	Macedonia, FYR	Europe & Central Asia	1
#C49A00	2.653	1975	Macedonia, FYR	111	Macedonia, FYR	Europe & Central Asia	1
#C49A00	2.601	1976	Macedonia, FYR	111	Macedonia, FYR	Europe & Central Asia	1
#C49A00	2.556	1977	Macedonia, FYR	111	Macedonia, FYR	Europe & Central Asia	1
#C49A00	2.513	1978	Macedonia, FYR	111	Macedonia, FYR	Europe & Central Asia	1
#C49A00	2.471	1979	Macedonia, FYR	111	Macedonia, FYR	Europe & Central Asia	1
#C49A00	2.429	1980	Macedonia, FYR	111	Macedonia, FYR	Europe & Central Asia	1
#C49A00	2.387	1981	Macedonia, FYR	111	Macedonia, FYR	Europe & Central Asia	1
#C49A00	2.347	1982	Macedonia, FYR	111	Macedonia, FYR	Europe & Central Asia	1
#C49A00	2.311	1983	Macedonia, FYR	111	Macedonia, FYR	Europe & Central Asia	1
#C49A00	2.277	1984	Macedonia, FYR	111	Macedonia, FYR	Europe & Central Asia	1
#C49A00	2.246	1985	Macedonia, FYR	111	Macedonia, FYR	Europe & Central Asia	1
#C49A00	2.218	1986	Macedonia, FYR	111	Macedonia, FYR	Europe & Central Asia	1
#C49A00	2.194	1987	Macedonia, FYR	111	Macedonia, FYR	Europe & Central Asia	1
#C49A00	2.171	1988	Macedonia, FYR	111	Macedonia, FYR	Europe & Central Asia	1
#C49A00	2.149	1989	Macedonia, FYR	111	Macedonia, FYR	Europe & Central Asia	1
#C49A00	2.125	1990	Macedonia, FYR	111	Macedonia, FYR	Europe & Central Asia	1
#C49A00	2.098	1991	Macedonia, FYR	111	Macedonia, FYR	Europe & Central Asia	1
#C49A00	2.065	1992	Macedonia, FYR	111	Macedonia, FYR	Europe & Central Asia	1
#C49A00	2.028	1993	Macedonia, FYR	111	Macedonia, FYR	Europe & Central Asia	1
#C49A00	1.985	1994	Macedonia, FYR	111	Macedonia, FYR	Europe & Central Asia	1
#C49A00	1.937	1995	Macedonia, FYR	111	Macedonia, FYR	Europe & Central Asia	1
#C49A00	1.884	1996	Macedonia, FYR	111	Macedonia, FYR	Europe & Central Asia	1
#C49A00	1.829	1997	Macedonia, FYR	111	Macedonia, FYR	Europe & Central Asia	1
#C49A00	1.774	1998	Macedonia, FYR	111	Macedonia, FYR	Europe & Central Asia	1
#C49A00	1.72	1999	Macedonia, FYR	111	Macedonia, FYR	Europe & Central Asia	1
#C49A00	1.67	2000	Macedonia, FYR	111	Macedonia, FYR	Europe & Central Asia	1
#C49A00	1.625	2001	Macedonia, FYR	111	Macedonia, FYR	Europe & Central Asia	1
#C49A00	1.585	2002	Macedonia, FYR	111	Macedonia, FYR	Europe & Central Asia	1
#C49A00	1.55	2003	Macedonia, FYR	111	Macedonia, FYR	Europe & Central Asia	1
#C49A00	1.521	2004	Macedonia, FYR	111	Macedonia, FYR	Europe & Central Asia	1
#C49A00	1.497	2005	Macedonia, FYR	111	Macedonia, FYR	Europe & Central Asia	1
#C49A00	1.478	2006	Macedonia, FYR	111	Macedonia, FYR	Europe & Central Asia	1
#C49A00	1.462	2007	Macedonia, FYR	111	Macedonia, FYR	Europe & Central Asia	1
#C49A00	1.448	2008	Macedonia, FYR	111	Macedonia, FYR	Europe & Central Asia	1
#C49A00	1.435	2009	Macedonia, FYR	111	Macedonia, FYR	Europe & Central Asia	1
#C49A00	1.422	2010	Macedonia, FYR	111	Macedonia, FYR	Europe & Central Asia	1
#C49A00	1.411	2011	Macedonia, FYR	111	Macedonia, FYR	Europe & Central Asia	1
#FB61D7	6.703	1960	Mali	116	Mali	Sub-Saharan Africa	1
#FB61D7	6.725	1961	Mali	116	Mali	Sub-Saharan Africa	1
#FB61D7	6.747	1962	Mali	116	Mali	Sub-Saharan Africa	1
#FB61D7	6.77	1963	Mali	116	Mali	Sub-Saharan Africa	1
#FB61D7	6.793	1964	Mali	116	Mali	Sub-Saharan Africa	1
#FB61D7	6.816	1965	Mali	116	Mali	Sub-Saharan Africa	1
#FB61D7	6.838	1966	Mali	116	Mali	Sub-Saharan Africa	1
#FB61D7	6.858	1967	Mali	116	Mali	Sub-Saharan Africa	1
#FB61D7	6.875	1968	Mali	116	Mali	Sub-Saharan Africa	1
#FB61D7	6.889	1969	Mali	116	Mali	Sub-Saharan Africa	1
#FB61D7	6.901	1970	Mali	116	Mali	Sub-Saharan Africa	1
#FB61D7	6.913	1971	Mali	116	Mali	Sub-Saharan Africa	1
#FB61D7	6.924	1972	Mali	116	Mali	Sub-Saharan Africa	1
#FB61D7	6.937	1973	Mali	116	Mali	Sub-Saharan Africa	1
#FB61D7	6.951	1974	Mali	116	Mali	Sub-Saharan Africa	1
#FB61D7	6.966	1975	Mali	116	Mali	Sub-Saharan Africa	1
#FB61D7	6.982	1976	Mali	116	Mali	Sub-Saharan Africa	1
#FB61D7	6.999	1977	Mali	116	Mali	Sub-Saharan Africa	1
#FB61D7	7.016	1978	Mali	116	Mali	Sub-Saharan Africa	1
#FB61D7	7.031	1979	Mali	116	Mali	Sub-Saharan Africa	1
#FB61D7	7.046	1980	Mali	116	Mali	Sub-Saharan Africa	1
#FB61D7	7.059	1981	Mali	116	Mali	Sub-Saharan Africa	1
#FB61D7	7.07	1982	Mali	116	Mali	Sub-Saharan Africa	1
#FB61D7	7.08	1983	Mali	116	Mali	Sub-Saharan Africa	1
#FB61D7	7.088	1984	Mali	116	Mali	Sub-Saharan Africa	1
#FB61D7	7.093	1985	Mali	116	Mali	Sub-Saharan Africa	1
#FB61D7	7.095	1986	Mali	116	Mali	Sub-Saharan Africa	1
#FB61D7	7.092	1987	Mali	116	Mali	Sub-Saharan Africa	1
#FB61D7	7.086	1988	Mali	116	Mali	Sub-Saharan Africa	1
#FB61D7	7.076	1989	Mali	116	Mali	Sub-Saharan Africa	1
#FB61D7	7.063	1990	Mali	116	Mali	Sub-Saharan Africa	1
#FB61D7	7.046	1991	Mali	116	Mali	Sub-Saharan Africa	1
#FB61D7	7.026	1992	Mali	116	Mali	Sub-Saharan Africa	1
#FB61D7	7.004	1993	Mali	116	Mali	Sub-Saharan Africa	1
#FB61D7	6.98	1994	Mali	116	Mali	Sub-Saharan Africa	1
#FB61D7	6.955	1995	Mali	116	Mali	Sub-Saharan Africa	1
#FB61D7	6.928	1996	Mali	116	Mali	Sub-Saharan Africa	1
#FB61D7	6.901	1997	Mali	116	Mali	Sub-Saharan Africa	1
#FB61D7	6.872	1998	Mali	116	Mali	Sub-Saharan Africa	1
#FB61D7	6.841	1999	Mali	116	Mali	Sub-Saharan Africa	1
#FB61D7	6.808	2000	Mali	116	Mali	Sub-Saharan Africa	1
#FB61D7	6.773	2001	Mali	116	Mali	Sub-Saharan Africa	1
#FB61D7	6.735	2002	Mali	116	Mali	Sub-Saharan Africa	1
#FB61D7	6.693	2003	Mali	116	Mali	Sub-Saharan Africa	1
#FB61D7	6.648	2004	Mali	116	Mali	Sub-Saharan Africa	1
#FB61D7	6.599	2005	Mali	116	Mali	Sub-Saharan Africa	1
#FB61D7	6.545	2006	Mali	116	Mali	Sub-Saharan Africa	1
#FB61D7	6.487	2007	Mali	116	Mali	Sub-Saharan Africa	1
#FB61D7	6.426	2008	Mali	116	Mali	Sub-Saharan Africa	1
#FB61D7	6.361	2009	Mali	116	Mali	Sub-Saharan Africa	1
#FB61D7	6.294	2010	Mali	116	Mali	Sub-Saharan Africa	1
#FB61D7	6.227	2011	Mali	116	Mali	Sub-Saharan Africa	1
#F8766D	6.05	1960	Myanmar	128	Myanmar	East Asia & Pacific	1
#F8766D	6.071	1961	Myanmar	128	Myanmar	East Asia & Pacific	1
#F8766D	6.091	1962	Myanmar	128	Myanmar	East Asia & Pacific	1
#F8766D	6.107	1963	Myanmar	128	Myanmar	East Asia & Pacific	1
#F8766D	6.118	1964	Myanmar	128	Myanmar	East Asia & Pacific	1
#F8766D	6.125	1965	Myanmar	128	Myanmar	East Asia & Pacific	1
#F8766D	6.129	1966	Myanmar	128	Myanmar	East Asia & Pacific	1
#F8766D	6.13	1967	Myanmar	128	Myanmar	East Asia & Pacific	1
#F8766D	6.125	1968	Myanmar	128	Myanmar	East Asia & Pacific	1
#F8766D	6.11	1969	Myanmar	128	Myanmar	East Asia & Pacific	1
#F8766D	6.076	1970	Myanmar	128	Myanmar	East Asia & Pacific	1
#F8766D	6.012	1971	Myanmar	128	Myanmar	East Asia & Pacific	1
#F8766D	5.914	1972	Myanmar	128	Myanmar	East Asia & Pacific	1
#F8766D	5.781	1973	Myanmar	128	Myanmar	East Asia & Pacific	1
#F8766D	5.617	1974	Myanmar	128	Myanmar	East Asia & Pacific	1
#F8766D	5.431	1975	Myanmar	128	Myanmar	East Asia & Pacific	1
#F8766D	5.235	1976	Myanmar	128	Myanmar	East Asia & Pacific	1
#F8766D	5.042	1977	Myanmar	128	Myanmar	East Asia & Pacific	1
#F8766D	4.862	1978	Myanmar	128	Myanmar	East Asia & Pacific	1
#F8766D	4.702	1979	Myanmar	128	Myanmar	East Asia & Pacific	1
#F8766D	4.565	1980	Myanmar	128	Myanmar	East Asia & Pacific	1
#F8766D	4.449	1981	Myanmar	128	Myanmar	East Asia & Pacific	1
#F8766D	4.346	1982	Myanmar	128	Myanmar	East Asia & Pacific	1
#F8766D	4.248	1983	Myanmar	128	Myanmar	East Asia & Pacific	1
#F8766D	4.153	1984	Myanmar	128	Myanmar	East Asia & Pacific	1
#F8766D	4.056	1985	Myanmar	128	Myanmar	East Asia & Pacific	1
#F8766D	3.95	1986	Myanmar	128	Myanmar	East Asia & Pacific	1
#F8766D	3.836	1987	Myanmar	128	Myanmar	East Asia & Pacific	1
#F8766D	3.712	1988	Myanmar	128	Myanmar	East Asia & Pacific	1
#F8766D	3.581	1989	Myanmar	128	Myanmar	East Asia & Pacific	1
#F8766D	3.446	1990	Myanmar	128	Myanmar	East Asia & Pacific	1
#F8766D	3.31	1991	Myanmar	128	Myanmar	East Asia & Pacific	1
#F8766D	3.181	1992	Myanmar	128	Myanmar	East Asia & Pacific	1
#F8766D	3.06	1993	Myanmar	128	Myanmar	East Asia & Pacific	1
#F8766D	2.951	1994	Myanmar	128	Myanmar	East Asia & Pacific	1
#F8766D	2.852	1995	Myanmar	128	Myanmar	East Asia & Pacific	1
#F8766D	2.761	1996	Myanmar	128	Myanmar	East Asia & Pacific	1
#F8766D	2.675	1997	Myanmar	128	Myanmar	East Asia & Pacific	1
#F8766D	2.59	1998	Myanmar	128	Myanmar	East Asia & Pacific	1
#F8766D	2.507	1999	Myanmar	128	Myanmar	East Asia & Pacific	1
#F8766D	2.427	2000	Myanmar	128	Myanmar	East Asia & Pacific	1
#F8766D	2.353	2001	Myanmar	128	Myanmar	East Asia & Pacific	1
#F8766D	2.287	2002	Myanmar	128	Myanmar	East Asia & Pacific	1
#F8766D	2.229	2003	Myanmar	128	Myanmar	East Asia & Pacific	1
#F8766D	2.181	2004	Myanmar	128	Myanmar	East Asia & Pacific	1
#F8766D	2.142	2005	Myanmar	128	Myanmar	East Asia & Pacific	1
#F8766D	2.109	2006	Myanmar	128	Myanmar	East Asia & Pacific	1
#F8766D	2.08	2007	Myanmar	128	Myanmar	East Asia & Pacific	1
#F8766D	2.053	2008	Myanmar	128	Myanmar	East Asia & Pacific	1
#F8766D	2.027	2009	Myanmar	128	Myanmar	East Asia & Pacific	1
#F8766D	2.002	2010	Myanmar	128	Myanmar	East Asia & Pacific	1
#F8766D	1.976	2011	Myanmar	128	Myanmar	East Asia & Pacific	1
#F8766D	6.953	1960	Mongolia	124	Mongolia	East Asia & Pacific	1
#F8766D	7.168	1961	Mongolia	124	Mongolia	East Asia & Pacific	1
#F8766D	7.347	1962	Mongolia	124	Mongolia	East Asia & Pacific	1
#F8766D	7.477	1963	Mongolia	124	Mongolia	East Asia & Pacific	1
#F8766D	7.558	1964	Mongolia	124	Mongolia	East Asia & Pacific	1
#F8766D	7.593	1965	Mongolia	124	Mongolia	East Asia & Pacific	1
#F8766D	7.599	1966	Mongolia	124	Mongolia	East Asia & Pacific	1
#F8766D	7.591	1967	Mongolia	124	Mongolia	East Asia & Pacific	1
#F8766D	7.584	1968	Mongolia	124	Mongolia	East Asia & Pacific	1
#F8766D	7.578	1969	Mongolia	124	Mongolia	East Asia & Pacific	1
#F8766D	7.569	1970	Mongolia	124	Mongolia	East Asia & Pacific	1
#F8766D	7.546	1971	Mongolia	124	Mongolia	East Asia & Pacific	1
#F8766D	7.497	1972	Mongolia	124	Mongolia	East Asia & Pacific	1
#F8766D	7.413	1973	Mongolia	124	Mongolia	East Asia & Pacific	1
#F8766D	7.294	1974	Mongolia	124	Mongolia	East Asia & Pacific	1
#F8766D	7.144	1975	Mongolia	124	Mongolia	East Asia & Pacific	1
#F8766D	6.968	1976	Mongolia	124	Mongolia	East Asia & Pacific	1
#F8766D	6.779	1977	Mongolia	124	Mongolia	East Asia & Pacific	1
#F8766D	6.584	1978	Mongolia	124	Mongolia	East Asia & Pacific	1
#F8766D	6.391	1979	Mongolia	124	Mongolia	East Asia & Pacific	1
#F8766D	6.205	1980	Mongolia	124	Mongolia	East Asia & Pacific	1
#F8766D	6.031	1981	Mongolia	124	Mongolia	East Asia & Pacific	1
#F8766D	5.867	1982	Mongolia	124	Mongolia	East Asia & Pacific	1
#F8766D	5.707	1983	Mongolia	124	Mongolia	East Asia & Pacific	1
#F8766D	5.547	1984	Mongolia	124	Mongolia	East Asia & Pacific	1
#F8766D	5.376	1985	Mongolia	124	Mongolia	East Asia & Pacific	1
#F8766D	5.181	1986	Mongolia	124	Mongolia	East Asia & Pacific	1
#F8766D	4.953	1987	Mongolia	124	Mongolia	East Asia & Pacific	1
#F8766D	4.691	1988	Mongolia	124	Mongolia	East Asia & Pacific	1
#F8766D	4.402	1989	Mongolia	124	Mongolia	East Asia & Pacific	1
#F8766D	4.095	1990	Mongolia	124	Mongolia	East Asia & Pacific	1
#F8766D	3.786	1991	Mongolia	124	Mongolia	East Asia & Pacific	1
#F8766D	3.492	1992	Mongolia	124	Mongolia	East Asia & Pacific	1
#F8766D	3.227	1993	Mongolia	124	Mongolia	East Asia & Pacific	1
#F8766D	2.999	1994	Mongolia	124	Mongolia	East Asia & Pacific	1
#F8766D	2.808	1995	Mongolia	124	Mongolia	East Asia & Pacific	1
#F8766D	2.649	1996	Mongolia	124	Mongolia	East Asia & Pacific	1
#F8766D	2.514	1997	Mongolia	124	Mongolia	East Asia & Pacific	1
#F8766D	2.394	1998	Mongolia	124	Mongolia	East Asia & Pacific	1
#F8766D	2.29	1999	Mongolia	124	Mongolia	East Asia & Pacific	1
#F8766D	2.207	2000	Mongolia	124	Mongolia	East Asia & Pacific	1
#F8766D	2.154	2001	Mongolia	124	Mongolia	East Asia & Pacific	1
#F8766D	2.138	2002	Mongolia	124	Mongolia	East Asia & Pacific	1
#F8766D	2.156	2003	Mongolia	124	Mongolia	East Asia & Pacific	1
#F8766D	2.204	2004	Mongolia	124	Mongolia	East Asia & Pacific	1
#F8766D	2.272	2005	Mongolia	124	Mongolia	East Asia & Pacific	1
#F8766D	2.347	2006	Mongolia	124	Mongolia	East Asia & Pacific	1
#F8766D	2.414	2007	Mongolia	124	Mongolia	East Asia & Pacific	1
#F8766D	2.466	2008	Mongolia	124	Mongolia	East Asia & Pacific	1
#F8766D	2.496	2009	Mongolia	124	Mongolia	East Asia & Pacific	1
#F8766D	2.504	2010	Mongolia	124	Mongolia	East Asia & Pacific	1
#F8766D	2.494	2011	Mongolia	124	Mongolia	East Asia & Pacific	1
#F8766D	4.945	1960	Macao SAR, China	110	Macao SAR, China	East Asia & Pacific	1
#F8766D	4.763	1961	Macao SAR, China	110	Macao SAR, China	East Asia & Pacific	1
#F8766D	4.525	1962	Macao SAR, China	110	Macao SAR, China	East Asia & Pacific	1
#F8766D	4.242	1963	Macao SAR, China	110	Macao SAR, China	East Asia & Pacific	1
#F8766D	3.926	1964	Macao SAR, China	110	Macao SAR, China	East Asia & Pacific	1
#F8766D	3.594	1965	Macao SAR, China	110	Macao SAR, China	East Asia & Pacific	1
#F8766D	3.261	1966	Macao SAR, China	110	Macao SAR, China	East Asia & Pacific	1
#F8766D	2.942	1967	Macao SAR, China	110	Macao SAR, China	East Asia & Pacific	1
#F8766D	2.647	1968	Macao SAR, China	110	Macao SAR, China	East Asia & Pacific	1
#F8766D	2.388	1969	Macao SAR, China	110	Macao SAR, China	East Asia & Pacific	1
#F8766D	2.166	1970	Macao SAR, China	110	Macao SAR, China	East Asia & Pacific	1
#F8766D	1.98	1971	Macao SAR, China	110	Macao SAR, China	East Asia & Pacific	1
#F8766D	1.821	1972	Macao SAR, China	110	Macao SAR, China	East Asia & Pacific	1
#F8766D	1.683	1973	Macao SAR, China	110	Macao SAR, China	East Asia & Pacific	1
#F8766D	1.568	1974	Macao SAR, China	110	Macao SAR, China	East Asia & Pacific	1
#F8766D	1.484	1975	Macao SAR, China	110	Macao SAR, China	East Asia & Pacific	1
#F8766D	1.44	1976	Macao SAR, China	110	Macao SAR, China	East Asia & Pacific	1
#F8766D	1.441	1977	Macao SAR, China	110	Macao SAR, China	East Asia & Pacific	1
#F8766D	1.485	1978	Macao SAR, China	110	Macao SAR, China	East Asia & Pacific	1
#F8766D	1.563	1979	Macao SAR, China	110	Macao SAR, China	East Asia & Pacific	1
#F8766D	1.665	1980	Macao SAR, China	110	Macao SAR, China	East Asia & Pacific	1
#F8766D	1.777	1981	Macao SAR, China	110	Macao SAR, China	East Asia & Pacific	1
#F8766D	1.882	1982	Macao SAR, China	110	Macao SAR, China	East Asia & Pacific	1
#F8766D	1.966	1983	Macao SAR, China	110	Macao SAR, China	East Asia & Pacific	1
#F8766D	2.021	1984	Macao SAR, China	110	Macao SAR, China	East Asia & Pacific	1
#F8766D	2.04	1985	Macao SAR, China	110	Macao SAR, China	East Asia & Pacific	1
#F8766D	2.019	1986	Macao SAR, China	110	Macao SAR, China	East Asia & Pacific	1
#F8766D	1.966	1987	Macao SAR, China	110	Macao SAR, China	East Asia & Pacific	1
#F8766D	1.891	1988	Macao SAR, China	110	Macao SAR, China	East Asia & Pacific	1
#F8766D	1.798	1989	Macao SAR, China	110	Macao SAR, China	East Asia & Pacific	1
#F8766D	1.694	1990	Macao SAR, China	110	Macao SAR, China	East Asia & Pacific	1
#F8766D	1.589	1991	Macao SAR, China	110	Macao SAR, China	East Asia & Pacific	1
#F8766D	1.487	1992	Macao SAR, China	110	Macao SAR, China	East Asia & Pacific	1
#F8766D	1.394	1993	Macao SAR, China	110	Macao SAR, China	East Asia & Pacific	1
#F8766D	1.312	1994	Macao SAR, China	110	Macao SAR, China	East Asia & Pacific	1
#F8766D	1.242	1995	Macao SAR, China	110	Macao SAR, China	East Asia & Pacific	1
#F8766D	1.178	1996	Macao SAR, China	110	Macao SAR, China	East Asia & Pacific	1
#F8766D	1.116	1997	Macao SAR, China	110	Macao SAR, China	East Asia & Pacific	1
#F8766D	1.053	1998	Macao SAR, China	110	Macao SAR, China	East Asia & Pacific	1
#F8766D	0.991	1999	Macao SAR, China	110	Macao SAR, China	East Asia & Pacific	1
#F8766D	0.933	2000	Macao SAR, China	110	Macao SAR, China	East Asia & Pacific	1
#F8766D	0.887	2001	Macao SAR, China	110	Macao SAR, China	East Asia & Pacific	1
#F8766D	0.858	2002	Macao SAR, China	110	Macao SAR, China	East Asia & Pacific	1
#F8766D	0.849	2003	Macao SAR, China	110	Macao SAR, China	East Asia & Pacific	1
#F8766D	0.859	2004	Macao SAR, China	110	Macao SAR, China	East Asia & Pacific	1
#F8766D	0.887	2005	Macao SAR, China	110	Macao SAR, China	East Asia & Pacific	1
#F8766D	0.926	2006	Macao SAR, China	110	Macao SAR, China	East Asia & Pacific	1
#F8766D	0.971	2007	Macao SAR, China	110	Macao SAR, China	East Asia & Pacific	1
#F8766D	1.015	2008	Macao SAR, China	110	Macao SAR, China	East Asia & Pacific	1
#F8766D	1.056	2009	Macao SAR, China	110	Macao SAR, China	East Asia & Pacific	1
#F8766D	1.092	2010	Macao SAR, China	110	Macao SAR, China	East Asia & Pacific	1
#F8766D	1.123	2011	Macao SAR, China	110	Macao SAR, China	East Asia & Pacific	1
#FB61D7	6.775	1960	Mauritania	119	Mauritania	Sub-Saharan Africa	1
#FB61D7	6.787	1961	Mauritania	119	Mauritania	Sub-Saharan Africa	1
#FB61D7	6.794	1962	Mauritania	119	Mauritania	Sub-Saharan Africa	1
#FB61D7	6.798	1963	Mauritania	119	Mauritania	Sub-Saharan Africa	1
#FB61D7	6.799	1964	Mauritania	119	Mauritania	Sub-Saharan Africa	1
#FB61D7	6.799	1965	Mauritania	119	Mauritania	Sub-Saharan Africa	1
#FB61D7	6.798	1966	Mauritania	119	Mauritania	Sub-Saharan Africa	1
#FB61D7	6.798	1967	Mauritania	119	Mauritania	Sub-Saharan Africa	1
#FB61D7	6.795	1968	Mauritania	119	Mauritania	Sub-Saharan Africa	1
#FB61D7	6.791	1969	Mauritania	119	Mauritania	Sub-Saharan Africa	1
#FB61D7	6.784	1970	Mauritania	119	Mauritania	Sub-Saharan Africa	1
#FB61D7	6.774	1971	Mauritania	119	Mauritania	Sub-Saharan Africa	1
#FB61D7	6.759	1972	Mauritania	119	Mauritania	Sub-Saharan Africa	1
#FB61D7	6.739	1973	Mauritania	119	Mauritania	Sub-Saharan Africa	1
#FB61D7	6.713	1974	Mauritania	119	Mauritania	Sub-Saharan Africa	1
#FB61D7	6.681	1975	Mauritania	119	Mauritania	Sub-Saharan Africa	1
#FB61D7	6.641	1976	Mauritania	119	Mauritania	Sub-Saharan Africa	1
#FB61D7	6.594	1977	Mauritania	119	Mauritania	Sub-Saharan Africa	1
#FB61D7	6.542	1978	Mauritania	119	Mauritania	Sub-Saharan Africa	1
#FB61D7	6.486	1979	Mauritania	119	Mauritania	Sub-Saharan Africa	1
#FB61D7	6.427	1980	Mauritania	119	Mauritania	Sub-Saharan Africa	1
#FB61D7	6.37	1981	Mauritania	119	Mauritania	Sub-Saharan Africa	1
#FB61D7	6.315	1982	Mauritania	119	Mauritania	Sub-Saharan Africa	1
#FB61D7	6.263	1983	Mauritania	119	Mauritania	Sub-Saharan Africa	1
#FB61D7	6.214	1984	Mauritania	119	Mauritania	Sub-Saharan Africa	1
#FB61D7	6.17	1985	Mauritania	119	Mauritania	Sub-Saharan Africa	1
#FB61D7	6.127	1986	Mauritania	119	Mauritania	Sub-Saharan Africa	1
#FB61D7	6.084	1987	Mauritania	119	Mauritania	Sub-Saharan Africa	1
#FB61D7	6.039	1988	Mauritania	119	Mauritania	Sub-Saharan Africa	1
#FB61D7	5.99	1989	Mauritania	119	Mauritania	Sub-Saharan Africa	1
#FB61D7	5.937	1990	Mauritania	119	Mauritania	Sub-Saharan Africa	1
#FB61D7	5.878	1991	Mauritania	119	Mauritania	Sub-Saharan Africa	1
#FB61D7	5.814	1992	Mauritania	119	Mauritania	Sub-Saharan Africa	1
#FB61D7	5.746	1993	Mauritania	119	Mauritania	Sub-Saharan Africa	1
#FB61D7	5.673	1994	Mauritania	119	Mauritania	Sub-Saharan Africa	1
#FB61D7	5.597	1995	Mauritania	119	Mauritania	Sub-Saharan Africa	1
#FB61D7	5.52	1996	Mauritania	119	Mauritania	Sub-Saharan Africa	1
#FB61D7	5.443	1997	Mauritania	119	Mauritania	Sub-Saharan Africa	1
#FB61D7	5.366	1998	Mauritania	119	Mauritania	Sub-Saharan Africa	1
#FB61D7	5.291	1999	Mauritania	119	Mauritania	Sub-Saharan Africa	1
#FB61D7	5.219	2000	Mauritania	119	Mauritania	Sub-Saharan Africa	1
#FB61D7	5.148	2001	Mauritania	119	Mauritania	Sub-Saharan Africa	1
#FB61D7	5.079	2002	Mauritania	119	Mauritania	Sub-Saharan Africa	1
#FB61D7	5.011	2003	Mauritania	119	Mauritania	Sub-Saharan Africa	1
#FB61D7	4.943	2004	Mauritania	119	Mauritania	Sub-Saharan Africa	1
#FB61D7	4.875	2005	Mauritania	119	Mauritania	Sub-Saharan Africa	1
#FB61D7	4.807	2006	Mauritania	119	Mauritania	Sub-Saharan Africa	1
#FB61D7	4.739	2007	Mauritania	119	Mauritania	Sub-Saharan Africa	1
#FB61D7	4.671	2008	Mauritania	119	Mauritania	Sub-Saharan Africa	1
#FB61D7	4.602	2009	Mauritania	119	Mauritania	Sub-Saharan Africa	1
#FB61D7	4.533	2010	Mauritania	119	Mauritania	Sub-Saharan Africa	1
#FB61D7	4.464	2011	Mauritania	119	Mauritania	Sub-Saharan Africa	1
#00C094	3.62	1960	Malta	117	Malta	Middle East & North Africa	1
#00C094	3.274	1961	Malta	117	Malta	Middle East & North Africa	1
#00C094	3.237	1962	Malta	117	Malta	Middle East & North Africa	1
#00C094	2.904	1963	Malta	117	Malta	Middle East & North Africa	1
#00C094	2.79	1964	Malta	117	Malta	Middle East & North Africa	1
#00C094	2.52	1965	Malta	117	Malta	Middle East & North Africa	1
#00C094	2.326	1966	Malta	117	Malta	Middle East & North Africa	1
#00C094	2.236	1967	Malta	117	Malta	Middle East & North Africa	1
#00C094	2.12	1968	Malta	117	Malta	Middle East & North Africa	1
#00C094	2.019	1969	Malta	117	Malta	Middle East & North Africa	1
#00C094	2.025	1970	Malta	117	Malta	Middle East & North Africa	1
#00C094	2.06	1971	Malta	117	Malta	Middle East & North Africa	1
#00C094	2.007	1972	Malta	117	Malta	Middle East & North Africa	1
#00C094	1.649	1973	Malta	117	Malta	Middle East & North Africa	1
#00C094	1.64	1974	Malta	117	Malta	Middle East & North Africa	1
#00C094	2.274	1975	Malta	117	Malta	Middle East & North Africa	1
#00C094	2.205	1976	Malta	117	Malta	Middle East & North Africa	1
#00C094	2.18	1977	Malta	117	Malta	Middle East & North Africa	1
#00C094	2.118	1978	Malta	117	Malta	Middle East & North Africa	1
#00C094	2.1	1979	Malta	117	Malta	Middle East & North Africa	1
#00C094	1.99	1980	Malta	117	Malta	Middle East & North Africa	1
#00C094	1.87	1981	Malta	117	Malta	Middle East & North Africa	1
#00C094	1.98	1982	Malta	117	Malta	Middle East & North Africa	1
#00C094	1.965	1983	Malta	117	Malta	Middle East & North Africa	1
#00C094	1.95	1984	Malta	117	Malta	Middle East & North Africa	1
#00C094	1.99	1985	Malta	117	Malta	Middle East & North Africa	1
#00C094	1.98	1986	Malta	117	Malta	Middle East & North Africa	1
#00C094	1.98	1987	Malta	117	Malta	Middle East & North Africa	1
#00C094	2.08	1988	Malta	117	Malta	Middle East & North Africa	1
#00C094	2.11	1989	Malta	117	Malta	Middle East & North Africa	1
#00C094	2.05	1990	Malta	117	Malta	Middle East & North Africa	1
#00C094	2.04	1991	Malta	117	Malta	Middle East & North Africa	1
#00C094	2.12	1992	Malta	117	Malta	Middle East & North Africa	1
#00C094	2.01	1993	Malta	117	Malta	Middle East & North Africa	1
#00C094	1.89	1994	Malta	117	Malta	Middle East & North Africa	1
#00C094	1.83	1995	Malta	117	Malta	Middle East & North Africa	1
#00C094	2.1	1996	Malta	117	Malta	Middle East & North Africa	1
#00C094	1.95	1997	Malta	117	Malta	Middle East & North Africa	1
#00C094	1.88	1998	Malta	117	Malta	Middle East & North Africa	1
#00C094	1.77	1999	Malta	117	Malta	Middle East & North Africa	1
#00C094	1.7	2000	Malta	117	Malta	Middle East & North Africa	1
#00C094	1.48	2001	Malta	117	Malta	Middle East & North Africa	1
#00C094	1.45	2002	Malta	117	Malta	Middle East & North Africa	1
#00C094	1.48	2003	Malta	117	Malta	Middle East & North Africa	1
#00C094	1.4	2004	Malta	117	Malta	Middle East & North Africa	1
#00C094	1.38	2005	Malta	117	Malta	Middle East & North Africa	1
#00C094	1.39	2006	Malta	117	Malta	Middle East & North Africa	1
#00C094	1.37	2007	Malta	117	Malta	Middle East & North Africa	1
#00C094	1.44	2008	Malta	117	Malta	Middle East & North Africa	1
#00C094	1.43	2009	Malta	117	Malta	Middle East & North Africa	1
#00C094	1.38	2010	Malta	117	Malta	Middle East & North Africa	1
#00C094	1.38	2011	Malta	117	Malta	Middle East & North Africa	1
#FB61D7	6.167	1960	Mauritius	120	Mauritius	Sub-Saharan Africa	1
#FB61D7	6.178	1961	Mauritius	120	Mauritius	Sub-Saharan Africa	1
#FB61D7	6.124	1962	Mauritius	120	Mauritius	Sub-Saharan Africa	1
#FB61D7	5.993	1963	Mauritius	120	Mauritius	Sub-Saharan Africa	1
#FB61D7	5.785	1964	Mauritius	120	Mauritius	Sub-Saharan Africa	1
#FB61D7	5.51	1965	Mauritius	120	Mauritius	Sub-Saharan Africa	1
#FB61D7	5.187	1966	Mauritius	120	Mauritius	Sub-Saharan Africa	1
#FB61D7	4.847	1967	Mauritius	120	Mauritius	Sub-Saharan Africa	1
#FB61D7	4.516	1968	Mauritius	120	Mauritius	Sub-Saharan Africa	1
#FB61D7	4.213	1969	Mauritius	120	Mauritius	Sub-Saharan Africa	1
#FB61D7	3.952	1970	Mauritius	120	Mauritius	Sub-Saharan Africa	1
#FB61D7	3.741	1971	Mauritius	120	Mauritius	Sub-Saharan Africa	1
#FB61D7	3.575	1972	Mauritius	120	Mauritius	Sub-Saharan Africa	1
#FB61D7	3.444	1973	Mauritius	120	Mauritius	Sub-Saharan Africa	1
#FB61D7	3.341	1974	Mauritius	120	Mauritius	Sub-Saharan Africa	1
#FB61D7	3.255	1975	Mauritius	120	Mauritius	Sub-Saharan Africa	1
#FB61D7	3.169	1976	Mauritius	120	Mauritius	Sub-Saharan Africa	1
#FB61D7	3.071	1977	Mauritius	120	Mauritius	Sub-Saharan Africa	1
#FB61D7	2.954	1978	Mauritius	120	Mauritius	Sub-Saharan Africa	1
#FB61D7	2.818	1979	Mauritius	120	Mauritius	Sub-Saharan Africa	1
#FB61D7	2.672	1980	Mauritius	120	Mauritius	Sub-Saharan Africa	1
#FB61D7	2.532	1981	Mauritius	120	Mauritius	Sub-Saharan Africa	1
#FB61D7	2.412	1982	Mauritius	120	Mauritius	Sub-Saharan Africa	1
#FB61D7	2.325	1983	Mauritius	120	Mauritius	Sub-Saharan Africa	1
#FB61D7	2.16	1984	Mauritius	120	Mauritius	Sub-Saharan Africa	1
#FB61D7	2.02	1985	Mauritius	120	Mauritius	Sub-Saharan Africa	1
#FB61D7	1.99	1986	Mauritius	120	Mauritius	Sub-Saharan Africa	1
#FB61D7	2.05	1987	Mauritius	120	Mauritius	Sub-Saharan Africa	1
#FB61D7	2.14	1988	Mauritius	120	Mauritius	Sub-Saharan Africa	1
#FB61D7	2.23	1989	Mauritius	120	Mauritius	Sub-Saharan Africa	1
#FB61D7	2.32	1990	Mauritius	120	Mauritius	Sub-Saharan Africa	1
#FB61D7	2.3	1991	Mauritius	120	Mauritius	Sub-Saharan Africa	1
#FB61D7	2.37	1992	Mauritius	120	Mauritius	Sub-Saharan Africa	1
#FB61D7	2.21	1993	Mauritius	120	Mauritius	Sub-Saharan Africa	1
#FB61D7	2.25	1994	Mauritius	120	Mauritius	Sub-Saharan Africa	1
#FB61D7	2.14	1995	Mauritius	120	Mauritius	Sub-Saharan Africa	1
#FB61D7	2.12	1996	Mauritius	120	Mauritius	Sub-Saharan Africa	1
#FB61D7	2.04	1997	Mauritius	120	Mauritius	Sub-Saharan Africa	1
#FB61D7	1.97	1998	Mauritius	120	Mauritius	Sub-Saharan Africa	1
#FB61D7	2.05	1999	Mauritius	120	Mauritius	Sub-Saharan Africa	1
#FB61D7	1.99	2000	Mauritius	120	Mauritius	Sub-Saharan Africa	1
#FB61D7	1.91	2001	Mauritius	120	Mauritius	Sub-Saharan Africa	1
#FB61D7	1.94	2002	Mauritius	120	Mauritius	Sub-Saharan Africa	1
#FB61D7	1.87	2003	Mauritius	120	Mauritius	Sub-Saharan Africa	1
#FB61D7	1.87	2004	Mauritius	120	Mauritius	Sub-Saharan Africa	1
#FB61D7	1.82	2005	Mauritius	120	Mauritius	Sub-Saharan Africa	1
#FB61D7	1.7	2006	Mauritius	120	Mauritius	Sub-Saharan Africa	1
#FB61D7	1.66	2007	Mauritius	120	Mauritius	Sub-Saharan Africa	1
#FB61D7	1.58	2008	Mauritius	120	Mauritius	Sub-Saharan Africa	1
#FB61D7	1.5	2009	Mauritius	120	Mauritius	Sub-Saharan Africa	1
#FB61D7	1.47	2010	Mauritius	120	Mauritius	Sub-Saharan Africa	1
#FB61D7	1.45	2011	Mauritius	120	Mauritius	Sub-Saharan Africa	1
#A58AFF	7.021	1960	Maldives	115	Maldives	South Asia	1
#A58AFF	7.075	1961	Maldives	115	Maldives	South Asia	1
#A58AFF	7.118	1962	Maldives	115	Maldives	South Asia	1
#A58AFF	7.152	1963	Maldives	115	Maldives	South Asia	1
#A58AFF	7.179	1964	Maldives	115	Maldives	South Asia	1
#A58AFF	7.201	1965	Maldives	115	Maldives	South Asia	1
#A58AFF	7.218	1966	Maldives	115	Maldives	South Asia	1
#A58AFF	7.231	1967	Maldives	115	Maldives	South Asia	1
#A58AFF	7.237	1968	Maldives	115	Maldives	South Asia	1
#A58AFF	7.237	1969	Maldives	115	Maldives	South Asia	1
#A58AFF	7.227	1970	Maldives	115	Maldives	South Asia	1
#A58AFF	7.201	1971	Maldives	115	Maldives	South Asia	1
#A58AFF	7.159	1972	Maldives	115	Maldives	South Asia	1
#A58AFF	7.103	1973	Maldives	115	Maldives	South Asia	1
#A58AFF	7.04	1974	Maldives	115	Maldives	South Asia	1
#A58AFF	6.981	1975	Maldives	115	Maldives	South Asia	1
#A58AFF	6.941	1976	Maldives	115	Maldives	South Asia	1
#A58AFF	6.931	1977	Maldives	115	Maldives	South Asia	1
#A58AFF	6.953	1978	Maldives	115	Maldives	South Asia	1
#A58AFF	7.002	1979	Maldives	115	Maldives	South Asia	1
#A58AFF	7.071	1980	Maldives	115	Maldives	South Asia	1
#A58AFF	7.146	1981	Maldives	115	Maldives	South Asia	1
#A58AFF	7.21	1982	Maldives	115	Maldives	South Asia	1
#A58AFF	7.245	1983	Maldives	115	Maldives	South Asia	1
#A58AFF	7.24	1984	Maldives	115	Maldives	South Asia	1
#A58AFF	7.184	1985	Maldives	115	Maldives	South Asia	1
#A58AFF	7.07	1986	Maldives	115	Maldives	South Asia	1
#A58AFF	6.901	1987	Maldives	115	Maldives	South Asia	1
#A58AFF	6.686	1988	Maldives	115	Maldives	South Asia	1
#A58AFF	6.427	1989	Maldives	115	Maldives	South Asia	1
#A58AFF	6.129	1990	Maldives	115	Maldives	South Asia	1
#A58AFF	5.797	1991	Maldives	115	Maldives	South Asia	1
#A58AFF	5.441	1992	Maldives	115	Maldives	South Asia	1
#A58AFF	5.073	1993	Maldives	115	Maldives	South Asia	1
#A58AFF	4.704	1994	Maldives	115	Maldives	South Asia	1
#A58AFF	4.345	1995	Maldives	115	Maldives	South Asia	1
#A58AFF	4.007	1996	Maldives	115	Maldives	South Asia	1
#A58AFF	3.692	1997	Maldives	115	Maldives	South Asia	1
#A58AFF	3.404	1998	Maldives	115	Maldives	South Asia	1
#A58AFF	3.146	1999	Maldives	115	Maldives	South Asia	1
#A58AFF	2.919	2000	Maldives	115	Maldives	South Asia	1
#A58AFF	2.722	2001	Maldives	115	Maldives	South Asia	1
#A58AFF	2.549	2002	Maldives	115	Maldives	South Asia	1
#A58AFF	2.394	2003	Maldives	115	Maldives	South Asia	1
#A58AFF	2.256	2004	Maldives	115	Maldives	South Asia	1
#A58AFF	2.134	2005	Maldives	115	Maldives	South Asia	1
#A58AFF	2.027	2006	Maldives	115	Maldives	South Asia	1
#A58AFF	1.938	2007	Maldives	115	Maldives	South Asia	1
#A58AFF	1.863	2008	Maldives	115	Maldives	South Asia	1
#A58AFF	1.802	2009	Maldives	115	Maldives	South Asia	1
#A58AFF	1.752	2010	Maldives	115	Maldives	South Asia	1
#A58AFF	1.709	2011	Maldives	115	Maldives	South Asia	1
#FB61D7	6.909	1960	Malawi	113	Malawi	Sub-Saharan Africa	1
#FB61D7	6.943	1961	Malawi	113	Malawi	Sub-Saharan Africa	1
#FB61D7	6.979	1962	Malawi	113	Malawi	Sub-Saharan Africa	1
#FB61D7	7.017	1963	Malawi	113	Malawi	Sub-Saharan Africa	1
#FB61D7	7.056	1964	Malawi	113	Malawi	Sub-Saharan Africa	1
#FB61D7	7.097	1965	Malawi	113	Malawi	Sub-Saharan Africa	1
#FB61D7	7.139	1966	Malawi	113	Malawi	Sub-Saharan Africa	1
#FB61D7	7.181	1967	Malawi	113	Malawi	Sub-Saharan Africa	1
#FB61D7	7.224	1968	Malawi	113	Malawi	Sub-Saharan Africa	1
#FB61D7	7.267	1969	Malawi	113	Malawi	Sub-Saharan Africa	1
#FB61D7	7.309	1970	Malawi	113	Malawi	Sub-Saharan Africa	1
#FB61D7	7.35	1971	Malawi	113	Malawi	Sub-Saharan Africa	1
#FB61D7	7.389	1972	Malawi	113	Malawi	Sub-Saharan Africa	1
#FB61D7	7.425	1973	Malawi	113	Malawi	Sub-Saharan Africa	1
#FB61D7	7.457	1974	Malawi	113	Malawi	Sub-Saharan Africa	1
#FB61D7	7.481	1975	Malawi	113	Malawi	Sub-Saharan Africa	1
#FB61D7	7.495	1976	Malawi	113	Malawi	Sub-Saharan Africa	1
#FB61D7	7.497	1977	Malawi	113	Malawi	Sub-Saharan Africa	1
#FB61D7	7.487	1978	Malawi	113	Malawi	Sub-Saharan Africa	1
#FB61D7	7.465	1979	Malawi	113	Malawi	Sub-Saharan Africa	1
#FB61D7	7.432	1980	Malawi	113	Malawi	Sub-Saharan Africa	1
#FB61D7	7.39	1981	Malawi	113	Malawi	Sub-Saharan Africa	1
#FB61D7	7.342	1982	Malawi	113	Malawi	Sub-Saharan Africa	1
#FB61D7	7.29	1983	Malawi	113	Malawi	Sub-Saharan Africa	1
#FB61D7	7.234	1984	Malawi	113	Malawi	Sub-Saharan Africa	1
#FB61D7	7.173	1985	Malawi	113	Malawi	Sub-Saharan Africa	1
#FB61D7	7.105	1986	Malawi	113	Malawi	Sub-Saharan Africa	1
#FB61D7	7.028	1987	Malawi	113	Malawi	Sub-Saharan Africa	1
#FB61D7	6.941	1988	Malawi	113	Malawi	Sub-Saharan Africa	1
#FB61D7	6.848	1989	Malawi	113	Malawi	Sub-Saharan Africa	1
#FB61D7	6.75	1990	Malawi	113	Malawi	Sub-Saharan Africa	1
#FB61D7	6.652	1991	Malawi	113	Malawi	Sub-Saharan Africa	1
#FB61D7	6.558	1992	Malawi	113	Malawi	Sub-Saharan Africa	1
#FB61D7	6.47	1993	Malawi	113	Malawi	Sub-Saharan Africa	1
#FB61D7	6.393	1994	Malawi	113	Malawi	Sub-Saharan Africa	1
#FB61D7	6.325	1995	Malawi	113	Malawi	Sub-Saharan Africa	1
#FB61D7	6.267	1996	Malawi	113	Malawi	Sub-Saharan Africa	1
#FB61D7	6.216	1997	Malawi	113	Malawi	Sub-Saharan Africa	1
#FB61D7	6.17	1998	Malawi	113	Malawi	Sub-Saharan Africa	1
#FB61D7	6.13	1999	Malawi	113	Malawi	Sub-Saharan Africa	1
#FB61D7	6.095	2000	Malawi	113	Malawi	Sub-Saharan Africa	1
#FB61D7	6.066	2001	Malawi	113	Malawi	Sub-Saharan Africa	1
#FB61D7	6.042	2002	Malawi	113	Malawi	Sub-Saharan Africa	1
#FB61D7	6.025	2003	Malawi	113	Malawi	Sub-Saharan Africa	1
#FB61D7	6.013	2004	Malawi	113	Malawi	Sub-Saharan Africa	1
#FB61D7	6.005	2005	Malawi	113	Malawi	Sub-Saharan Africa	1
#FB61D7	6.001	2006	Malawi	113	Malawi	Sub-Saharan Africa	1
#FB61D7	5.998	2007	Malawi	113	Malawi	Sub-Saharan Africa	1
#FB61D7	5.996	2008	Malawi	113	Malawi	Sub-Saharan Africa	1
#FB61D7	5.994	2009	Malawi	113	Malawi	Sub-Saharan Africa	1
#FB61D7	5.99	2010	Malawi	113	Malawi	Sub-Saharan Africa	1
#FB61D7	5.985	2011	Malawi	113	Malawi	Sub-Saharan Africa	1
#53B400	6.783	1960	Mexico	121	Mexico	Latin America & Caribbean	1
#53B400	6.776	1961	Mexico	121	Mexico	Latin America & Caribbean	1
#53B400	6.771	1962	Mexico	121	Mexico	Latin America & Caribbean	1
#53B400	6.768	1963	Mexico	121	Mexico	Latin America & Caribbean	1
#53B400	6.767	1964	Mexico	121	Mexico	Latin America & Caribbean	1
#53B400	6.769	1965	Mexico	121	Mexico	Latin America & Caribbean	1
#53B400	6.773	1966	Mexico	121	Mexico	Latin America & Caribbean	1
#53B400	6.777	1967	Mexico	121	Mexico	Latin America & Caribbean	1
#53B400	6.775	1968	Mexico	121	Mexico	Latin America & Caribbean	1
#53B400	6.76	1969	Mexico	121	Mexico	Latin America & Caribbean	1
#53B400	6.72	1970	Mexico	121	Mexico	Latin America & Caribbean	1
#53B400	6.643	1971	Mexico	121	Mexico	Latin America & Caribbean	1
#53B400	6.525	1972	Mexico	121	Mexico	Latin America & Caribbean	1
#53B400	6.364	1973	Mexico	121	Mexico	Latin America & Caribbean	1
#53B400	6.164	1974	Mexico	121	Mexico	Latin America & Caribbean	1
#53B400	5.932	1975	Mexico	121	Mexico	Latin America & Caribbean	1
#53B400	5.679	1976	Mexico	121	Mexico	Latin America & Caribbean	1
#53B400	5.418	1977	Mexico	121	Mexico	Latin America & Caribbean	1
#53B400	5.163	1978	Mexico	121	Mexico	Latin America & Caribbean	1
#53B400	4.924	1979	Mexico	121	Mexico	Latin America & Caribbean	1
#53B400	4.705	1980	Mexico	121	Mexico	Latin America & Caribbean	1
#53B400	4.509	1981	Mexico	121	Mexico	Latin America & Caribbean	1
#53B400	4.333	1982	Mexico	121	Mexico	Latin America & Caribbean	1
#53B400	4.172	1983	Mexico	121	Mexico	Latin America & Caribbean	1
#53B400	4.027	1984	Mexico	121	Mexico	Latin America & Caribbean	1
#53B400	3.896	1985	Mexico	121	Mexico	Latin America & Caribbean	1
#53B400	3.78	1986	Mexico	121	Mexico	Latin America & Caribbean	1
#53B400	3.675	1987	Mexico	121	Mexico	Latin America & Caribbean	1
#53B400	3.579	1988	Mexico	121	Mexico	Latin America & Caribbean	1
#53B400	3.489	1989	Mexico	121	Mexico	Latin America & Caribbean	1
#53B400	3.4	1990	Mexico	121	Mexico	Latin America & Caribbean	1
#53B400	3.308	1991	Mexico	121	Mexico	Latin America & Caribbean	1
#53B400	3.211	1992	Mexico	121	Mexico	Latin America & Caribbean	1
#53B400	3.111	1993	Mexico	121	Mexico	Latin America & Caribbean	1
#53B400	3.007	1994	Mexico	121	Mexico	Latin America & Caribbean	1
#53B400	2.906	1995	Mexico	121	Mexico	Latin America & Caribbean	1
#53B400	2.811	1996	Mexico	121	Mexico	Latin America & Caribbean	1
#53B400	2.73	1997	Mexico	121	Mexico	Latin America & Caribbean	1
#53B400	2.664	1998	Mexico	121	Mexico	Latin America & Caribbean	1
#53B400	2.615	1999	Mexico	121	Mexico	Latin America & Caribbean	1
#53B400	2.581	2000	Mexico	121	Mexico	Latin America & Caribbean	1
#53B400	2.559	2001	Mexico	121	Mexico	Latin America & Caribbean	1
#53B400	2.542	2002	Mexico	121	Mexico	Latin America & Caribbean	1
#53B400	2.525	2003	Mexico	121	Mexico	Latin America & Caribbean	1
#53B400	2.507	2004	Mexico	121	Mexico	Latin America & Caribbean	1
#53B400	2.483	2005	Mexico	121	Mexico	Latin America & Caribbean	1
#53B400	2.455	2006	Mexico	121	Mexico	Latin America & Caribbean	1
#53B400	2.424	2007	Mexico	121	Mexico	Latin America & Caribbean	1
#53B400	2.391	2008	Mexico	121	Mexico	Latin America & Caribbean	1
#53B400	2.356	2009	Mexico	121	Mexico	Latin America & Caribbean	1
#53B400	2.32	2010	Mexico	121	Mexico	Latin America & Caribbean	1
#53B400	2.283	2011	Mexico	121	Mexico	Latin America & Caribbean	1
#F8766D	6.309	1960	Malaysia	114	Malaysia	East Asia & Pacific	1
#F8766D	6.28	1961	Malaysia	114	Malaysia	East Asia & Pacific	1
#F8766D	6.213	1962	Malaysia	114	Malaysia	East Asia & Pacific	1
#F8766D	6.103	1963	Malaysia	114	Malaysia	East Asia & Pacific	1
#F8766D	5.952	1964	Malaysia	114	Malaysia	East Asia & Pacific	1
#F8766D	5.77	1965	Malaysia	114	Malaysia	East Asia & Pacific	1
#F8766D	5.57	1966	Malaysia	114	Malaysia	East Asia & Pacific	1
#F8766D	5.368	1967	Malaysia	114	Malaysia	East Asia & Pacific	1
#F8766D	5.179	1968	Malaysia	114	Malaysia	East Asia & Pacific	1
#F8766D	5.009	1969	Malaysia	114	Malaysia	East Asia & Pacific	1
#F8766D	4.858	1970	Malaysia	114	Malaysia	East Asia & Pacific	1
#F8766D	4.722	1971	Malaysia	114	Malaysia	East Asia & Pacific	1
#F8766D	4.593	1972	Malaysia	114	Malaysia	East Asia & Pacific	1
#F8766D	4.463	1973	Malaysia	114	Malaysia	East Asia & Pacific	1
#F8766D	4.334	1974	Malaysia	114	Malaysia	East Asia & Pacific	1
#F8766D	4.209	1975	Malaysia	114	Malaysia	East Asia & Pacific	1
#F8766D	4.092	1976	Malaysia	114	Malaysia	East Asia & Pacific	1
#F8766D	3.99	1977	Malaysia	114	Malaysia	East Asia & Pacific	1
#F8766D	3.906	1978	Malaysia	114	Malaysia	East Asia & Pacific	1
#F8766D	3.839	1979	Malaysia	114	Malaysia	East Asia & Pacific	1
#F8766D	3.789	1980	Malaysia	114	Malaysia	East Asia & Pacific	1
#F8766D	3.753	1981	Malaysia	114	Malaysia	East Asia & Pacific	1
#F8766D	3.725	1982	Malaysia	114	Malaysia	East Asia & Pacific	1
#F8766D	3.702	1983	Malaysia	114	Malaysia	East Asia & Pacific	1
#F8766D	3.679	1984	Malaysia	114	Malaysia	East Asia & Pacific	1
#F8766D	3.656	1985	Malaysia	114	Malaysia	East Asia & Pacific	1
#F8766D	3.63	1986	Malaysia	114	Malaysia	East Asia & Pacific	1
#F8766D	3.604	1987	Malaysia	114	Malaysia	East Asia & Pacific	1
#F8766D	3.576	1988	Malaysia	114	Malaysia	East Asia & Pacific	1
#F8766D	3.546	1989	Malaysia	114	Malaysia	East Asia & Pacific	1
#F8766D	3.514	1990	Malaysia	114	Malaysia	East Asia & Pacific	1
#F8766D	3.478	1991	Malaysia	114	Malaysia	East Asia & Pacific	1
#F8766D	3.438	1992	Malaysia	114	Malaysia	East Asia & Pacific	1
#F8766D	3.395	1993	Malaysia	114	Malaysia	East Asia & Pacific	1
#F8766D	3.349	1994	Malaysia	114	Malaysia	East Asia & Pacific	1
#F8766D	3.301	1995	Malaysia	114	Malaysia	East Asia & Pacific	1
#F8766D	3.253	1996	Malaysia	114	Malaysia	East Asia & Pacific	1
#F8766D	3.204	1997	Malaysia	114	Malaysia	East Asia & Pacific	1
#F8766D	3.157	1998	Malaysia	114	Malaysia	East Asia & Pacific	1
#F8766D	3.11	1999	Malaysia	114	Malaysia	East Asia & Pacific	1
#F8766D	3.065	2000	Malaysia	114	Malaysia	East Asia & Pacific	1
#F8766D	3.02	2001	Malaysia	114	Malaysia	East Asia & Pacific	1
#F8766D	2.973	2002	Malaysia	114	Malaysia	East Asia & Pacific	1
#F8766D	2.926	2003	Malaysia	114	Malaysia	East Asia & Pacific	1
#F8766D	2.878	2004	Malaysia	114	Malaysia	East Asia & Pacific	1
#F8766D	2.83	2005	Malaysia	114	Malaysia	East Asia & Pacific	1
#F8766D	2.784	2006	Malaysia	114	Malaysia	East Asia & Pacific	1
#F8766D	2.741	2007	Malaysia	114	Malaysia	East Asia & Pacific	1
#F8766D	2.702	2008	Malaysia	114	Malaysia	East Asia & Pacific	1
#F8766D	2.666	2009	Malaysia	114	Malaysia	East Asia & Pacific	1
#F8766D	2.635	2010	Malaysia	114	Malaysia	East Asia & Pacific	1
#F8766D	2.607	2011	Malaysia	114	Malaysia	East Asia & Pacific	1
#FB61D7	6.6	1960	Mozambique	127	Mozambique	Sub-Saharan Africa	1
#FB61D7	6.6	1961	Mozambique	127	Mozambique	Sub-Saharan Africa	1
#FB61D7	6.601	1962	Mozambique	127	Mozambique	Sub-Saharan Africa	1
#FB61D7	6.601	1963	Mozambique	127	Mozambique	Sub-Saharan Africa	1
#FB61D7	6.602	1964	Mozambique	127	Mozambique	Sub-Saharan Africa	1
#FB61D7	6.602	1965	Mozambique	127	Mozambique	Sub-Saharan Africa	1
#FB61D7	6.602	1966	Mozambique	127	Mozambique	Sub-Saharan Africa	1
#FB61D7	6.601	1967	Mozambique	127	Mozambique	Sub-Saharan Africa	1
#FB61D7	6.599	1968	Mozambique	127	Mozambique	Sub-Saharan Africa	1
#FB61D7	6.596	1969	Mozambique	127	Mozambique	Sub-Saharan Africa	1
#FB61D7	6.591	1970	Mozambique	127	Mozambique	Sub-Saharan Africa	1
#FB61D7	6.586	1971	Mozambique	127	Mozambique	Sub-Saharan Africa	1
#FB61D7	6.58	1972	Mozambique	127	Mozambique	Sub-Saharan Africa	1
#FB61D7	6.572	1973	Mozambique	127	Mozambique	Sub-Saharan Africa	1
#FB61D7	6.564	1974	Mozambique	127	Mozambique	Sub-Saharan Africa	1
#FB61D7	6.554	1975	Mozambique	127	Mozambique	Sub-Saharan Africa	1
#FB61D7	6.544	1976	Mozambique	127	Mozambique	Sub-Saharan Africa	1
#FB61D7	6.532	1977	Mozambique	127	Mozambique	Sub-Saharan Africa	1
#FB61D7	6.519	1978	Mozambique	127	Mozambique	Sub-Saharan Africa	1
#FB61D7	6.505	1979	Mozambique	127	Mozambique	Sub-Saharan Africa	1
#FB61D7	6.49	1980	Mozambique	127	Mozambique	Sub-Saharan Africa	1
#FB61D7	6.474	1981	Mozambique	127	Mozambique	Sub-Saharan Africa	1
#FB61D7	6.457	1982	Mozambique	127	Mozambique	Sub-Saharan Africa	1
#FB61D7	6.439	1983	Mozambique	127	Mozambique	Sub-Saharan Africa	1
#FB61D7	6.42	1984	Mozambique	127	Mozambique	Sub-Saharan Africa	1
#FB61D7	6.398	1985	Mozambique	127	Mozambique	Sub-Saharan Africa	1
#FB61D7	6.373	1986	Mozambique	127	Mozambique	Sub-Saharan Africa	1
#FB61D7	6.345	1987	Mozambique	127	Mozambique	Sub-Saharan Africa	1
#FB61D7	6.313	1988	Mozambique	127	Mozambique	Sub-Saharan Africa	1
#FB61D7	6.277	1989	Mozambique	127	Mozambique	Sub-Saharan Africa	1
#FB61D7	6.237	1990	Mozambique	127	Mozambique	Sub-Saharan Africa	1
#FB61D7	6.194	1991	Mozambique	127	Mozambique	Sub-Saharan Africa	1
#FB61D7	6.147	1992	Mozambique	127	Mozambique	Sub-Saharan Africa	1
#FB61D7	6.098	1993	Mozambique	127	Mozambique	Sub-Saharan Africa	1
#FB61D7	6.046	1994	Mozambique	127	Mozambique	Sub-Saharan Africa	1
#FB61D7	5.993	1995	Mozambique	127	Mozambique	Sub-Saharan Africa	1
#FB61D7	5.937	1996	Mozambique	127	Mozambique	Sub-Saharan Africa	1
#FB61D7	5.879	1997	Mozambique	127	Mozambique	Sub-Saharan Africa	1
#FB61D7	5.82	1998	Mozambique	127	Mozambique	Sub-Saharan Africa	1
#FB61D7	5.758	1999	Mozambique	127	Mozambique	Sub-Saharan Africa	1
#FB61D7	5.693	2000	Mozambique	127	Mozambique	Sub-Saharan Africa	1
#FB61D7	5.625	2001	Mozambique	127	Mozambique	Sub-Saharan Africa	1
#FB61D7	5.554	2002	Mozambique	127	Mozambique	Sub-Saharan Africa	1
#FB61D7	5.479	2003	Mozambique	127	Mozambique	Sub-Saharan Africa	1
#FB61D7	5.402	2004	Mozambique	127	Mozambique	Sub-Saharan Africa	1
#FB61D7	5.322	2005	Mozambique	127	Mozambique	Sub-Saharan Africa	1
#FB61D7	5.24	2006	Mozambique	127	Mozambique	Sub-Saharan Africa	1
#FB61D7	5.157	2007	Mozambique	127	Mozambique	Sub-Saharan Africa	1
#FB61D7	5.075	2008	Mozambique	127	Mozambique	Sub-Saharan Africa	1
#FB61D7	4.993	2009	Mozambique	127	Mozambique	Sub-Saharan Africa	1
#FB61D7	4.912	2010	Mozambique	127	Mozambique	Sub-Saharan Africa	1
#FB61D7	4.832	2011	Mozambique	127	Mozambique	Sub-Saharan Africa	1
#FB61D7	6.149	1960	Namibia	129	Namibia	Sub-Saharan Africa	1
#FB61D7	6.167	1961	Namibia	129	Namibia	Sub-Saharan Africa	1
#FB61D7	6.184	1962	Namibia	129	Namibia	Sub-Saharan Africa	1
#FB61D7	6.199	1963	Namibia	129	Namibia	Sub-Saharan Africa	1
#FB61D7	6.216	1964	Namibia	129	Namibia	Sub-Saharan Africa	1
#FB61D7	6.236	1965	Namibia	129	Namibia	Sub-Saharan Africa	1
#FB61D7	6.263	1966	Namibia	129	Namibia	Sub-Saharan Africa	1
#FB61D7	6.301	1967	Namibia	129	Namibia	Sub-Saharan Africa	1
#FB61D7	6.347	1968	Namibia	129	Namibia	Sub-Saharan Africa	1
#FB61D7	6.401	1969	Namibia	129	Namibia	Sub-Saharan Africa	1
#FB61D7	6.459	1970	Namibia	129	Namibia	Sub-Saharan Africa	1
#FB61D7	6.517	1971	Namibia	129	Namibia	Sub-Saharan Africa	1
#FB61D7	6.57	1972	Namibia	129	Namibia	Sub-Saharan Africa	1
#FB61D7	6.613	1973	Namibia	129	Namibia	Sub-Saharan Africa	1
#FB61D7	6.642	1974	Namibia	129	Namibia	Sub-Saharan Africa	1
#FB61D7	6.654	1975	Namibia	129	Namibia	Sub-Saharan Africa	1
#FB61D7	6.647	1976	Namibia	129	Namibia	Sub-Saharan Africa	1
#FB61D7	6.622	1977	Namibia	129	Namibia	Sub-Saharan Africa	1
#FB61D7	6.581	1978	Namibia	129	Namibia	Sub-Saharan Africa	1
#FB61D7	6.524	1979	Namibia	129	Namibia	Sub-Saharan Africa	1
#FB61D7	6.451	1980	Namibia	129	Namibia	Sub-Saharan Africa	1
#FB61D7	6.362	1981	Namibia	129	Namibia	Sub-Saharan Africa	1
#FB61D7	6.259	1982	Namibia	129	Namibia	Sub-Saharan Africa	1
#FB61D7	6.145	1983	Namibia	129	Namibia	Sub-Saharan Africa	1
#FB61D7	6.022	1984	Namibia	129	Namibia	Sub-Saharan Africa	1
#FB61D7	5.893	1985	Namibia	129	Namibia	Sub-Saharan Africa	1
#FB61D7	5.76	1986	Namibia	129	Namibia	Sub-Saharan Africa	1
#FB61D7	5.625	1987	Namibia	129	Namibia	Sub-Saharan Africa	1
#FB61D7	5.491	1988	Namibia	129	Namibia	Sub-Saharan Africa	1
#FB61D7	5.358	1989	Namibia	129	Namibia	Sub-Saharan Africa	1
#FB61D7	5.227	1990	Namibia	129	Namibia	Sub-Saharan Africa	1
#FB61D7	5.098	1991	Namibia	129	Namibia	Sub-Saharan Africa	1
#FB61D7	4.97	1992	Namibia	129	Namibia	Sub-Saharan Africa	1
#FB61D7	4.842	1993	Namibia	129	Namibia	Sub-Saharan Africa	1
#FB61D7	4.715	1994	Namibia	129	Namibia	Sub-Saharan Africa	1
#FB61D7	4.59	1995	Namibia	129	Namibia	Sub-Saharan Africa	1
#FB61D7	4.469	1996	Namibia	129	Namibia	Sub-Saharan Africa	1
#FB61D7	4.351	1997	Namibia	129	Namibia	Sub-Saharan Africa	1
#FB61D7	4.24	1998	Namibia	129	Namibia	Sub-Saharan Africa	1
#FB61D7	4.134	1999	Namibia	129	Namibia	Sub-Saharan Africa	1
#FB61D7	4.033	2000	Namibia	129	Namibia	Sub-Saharan Africa	1
#FB61D7	3.938	2001	Namibia	129	Namibia	Sub-Saharan Africa	1
#FB61D7	3.848	2002	Namibia	129	Namibia	Sub-Saharan Africa	1
#FB61D7	3.76	2003	Namibia	129	Namibia	Sub-Saharan Africa	1
#FB61D7	3.675	2004	Namibia	129	Namibia	Sub-Saharan Africa	1
#FB61D7	3.593	2005	Namibia	129	Namibia	Sub-Saharan Africa	1
#FB61D7	3.513	2006	Namibia	129	Namibia	Sub-Saharan Africa	1
#FB61D7	3.436	2007	Namibia	129	Namibia	Sub-Saharan Africa	1
#FB61D7	3.36	2008	Namibia	129	Namibia	Sub-Saharan Africa	1
#FB61D7	3.288	2009	Namibia	129	Namibia	Sub-Saharan Africa	1
#FB61D7	3.217	2010	Namibia	129	Namibia	Sub-Saharan Africa	1
#FB61D7	3.15	2011	Namibia	129	Namibia	Sub-Saharan Africa	1
#F8766D	6.278	1960	New Caledonia	132	New Caledonia	East Asia & Pacific	1
#F8766D	6.144	1961	New Caledonia	132	New Caledonia	East Asia & Pacific	1
#F8766D	6.01	1962	New Caledonia	132	New Caledonia	East Asia & Pacific	1
#F8766D	5.8733333333	1963	New Caledonia	132	New Caledonia	East Asia & Pacific	1
#F8766D	5.7366666667	1964	New Caledonia	132	New Caledonia	East Asia & Pacific	1
#F8766D	5.6	1965	New Caledonia	132	New Caledonia	East Asia & Pacific	1
#F8766D	5.385	1966	New Caledonia	132	New Caledonia	East Asia & Pacific	1
#F8766D	5.17	1967	New Caledonia	132	New Caledonia	East Asia & Pacific	1
#F8766D	4.88	1968	New Caledonia	132	New Caledonia	East Asia & Pacific	1
#F8766D	4.59	1969	New Caledonia	132	New Caledonia	East Asia & Pacific	1
#F8766D	4.3	1970	New Caledonia	132	New Caledonia	East Asia & Pacific	1
#F8766D	4.1757142857	1971	New Caledonia	132	New Caledonia	East Asia & Pacific	1
#F8766D	4.0514285714	1972	New Caledonia	132	New Caledonia	East Asia & Pacific	1
#F8766D	3.9271428571	1973	New Caledonia	132	New Caledonia	East Asia & Pacific	1
#F8766D	3.8028571429	1974	New Caledonia	132	New Caledonia	East Asia & Pacific	1
#F8766D	3.6785714286	1975	New Caledonia	132	New Caledonia	East Asia & Pacific	1
#F8766D	3.5542857143	1976	New Caledonia	132	New Caledonia	East Asia & Pacific	1
#F8766D	3.43	1977	New Caledonia	132	New Caledonia	East Asia & Pacific	1
#F8766D	3.372	1978	New Caledonia	132	New Caledonia	East Asia & Pacific	1
#F8766D	3.314	1979	New Caledonia	132	New Caledonia	East Asia & Pacific	1
#F8766D	3.256	1980	New Caledonia	132	New Caledonia	East Asia & Pacific	1
#F8766D	3.198	1981	New Caledonia	132	New Caledonia	East Asia & Pacific	1
#F8766D	3.14	1982	New Caledonia	132	New Caledonia	East Asia & Pacific	1
#F8766D	3.0933333333	1983	New Caledonia	132	New Caledonia	East Asia & Pacific	1
#F8766D	3.0466666667	1984	New Caledonia	132	New Caledonia	East Asia & Pacific	1
#F8766D	3	1985	New Caledonia	132	New Caledonia	East Asia & Pacific	1
#F8766D	3.025	1986	New Caledonia	132	New Caledonia	East Asia & Pacific	1
#F8766D	3.05	1987	New Caledonia	132	New Caledonia	East Asia & Pacific	1
#F8766D	3.0966666667	1988	New Caledonia	132	New Caledonia	East Asia & Pacific	1
#F8766D	3.1433333333	1989	New Caledonia	132	New Caledonia	East Asia & Pacific	1
#F8766D	3.19	1990	New Caledonia	132	New Caledonia	East Asia & Pacific	1
#F8766D	3.02	1991	New Caledonia	132	New Caledonia	East Asia & Pacific	1
#F8766D	2.85	1992	New Caledonia	132	New Caledonia	East Asia & Pacific	1
#F8766D	2.7633333333	1993	New Caledonia	132	New Caledonia	East Asia & Pacific	1
#F8766D	2.6766666667	1994	New Caledonia	132	New Caledonia	East Asia & Pacific	1
#F8766D	2.59	1995	New Caledonia	132	New Caledonia	East Asia & Pacific	1
#F8766D	2.645	1996	New Caledonia	132	New Caledonia	East Asia & Pacific	1
#F8766D	2.7	1997	New Caledonia	132	New Caledonia	East Asia & Pacific	1
#F8766D	2.6766666667	1998	New Caledonia	132	New Caledonia	East Asia & Pacific	1
#F8766D	2.6533333333	1999	New Caledonia	132	New Caledonia	East Asia & Pacific	1
#F8766D	2.63	2000	New Caledonia	132	New Caledonia	East Asia & Pacific	1
#F8766D	2.47	2001	New Caledonia	132	New Caledonia	East Asia & Pacific	1
#F8766D	2.37	2002	New Caledonia	132	New Caledonia	East Asia & Pacific	1
#F8766D	2.3	2003	New Caledonia	132	New Caledonia	East Asia & Pacific	1
#F8766D	2.18	2004	New Caledonia	132	New Caledonia	East Asia & Pacific	1
#F8766D	2.2	2005	New Caledonia	132	New Caledonia	East Asia & Pacific	1
#F8766D	2.29	2006	New Caledonia	132	New Caledonia	East Asia & Pacific	1
#F8766D	2.2	2007	New Caledonia	132	New Caledonia	East Asia & Pacific	1
#F8766D	2.166	2008	New Caledonia	132	New Caledonia	East Asia & Pacific	1
#F8766D	2.2	2009	New Caledonia	132	New Caledonia	East Asia & Pacific	1
#F8766D	2.141	2010	New Caledonia	132	New Caledonia	East Asia & Pacific	1
#F8766D	2.122	2011	New Caledonia	132	New Caledonia	East Asia & Pacific	1
#FB61D7	7.039	1960	Niger	135	Niger	Sub-Saharan Africa	1
#FB61D7	7.073	1961	Niger	135	Niger	Sub-Saharan Africa	1
#FB61D7	7.109	1962	Niger	135	Niger	Sub-Saharan Africa	1
#FB61D7	7.145	1963	Niger	135	Niger	Sub-Saharan Africa	1
#FB61D7	7.183	1964	Niger	135	Niger	Sub-Saharan Africa	1
#FB61D7	7.221	1965	Niger	135	Niger	Sub-Saharan Africa	1
#FB61D7	7.26	1966	Niger	135	Niger	Sub-Saharan Africa	1
#FB61D7	7.3	1967	Niger	135	Niger	Sub-Saharan Africa	1
#FB61D7	7.341	1968	Niger	135	Niger	Sub-Saharan Africa	1
#FB61D7	7.382	1969	Niger	135	Niger	Sub-Saharan Africa	1
#FB61D7	7.423	1970	Niger	135	Niger	Sub-Saharan Africa	1
#FB61D7	7.46	1971	Niger	135	Niger	Sub-Saharan Africa	1
#FB61D7	7.495	1972	Niger	135	Niger	Sub-Saharan Africa	1
#FB61D7	7.526	1973	Niger	135	Niger	Sub-Saharan Africa	1
#FB61D7	7.554	1974	Niger	135	Niger	Sub-Saharan Africa	1
#FB61D7	7.579	1975	Niger	135	Niger	Sub-Saharan Africa	1
#FB61D7	7.602	1976	Niger	135	Niger	Sub-Saharan Africa	1
#FB61D7	7.626	1977	Niger	135	Niger	Sub-Saharan Africa	1
#FB61D7	7.65	1978	Niger	135	Niger	Sub-Saharan Africa	1
#FB61D7	7.675	1979	Niger	135	Niger	Sub-Saharan Africa	1
#FB61D7	7.7	1980	Niger	135	Niger	Sub-Saharan Africa	1
#FB61D7	7.725	1981	Niger	135	Niger	Sub-Saharan Africa	1
#FB61D7	7.748	1982	Niger	135	Niger	Sub-Saharan Africa	1
#FB61D7	7.768	1983	Niger	135	Niger	Sub-Saharan Africa	1
#FB61D7	7.785	1984	Niger	135	Niger	Sub-Saharan Africa	1
#FB61D7	7.797	1985	Niger	135	Niger	Sub-Saharan Africa	1
#FB61D7	7.807	1986	Niger	135	Niger	Sub-Saharan Africa	1
#FB61D7	7.813	1987	Niger	135	Niger	Sub-Saharan Africa	1
#FB61D7	7.817	1988	Niger	135	Niger	Sub-Saharan Africa	1
#FB61D7	7.817	1989	Niger	135	Niger	Sub-Saharan Africa	1
#FB61D7	7.813	1990	Niger	135	Niger	Sub-Saharan Africa	1
#FB61D7	7.803	1991	Niger	135	Niger	Sub-Saharan Africa	1
#FB61D7	7.787	1992	Niger	135	Niger	Sub-Saharan Africa	1
#FB61D7	7.766	1993	Niger	135	Niger	Sub-Saharan Africa	1
#FB61D7	7.738	1994	Niger	135	Niger	Sub-Saharan Africa	1
#FB61D7	7.706	1995	Niger	135	Niger	Sub-Saharan Africa	1
#FB61D7	7.669	1996	Niger	135	Niger	Sub-Saharan Africa	1
#FB61D7	7.629	1997	Niger	135	Niger	Sub-Saharan Africa	1
#FB61D7	7.587	1998	Niger	135	Niger	Sub-Saharan Africa	1
#FB61D7	7.545	1999	Niger	135	Niger	Sub-Saharan Africa	1
#FB61D7	7.503	2000	Niger	135	Niger	Sub-Saharan Africa	1
#FB61D7	7.462	2001	Niger	135	Niger	Sub-Saharan Africa	1
#FB61D7	7.421	2002	Niger	135	Niger	Sub-Saharan Africa	1
#FB61D7	7.381	2003	Niger	135	Niger	Sub-Saharan Africa	1
#FB61D7	7.341	2004	Niger	135	Niger	Sub-Saharan Africa	1
#FB61D7	7.3	2005	Niger	135	Niger	Sub-Saharan Africa	1
#FB61D7	7.258	2006	Niger	135	Niger	Sub-Saharan Africa	1
#FB61D7	7.213	2007	Niger	135	Niger	Sub-Saharan Africa	1
#FB61D7	7.165	2008	Niger	135	Niger	Sub-Saharan Africa	1
#FB61D7	7.115	2009	Niger	135	Niger	Sub-Saharan Africa	1
#FB61D7	7.063	2010	Niger	135	Niger	Sub-Saharan Africa	1
#FB61D7	7.012	2011	Niger	135	Niger	Sub-Saharan Africa	1
#FB61D7	6.354	1960	Nigeria	136	Nigeria	Sub-Saharan Africa	1
#FB61D7	6.351	1961	Nigeria	136	Nigeria	Sub-Saharan Africa	1
#FB61D7	6.346	1962	Nigeria	136	Nigeria	Sub-Saharan Africa	1
#FB61D7	6.341	1963	Nigeria	136	Nigeria	Sub-Saharan Africa	1
#FB61D7	6.336	1964	Nigeria	136	Nigeria	Sub-Saharan Africa	1
#FB61D7	6.335	1965	Nigeria	136	Nigeria	Sub-Saharan Africa	1
#FB61D7	6.342	1966	Nigeria	136	Nigeria	Sub-Saharan Africa	1
#FB61D7	6.359	1967	Nigeria	136	Nigeria	Sub-Saharan Africa	1
#FB61D7	6.387	1968	Nigeria	136	Nigeria	Sub-Saharan Africa	1
#FB61D7	6.425	1969	Nigeria	136	Nigeria	Sub-Saharan Africa	1
#FB61D7	6.471	1970	Nigeria	136	Nigeria	Sub-Saharan Africa	1
#FB61D7	6.522	1971	Nigeria	136	Nigeria	Sub-Saharan Africa	1
#FB61D7	6.575	1972	Nigeria	136	Nigeria	Sub-Saharan Africa	1
#FB61D7	6.625	1973	Nigeria	136	Nigeria	Sub-Saharan Africa	1
#FB61D7	6.669	1974	Nigeria	136	Nigeria	Sub-Saharan Africa	1
#FB61D7	6.706	1975	Nigeria	136	Nigeria	Sub-Saharan Africa	1
#FB61D7	6.735	1976	Nigeria	136	Nigeria	Sub-Saharan Africa	1
#FB61D7	6.758	1977	Nigeria	136	Nigeria	Sub-Saharan Africa	1
#FB61D7	6.775	1978	Nigeria	136	Nigeria	Sub-Saharan Africa	1
#FB61D7	6.785	1979	Nigeria	136	Nigeria	Sub-Saharan Africa	1
#FB61D7	6.787	1980	Nigeria	136	Nigeria	Sub-Saharan Africa	1
#FB61D7	6.782	1981	Nigeria	136	Nigeria	Sub-Saharan Africa	1
#FB61D7	6.768	1982	Nigeria	136	Nigeria	Sub-Saharan Africa	1
#FB61D7	6.747	1983	Nigeria	136	Nigeria	Sub-Saharan Africa	1
#FB61D7	6.718	1984	Nigeria	136	Nigeria	Sub-Saharan Africa	1
#FB61D7	6.682	1985	Nigeria	136	Nigeria	Sub-Saharan Africa	1
#FB61D7	6.637	1986	Nigeria	136	Nigeria	Sub-Saharan Africa	1
#FB61D7	6.585	1987	Nigeria	136	Nigeria	Sub-Saharan Africa	1
#FB61D7	6.527	1988	Nigeria	136	Nigeria	Sub-Saharan Africa	1
#FB61D7	6.464	1989	Nigeria	136	Nigeria	Sub-Saharan Africa	1
#FB61D7	6.399	1990	Nigeria	136	Nigeria	Sub-Saharan Africa	1
#FB61D7	6.334	1991	Nigeria	136	Nigeria	Sub-Saharan Africa	1
#FB61D7	6.27	1992	Nigeria	136	Nigeria	Sub-Saharan Africa	1
#FB61D7	6.209	1993	Nigeria	136	Nigeria	Sub-Saharan Africa	1
#FB61D7	6.152	1994	Nigeria	136	Nigeria	Sub-Saharan Africa	1
#FB61D7	6.099	1995	Nigeria	136	Nigeria	Sub-Saharan Africa	1
#FB61D7	6.051	1996	Nigeria	136	Nigeria	Sub-Saharan Africa	1
#FB61D7	6.006	1997	Nigeria	136	Nigeria	Sub-Saharan Africa	1
#FB61D7	5.963	1998	Nigeria	136	Nigeria	Sub-Saharan Africa	1
#FB61D7	5.922	1999	Nigeria	136	Nigeria	Sub-Saharan Africa	1
#FB61D7	5.883	2000	Nigeria	136	Nigeria	Sub-Saharan Africa	1
#FB61D7	5.845	2001	Nigeria	136	Nigeria	Sub-Saharan Africa	1
#FB61D7	5.809	2002	Nigeria	136	Nigeria	Sub-Saharan Africa	1
#FB61D7	5.772	2003	Nigeria	136	Nigeria	Sub-Saharan Africa	1
#FB61D7	5.736	2004	Nigeria	136	Nigeria	Sub-Saharan Africa	1
#FB61D7	5.701	2005	Nigeria	136	Nigeria	Sub-Saharan Africa	1
#FB61D7	5.665	2006	Nigeria	136	Nigeria	Sub-Saharan Africa	1
#FB61D7	5.63	2007	Nigeria	136	Nigeria	Sub-Saharan Africa	1
#FB61D7	5.595	2008	Nigeria	136	Nigeria	Sub-Saharan Africa	1
#FB61D7	5.56	2009	Nigeria	136	Nigeria	Sub-Saharan Africa	1
#FB61D7	5.525	2010	Nigeria	136	Nigeria	Sub-Saharan Africa	1
#FB61D7	5.489	2011	Nigeria	136	Nigeria	Sub-Saharan Africa	1
#53B400	7.336	1960	Nicaragua	134	Nicaragua	Latin America & Caribbean	1
#53B400	7.257	1961	Nicaragua	134	Nicaragua	Latin America & Caribbean	1
#53B400	7.179	1962	Nicaragua	134	Nicaragua	Latin America & Caribbean	1
#53B400	7.109	1963	Nicaragua	134	Nicaragua	Latin America & Caribbean	1
#53B400	7.052	1964	Nicaragua	134	Nicaragua	Latin America & Caribbean	1
#53B400	7.01	1965	Nicaragua	134	Nicaragua	Latin America & Caribbean	1
#53B400	6.981	1966	Nicaragua	134	Nicaragua	Latin America & Caribbean	1
#53B400	6.961	1967	Nicaragua	134	Nicaragua	Latin America & Caribbean	1
#53B400	6.941	1968	Nicaragua	134	Nicaragua	Latin America & Caribbean	1
#53B400	6.919	1969	Nicaragua	134	Nicaragua	Latin America & Caribbean	1
#53B400	6.892	1970	Nicaragua	134	Nicaragua	Latin America & Caribbean	1
#53B400	6.855	1971	Nicaragua	134	Nicaragua	Latin America & Caribbean	1
#53B400	6.807	1972	Nicaragua	134	Nicaragua	Latin America & Caribbean	1
#53B400	6.748	1973	Nicaragua	134	Nicaragua	Latin America & Caribbean	1
#53B400	6.678	1974	Nicaragua	134	Nicaragua	Latin America & Caribbean	1
#53B400	6.597	1975	Nicaragua	134	Nicaragua	Latin America & Caribbean	1
#53B400	6.51	1976	Nicaragua	134	Nicaragua	Latin America & Caribbean	1
#53B400	6.42	1977	Nicaragua	134	Nicaragua	Latin America & Caribbean	1
#53B400	6.327	1978	Nicaragua	134	Nicaragua	Latin America & Caribbean	1
#53B400	6.232	1979	Nicaragua	134	Nicaragua	Latin America & Caribbean	1
#53B400	6.131	1980	Nicaragua	134	Nicaragua	Latin America & Caribbean	1
#53B400	6.018	1981	Nicaragua	134	Nicaragua	Latin America & Caribbean	1
#53B400	5.89	1982	Nicaragua	134	Nicaragua	Latin America & Caribbean	1
#53B400	5.746	1983	Nicaragua	134	Nicaragua	Latin America & Caribbean	1
#53B400	5.589	1984	Nicaragua	134	Nicaragua	Latin America & Caribbean	1
#53B400	5.426	1985	Nicaragua	134	Nicaragua	Latin America & Caribbean	1
#53B400	5.267	1986	Nicaragua	134	Nicaragua	Latin America & Caribbean	1
#53B400	5.118	1987	Nicaragua	134	Nicaragua	Latin America & Caribbean	1
#53B400	4.985	1988	Nicaragua	134	Nicaragua	Latin America & Caribbean	1
#53B400	4.865	1989	Nicaragua	134	Nicaragua	Latin America & Caribbean	1
#53B400	4.754	1990	Nicaragua	134	Nicaragua	Latin America & Caribbean	1
#53B400	4.642	1991	Nicaragua	134	Nicaragua	Latin America & Caribbean	1
#53B400	4.519	1992	Nicaragua	134	Nicaragua	Latin America & Caribbean	1
#53B400	4.381	1993	Nicaragua	134	Nicaragua	Latin America & Caribbean	1
#53B400	4.225	1994	Nicaragua	134	Nicaragua	Latin America & Caribbean	1
#53B400	4.055	1995	Nicaragua	134	Nicaragua	Latin America & Caribbean	1
#53B400	3.878	1996	Nicaragua	134	Nicaragua	Latin America & Caribbean	1
#53B400	3.702	1997	Nicaragua	134	Nicaragua	Latin America & Caribbean	1
#53B400	3.535	1998	Nicaragua	134	Nicaragua	Latin America & Caribbean	1
#53B400	3.384	1999	Nicaragua	134	Nicaragua	Latin America & Caribbean	1
#53B400	3.251	2000	Nicaragua	134	Nicaragua	Latin America & Caribbean	1
#53B400	3.139	2001	Nicaragua	134	Nicaragua	Latin America & Caribbean	1
#53B400	3.046	2002	Nicaragua	134	Nicaragua	Latin America & Caribbean	1
#53B400	2.968	2003	Nicaragua	134	Nicaragua	Latin America & Caribbean	1
#53B400	2.904	2004	Nicaragua	134	Nicaragua	Latin America & Caribbean	1
#53B400	2.85	2005	Nicaragua	134	Nicaragua	Latin America & Caribbean	1
#53B400	2.803	2006	Nicaragua	134	Nicaragua	Latin America & Caribbean	1
#53B400	2.759	2007	Nicaragua	134	Nicaragua	Latin America & Caribbean	1
#53B400	2.715	2008	Nicaragua	134	Nicaragua	Latin America & Caribbean	1
#53B400	2.67	2009	Nicaragua	134	Nicaragua	Latin America & Caribbean	1
#53B400	2.622	2010	Nicaragua	134	Nicaragua	Latin America & Caribbean	1
#53B400	2.573	2011	Nicaragua	134	Nicaragua	Latin America & Caribbean	1
#C49A00	3.122	1960	Netherlands	131	Netherlands	Europe & Central Asia	1
#C49A00	3.217	1961	Netherlands	131	Netherlands	Europe & Central Asia	1
#C49A00	3.176	1962	Netherlands	131	Netherlands	Europe & Central Asia	1
#C49A00	3.193	1963	Netherlands	131	Netherlands	Europe & Central Asia	1
#C49A00	3.166	1964	Netherlands	131	Netherlands	Europe & Central Asia	1
#C49A00	3.039	1965	Netherlands	131	Netherlands	Europe & Central Asia	1
#C49A00	2.903	1966	Netherlands	131	Netherlands	Europe & Central Asia	1
#C49A00	2.814	1967	Netherlands	131	Netherlands	Europe & Central Asia	1
#C49A00	2.716	1968	Netherlands	131	Netherlands	Europe & Central Asia	1
#C49A00	2.748	1969	Netherlands	131	Netherlands	Europe & Central Asia	1
#C49A00	2.572	1970	Netherlands	131	Netherlands	Europe & Central Asia	1
#C49A00	2.362	1971	Netherlands	131	Netherlands	Europe & Central Asia	1
#C49A00	2.151	1972	Netherlands	131	Netherlands	Europe & Central Asia	1
#C49A00	1.904	1973	Netherlands	131	Netherlands	Europe & Central Asia	1
#C49A00	1.773	1974	Netherlands	131	Netherlands	Europe & Central Asia	1
#C49A00	1.664	1975	Netherlands	131	Netherlands	Europe & Central Asia	1
#C49A00	1.632	1976	Netherlands	131	Netherlands	Europe & Central Asia	1
#C49A00	1.579	1977	Netherlands	131	Netherlands	Europe & Central Asia	1
#C49A00	1.583	1978	Netherlands	131	Netherlands	Europe & Central Asia	1
#C49A00	1.563	1979	Netherlands	131	Netherlands	Europe & Central Asia	1
#C49A00	1.602	1980	Netherlands	131	Netherlands	Europe & Central Asia	1
#C49A00	1.563	1981	Netherlands	131	Netherlands	Europe & Central Asia	1
#C49A00	1.495	1982	Netherlands	131	Netherlands	Europe & Central Asia	1
#C49A00	1.468	1983	Netherlands	131	Netherlands	Europe & Central Asia	1
#C49A00	1.491	1984	Netherlands	131	Netherlands	Europe & Central Asia	1
#C49A00	1.511	1985	Netherlands	131	Netherlands	Europe & Central Asia	1
#C49A00	1.553	1986	Netherlands	131	Netherlands	Europe & Central Asia	1
#C49A00	1.558	1987	Netherlands	131	Netherlands	Europe & Central Asia	1
#C49A00	1.55	1988	Netherlands	131	Netherlands	Europe & Central Asia	1
#C49A00	1.55	1989	Netherlands	131	Netherlands	Europe & Central Asia	1
#C49A00	1.62	1990	Netherlands	131	Netherlands	Europe & Central Asia	1
#C49A00	1.61	1991	Netherlands	131	Netherlands	Europe & Central Asia	1
#C49A00	1.59	1992	Netherlands	131	Netherlands	Europe & Central Asia	1
#C49A00	1.57	1993	Netherlands	131	Netherlands	Europe & Central Asia	1
#C49A00	1.57	1994	Netherlands	131	Netherlands	Europe & Central Asia	1
#C49A00	1.53	1995	Netherlands	131	Netherlands	Europe & Central Asia	1
#C49A00	1.53	1996	Netherlands	131	Netherlands	Europe & Central Asia	1
#C49A00	1.53	1997	Netherlands	131	Netherlands	Europe & Central Asia	1
#C49A00	1.63	1998	Netherlands	131	Netherlands	Europe & Central Asia	1
#C49A00	1.65	1999	Netherlands	131	Netherlands	Europe & Central Asia	1
#C49A00	1.72	2000	Netherlands	131	Netherlands	Europe & Central Asia	1
#C49A00	1.71	2001	Netherlands	131	Netherlands	Europe & Central Asia	1
#C49A00	1.73	2002	Netherlands	131	Netherlands	Europe & Central Asia	1
#C49A00	1.75	2003	Netherlands	131	Netherlands	Europe & Central Asia	1
#C49A00	1.72	2004	Netherlands	131	Netherlands	Europe & Central Asia	1
#C49A00	1.71	2005	Netherlands	131	Netherlands	Europe & Central Asia	1
#C49A00	1.72	2006	Netherlands	131	Netherlands	Europe & Central Asia	1
#C49A00	1.72	2007	Netherlands	131	Netherlands	Europe & Central Asia	1
#C49A00	1.77	2008	Netherlands	131	Netherlands	Europe & Central Asia	1
#C49A00	1.79	2009	Netherlands	131	Netherlands	Europe & Central Asia	1
#C49A00	1.79	2010	Netherlands	131	Netherlands	Europe & Central Asia	1
#C49A00	1.76	2011	Netherlands	131	Netherlands	Europe & Central Asia	1
#C49A00	2.846	1960	Norway	137	Norway	Europe & Central Asia	1
#C49A00	2.913	1961	Norway	137	Norway	Europe & Central Asia	1
#C49A00	2.887	1962	Norway	137	Norway	Europe & Central Asia	1
#C49A00	2.906	1963	Norway	137	Norway	Europe & Central Asia	1
#C49A00	2.964	1964	Norway	137	Norway	Europe & Central Asia	1
#C49A00	2.932	1965	Norway	137	Norway	Europe & Central Asia	1
#C49A00	2.893	1966	Norway	137	Norway	Europe & Central Asia	1
#C49A00	2.8	1967	Norway	137	Norway	Europe & Central Asia	1
#C49A00	2.75	1968	Norway	137	Norway	Europe & Central Asia	1
#C49A00	2.699	1969	Norway	137	Norway	Europe & Central Asia	1
#C49A00	2.503	1970	Norway	137	Norway	Europe & Central Asia	1
#C49A00	2.498	1971	Norway	137	Norway	Europe & Central Asia	1
#C49A00	2.372	1972	Norway	137	Norway	Europe & Central Asia	1
#C49A00	2.238	1973	Norway	137	Norway	Europe & Central Asia	1
#C49A00	2.137	1974	Norway	137	Norway	Europe & Central Asia	1
#C49A00	1.991	1975	Norway	137	Norway	Europe & Central Asia	1
#C49A00	1.871	1976	Norway	137	Norway	Europe & Central Asia	1
#C49A00	1.76	1977	Norway	137	Norway	Europe & Central Asia	1
#C49A00	1.775	1978	Norway	137	Norway	Europe & Central Asia	1
#C49A00	1.755	1979	Norway	137	Norway	Europe & Central Asia	1
#C49A00	1.72	1980	Norway	137	Norway	Europe & Central Asia	1
#C49A00	1.7	1981	Norway	137	Norway	Europe & Central Asia	1
#C49A00	1.69	1982	Norway	137	Norway	Europe & Central Asia	1
#C49A00	1.66	1983	Norway	137	Norway	Europe & Central Asia	1
#C49A00	1.66	1984	Norway	137	Norway	Europe & Central Asia	1
#C49A00	1.68	1985	Norway	137	Norway	Europe & Central Asia	1
#C49A00	1.71	1986	Norway	137	Norway	Europe & Central Asia	1
#C49A00	1.8	1987	Norway	137	Norway	Europe & Central Asia	1
#C49A00	1.84	1988	Norway	137	Norway	Europe & Central Asia	1
#C49A00	1.88	1989	Norway	137	Norway	Europe & Central Asia	1
#C49A00	1.93	1990	Norway	137	Norway	Europe & Central Asia	1
#C49A00	1.92	1991	Norway	137	Norway	Europe & Central Asia	1
#C49A00	1.88	1992	Norway	137	Norway	Europe & Central Asia	1
#C49A00	1.86	1993	Norway	137	Norway	Europe & Central Asia	1
#C49A00	1.87	1994	Norway	137	Norway	Europe & Central Asia	1
#C49A00	1.87	1995	Norway	137	Norway	Europe & Central Asia	1
#C49A00	1.89	1996	Norway	137	Norway	Europe & Central Asia	1
#C49A00	1.86	1997	Norway	137	Norway	Europe & Central Asia	1
#C49A00	1.81	1998	Norway	137	Norway	Europe & Central Asia	1
#C49A00	1.85	1999	Norway	137	Norway	Europe & Central Asia	1
#C49A00	1.85	2000	Norway	137	Norway	Europe & Central Asia	1
#C49A00	1.78	2001	Norway	137	Norway	Europe & Central Asia	1
#C49A00	1.75	2002	Norway	137	Norway	Europe & Central Asia	1
#C49A00	1.8	2003	Norway	137	Norway	Europe & Central Asia	1
#C49A00	1.83	2004	Norway	137	Norway	Europe & Central Asia	1
#C49A00	1.84	2005	Norway	137	Norway	Europe & Central Asia	1
#C49A00	1.9	2006	Norway	137	Norway	Europe & Central Asia	1
#C49A00	1.9	2007	Norway	137	Norway	Europe & Central Asia	1
#C49A00	1.96	2008	Norway	137	Norway	Europe & Central Asia	1
#C49A00	1.98	2009	Norway	137	Norway	Europe & Central Asia	1
#C49A00	1.95	2010	Norway	137	Norway	Europe & Central Asia	1
#C49A00	1.88	2011	Norway	137	Norway	Europe & Central Asia	1
#A58AFF	6.103	1960	Nepal	130	Nepal	South Asia	1
#A58AFF	6.103	1961	Nepal	130	Nepal	South Asia	1
#A58AFF	6.102	1962	Nepal	130	Nepal	South Asia	1
#A58AFF	6.1	1963	Nepal	130	Nepal	South Asia	1
#A58AFF	6.097	1964	Nepal	130	Nepal	South Asia	1
#A58AFF	6.094	1965	Nepal	130	Nepal	South Asia	1
#A58AFF	6.089	1966	Nepal	130	Nepal	South Asia	1
#A58AFF	6.085	1967	Nepal	130	Nepal	South Asia	1
#A58AFF	6.079	1968	Nepal	130	Nepal	South Asia	1
#A58AFF	6.073	1969	Nepal	130	Nepal	South Asia	1
#A58AFF	6.065	1970	Nepal	130	Nepal	South Asia	1
#A58AFF	6.055	1971	Nepal	130	Nepal	South Asia	1
#A58AFF	6.043	1972	Nepal	130	Nepal	South Asia	1
#A58AFF	6.029	1973	Nepal	130	Nepal	South Asia	1
#A58AFF	6.011	1974	Nepal	130	Nepal	South Asia	1
#A58AFF	5.99	1975	Nepal	130	Nepal	South Asia	1
#A58AFF	5.965	1976	Nepal	130	Nepal	South Asia	1
#A58AFF	5.938	1977	Nepal	130	Nepal	South Asia	1
#A58AFF	5.907	1978	Nepal	130	Nepal	South Asia	1
#A58AFF	5.872	1979	Nepal	130	Nepal	South Asia	1
#A58AFF	5.834	1980	Nepal	130	Nepal	South Asia	1
#A58AFF	5.791	1981	Nepal	130	Nepal	South Asia	1
#A58AFF	5.744	1982	Nepal	130	Nepal	South Asia	1
#A58AFF	5.692	1983	Nepal	130	Nepal	South Asia	1
#A58AFF	5.635	1984	Nepal	130	Nepal	South Asia	1
#A58AFF	5.573	1985	Nepal	130	Nepal	South Asia	1
#A58AFF	5.507	1986	Nepal	130	Nepal	South Asia	1
#A58AFF	5.435	1987	Nepal	130	Nepal	South Asia	1
#A58AFF	5.359	1988	Nepal	130	Nepal	South Asia	1
#A58AFF	5.279	1989	Nepal	130	Nepal	South Asia	1
#A58AFF	5.194	1990	Nepal	130	Nepal	South Asia	1
#A58AFF	5.104	1991	Nepal	130	Nepal	South Asia	1
#A58AFF	5.01	1992	Nepal	130	Nepal	South Asia	1
#A58AFF	4.912	1993	Nepal	130	Nepal	South Asia	1
#A58AFF	4.809	1994	Nepal	130	Nepal	South Asia	1
#A58AFF	4.701	1995	Nepal	130	Nepal	South Asia	1
#A58AFF	4.589	1996	Nepal	130	Nepal	South Asia	1
#A58AFF	4.472	1997	Nepal	130	Nepal	South Asia	1
#A58AFF	4.35	1998	Nepal	130	Nepal	South Asia	1
#A58AFF	4.224	1999	Nepal	130	Nepal	South Asia	1
#A58AFF	4.091	2000	Nepal	130	Nepal	South Asia	1
#A58AFF	3.949	2001	Nepal	130	Nepal	South Asia	1
#A58AFF	3.798	2002	Nepal	130	Nepal	South Asia	1
#A58AFF	3.641	2003	Nepal	130	Nepal	South Asia	1
#A58AFF	3.48	2004	Nepal	130	Nepal	South Asia	1
#A58AFF	3.321	2005	Nepal	130	Nepal	South Asia	1
#A58AFF	3.171	2006	Nepal	130	Nepal	South Asia	1
#A58AFF	3.034	2007	Nepal	130	Nepal	South Asia	1
#A58AFF	2.913	2008	Nepal	130	Nepal	South Asia	1
#A58AFF	2.812	2009	Nepal	130	Nepal	South Asia	1
#A58AFF	2.727	2010	Nepal	130	Nepal	South Asia	1
#A58AFF	2.658	2011	Nepal	130	Nepal	South Asia	1
#F8766D	4.129	1960	New Zealand	133	New Zealand	East Asia & Pacific	1
#F8766D	4.099	1961	New Zealand	133	New Zealand	East Asia & Pacific	1
#F8766D	4.107	1962	New Zealand	133	New Zealand	East Asia & Pacific	1
#F8766D	3.989	1963	New Zealand	133	New Zealand	East Asia & Pacific	1
#F8766D	3.733	1964	New Zealand	133	New Zealand	East Asia & Pacific	1
#F8766D	3.54	1965	New Zealand	133	New Zealand	East Asia & Pacific	1
#F8766D	3.41	1966	New Zealand	133	New Zealand	East Asia & Pacific	1
#F8766D	3.354	1967	New Zealand	133	New Zealand	East Asia & Pacific	1
#F8766D	3.332	1968	New Zealand	133	New Zealand	East Asia & Pacific	1
#F8766D	3.269	1969	New Zealand	133	New Zealand	East Asia & Pacific	1
#F8766D	3.158	1970	New Zealand	133	New Zealand	East Asia & Pacific	1
#F8766D	3.194	1971	New Zealand	133	New Zealand	East Asia & Pacific	1
#F8766D	3	1972	New Zealand	133	New Zealand	East Asia & Pacific	1
#F8766D	2.696	1973	New Zealand	133	New Zealand	East Asia & Pacific	1
#F8766D	2.57	1974	New Zealand	133	New Zealand	East Asia & Pacific	1
#F8766D	2.331	1975	New Zealand	133	New Zealand	East Asia & Pacific	1
#F8766D	2.273	1976	New Zealand	133	New Zealand	East Asia & Pacific	1
#F8766D	2.229	1977	New Zealand	133	New Zealand	East Asia & Pacific	1
#F8766D	2.07	1978	New Zealand	133	New Zealand	East Asia & Pacific	1
#F8766D	2.12	1979	New Zealand	133	New Zealand	East Asia & Pacific	1
#F8766D	2.03	1980	New Zealand	133	New Zealand	East Asia & Pacific	1
#F8766D	2.01	1981	New Zealand	133	New Zealand	East Asia & Pacific	1
#F8766D	1.95	1982	New Zealand	133	New Zealand	East Asia & Pacific	1
#F8766D	1.92	1983	New Zealand	133	New Zealand	East Asia & Pacific	1
#F8766D	1.93	1984	New Zealand	133	New Zealand	East Asia & Pacific	1
#F8766D	1.93	1985	New Zealand	133	New Zealand	East Asia & Pacific	1
#F8766D	1.96	1986	New Zealand	133	New Zealand	East Asia & Pacific	1
#F8766D	2.03	1987	New Zealand	133	New Zealand	East Asia & Pacific	1
#F8766D	2.1	1988	New Zealand	133	New Zealand	East Asia & Pacific	1
#F8766D	2.12	1989	New Zealand	133	New Zealand	East Asia & Pacific	1
#F8766D	2.18	1990	New Zealand	133	New Zealand	East Asia & Pacific	1
#F8766D	2.16	1991	New Zealand	133	New Zealand	East Asia & Pacific	1
#F8766D	2.12	1992	New Zealand	133	New Zealand	East Asia & Pacific	1
#F8766D	2.05	1993	New Zealand	133	New Zealand	East Asia & Pacific	1
#F8766D	2	1994	New Zealand	133	New Zealand	East Asia & Pacific	1
#F8766D	1.99	1995	New Zealand	133	New Zealand	East Asia & Pacific	1
#F8766D	1.96	1996	New Zealand	133	New Zealand	East Asia & Pacific	1
#F8766D	1.95	1997	New Zealand	133	New Zealand	East Asia & Pacific	1
#F8766D	1.92	1998	New Zealand	133	New Zealand	East Asia & Pacific	1
#F8766D	1.94	1999	New Zealand	133	New Zealand	East Asia & Pacific	1
#F8766D	2	2000	New Zealand	133	New Zealand	East Asia & Pacific	1
#F8766D	1.97	2001	New Zealand	133	New Zealand	East Asia & Pacific	1
#F8766D	1.89	2002	New Zealand	133	New Zealand	East Asia & Pacific	1
#F8766D	1.91	2003	New Zealand	133	New Zealand	East Asia & Pacific	1
#F8766D	2	2004	New Zealand	133	New Zealand	East Asia & Pacific	1
#F8766D	1.96	2005	New Zealand	133	New Zealand	East Asia & Pacific	1
#F8766D	2	2006	New Zealand	133	New Zealand	East Asia & Pacific	1
#F8766D	2.11	2007	New Zealand	133	New Zealand	East Asia & Pacific	1
#F8766D	2.19	2008	New Zealand	133	New Zealand	East Asia & Pacific	1
#F8766D	2.14	2009	New Zealand	133	New Zealand	East Asia & Pacific	1
#F8766D	2.16	2010	New Zealand	133	New Zealand	East Asia & Pacific	1
#F8766D	2.1	2011	New Zealand	133	New Zealand	East Asia & Pacific	1
#00C094	7.247	1960	Oman	138	Oman	Middle East & North Africa	1
#00C094	7.248	1961	Oman	138	Oman	Middle East & North Africa	1
#00C094	7.251	1962	Oman	138	Oman	Middle East & North Africa	1
#00C094	7.256	1963	Oman	138	Oman	Middle East & North Africa	1
#00C094	7.263	1964	Oman	138	Oman	Middle East & North Africa	1
#00C094	7.271	1965	Oman	138	Oman	Middle East & North Africa	1
#00C094	7.277	1966	Oman	138	Oman	Middle East & North Africa	1
#00C094	7.282	1967	Oman	138	Oman	Middle East & North Africa	1
#00C094	7.286	1968	Oman	138	Oman	Middle East & North Africa	1
#00C094	7.293	1969	Oman	138	Oman	Middle East & North Africa	1
#00C094	7.311	1970	Oman	138	Oman	Middle East & North Africa	1
#00C094	7.35	1971	Oman	138	Oman	Middle East & North Africa	1
#00C094	7.414	1972	Oman	138	Oman	Middle East & North Africa	1
#00C094	7.504	1973	Oman	138	Oman	Middle East & North Africa	1
#00C094	7.617	1974	Oman	138	Oman	Middle East & North Africa	1
#00C094	7.747	1975	Oman	138	Oman	Middle East & North Africa	1
#00C094	7.885	1976	Oman	138	Oman	Middle East & North Africa	1
#00C094	8.018	1977	Oman	138	Oman	Middle East & North Africa	1
#00C094	8.137	1978	Oman	138	Oman	Middle East & North Africa	1
#00C094	8.232	1979	Oman	138	Oman	Middle East & North Africa	1
#00C094	8.299	1980	Oman	138	Oman	Middle East & North Africa	1
#00C094	8.338	1981	Oman	138	Oman	Middle East & North Africa	1
#00C094	8.352	1982	Oman	138	Oman	Middle East & North Africa	1
#00C094	8.34	1983	Oman	138	Oman	Middle East & North Africa	1
#00C094	8.299	1984	Oman	138	Oman	Middle East & North Africa	1
#00C094	8.222	1985	Oman	138	Oman	Middle East & North Africa	1
#00C094	8.101	1986	Oman	138	Oman	Middle East & North Africa	1
#00C094	7.933	1987	Oman	138	Oman	Middle East & North Africa	1
#00C094	7.719	1988	Oman	138	Oman	Middle East & North Africa	1
#00C094	7.462	1989	Oman	138	Oman	Middle East & North Africa	1
#00C094	7.165	1990	Oman	138	Oman	Middle East & North Africa	1
#00C094	6.834	1991	Oman	138	Oman	Middle East & North Africa	1
#00C094	6.478	1992	Oman	138	Oman	Middle East & North Africa	1
#00C094	6.108	1993	Oman	138	Oman	Middle East & North Africa	1
#00C094	5.734	1994	Oman	138	Oman	Middle East & North Africa	1
#00C094	5.361	1995	Oman	138	Oman	Middle East & North Africa	1
#00C094	4.992	1996	Oman	138	Oman	Middle East & North Africa	1
#00C094	4.629	1997	Oman	138	Oman	Middle East & North Africa	1
#00C094	4.277	1998	Oman	138	Oman	Middle East & North Africa	1
#00C094	3.943	1999	Oman	138	Oman	Middle East & North Africa	1
#00C094	3.636	2000	Oman	138	Oman	Middle East & North Africa	1
#00C094	3.367	2001	Oman	138	Oman	Middle East & North Africa	1
#00C094	3.138	2002	Oman	138	Oman	Middle East & North Africa	1
#00C094	2.948	2003	Oman	138	Oman	Middle East & North Africa	1
#00C094	2.796	2004	Oman	138	Oman	Middle East & North Africa	1
#00C094	2.678	2005	Oman	138	Oman	Middle East & North Africa	1
#00C094	2.586	2006	Oman	138	Oman	Middle East & North Africa	1
#00C094	2.511	2007	Oman	138	Oman	Middle East & North Africa	1
#00C094	2.442	2008	Oman	138	Oman	Middle East & North Africa	1
#00C094	2.376	2009	Oman	138	Oman	Middle East & North Africa	1
#00C094	2.309	2010	Oman	138	Oman	Middle East & North Africa	1
#00C094	2.24	2011	Oman	138	Oman	Middle East & North Africa	1
#53B400	5.943	1960	Panama	141	Panama	Latin America & Caribbean	1
#53B400	5.944	1961	Panama	141	Panama	Latin America & Caribbean	1
#53B400	5.933	1962	Panama	141	Panama	Latin America & Caribbean	1
#53B400	5.911	1963	Panama	141	Panama	Latin America & Caribbean	1
#53B400	5.874	1964	Panama	141	Panama	Latin America & Caribbean	1
#53B400	5.823	1965	Panama	141	Panama	Latin America & Caribbean	1
#53B400	5.755	1966	Panama	141	Panama	Latin America & Caribbean	1
#53B400	5.671	1967	Panama	141	Panama	Latin America & Caribbean	1
#53B400	5.57	1968	Panama	141	Panama	Latin America & Caribbean	1
#53B400	5.454	1969	Panama	141	Panama	Latin America & Caribbean	1
#53B400	5.322	1970	Panama	141	Panama	Latin America & Caribbean	1
#53B400	5.174	1971	Panama	141	Panama	Latin America & Caribbean	1
#53B400	5.012	1972	Panama	141	Panama	Latin America & Caribbean	1
#53B400	4.84	1973	Panama	141	Panama	Latin America & Caribbean	1
#53B400	4.662	1974	Panama	141	Panama	Latin America & Caribbean	1
#53B400	4.484	1975	Panama	141	Panama	Latin America & Caribbean	1
#53B400	4.311	1976	Panama	141	Panama	Latin America & Caribbean	1
#53B400	4.148	1977	Panama	141	Panama	Latin America & Caribbean	1
#53B400	3.997	1978	Panama	141	Panama	Latin America & Caribbean	1
#53B400	3.861	1979	Panama	141	Panama	Latin America & Caribbean	1
#53B400	3.742	1980	Panama	141	Panama	Latin America & Caribbean	1
#53B400	3.64	1981	Panama	141	Panama	Latin America & Caribbean	1
#53B400	3.552	1982	Panama	141	Panama	Latin America & Caribbean	1
#53B400	3.475	1983	Panama	141	Panama	Latin America & Caribbean	1
#53B400	3.405	1984	Panama	141	Panama	Latin America & Caribbean	1
#53B400	3.34	1985	Panama	141	Panama	Latin America & Caribbean	1
#53B400	3.276	1986	Panama	141	Panama	Latin America & Caribbean	1
#53B400	3.212	1987	Panama	141	Panama	Latin America & Caribbean	1
#53B400	3.147	1988	Panama	141	Panama	Latin America & Caribbean	1
#53B400	3.081	1989	Panama	141	Panama	Latin America & Caribbean	1
#53B400	3.017	1990	Panama	141	Panama	Latin America & Caribbean	1
#53B400	2.957	1991	Panama	141	Panama	Latin America & Caribbean	1
#53B400	2.906	1992	Panama	141	Panama	Latin America & Caribbean	1
#53B400	2.864	1993	Panama	141	Panama	Latin America & Caribbean	1
#53B400	2.833	1994	Panama	141	Panama	Latin America & Caribbean	1
#53B400	2.812	1995	Panama	141	Panama	Latin America & Caribbean	1
#53B400	2.797	1996	Panama	141	Panama	Latin America & Caribbean	1
#53B400	2.786	1997	Panama	141	Panama	Latin America & Caribbean	1
#53B400	2.776	1998	Panama	141	Panama	Latin America & Caribbean	1
#53B400	2.764	1999	Panama	141	Panama	Latin America & Caribbean	1
#53B400	2.749	2000	Panama	141	Panama	Latin America & Caribbean	1
#53B400	2.731	2001	Panama	141	Panama	Latin America & Caribbean	1
#53B400	2.71	2002	Panama	141	Panama	Latin America & Caribbean	1
#53B400	2.687	2003	Panama	141	Panama	Latin America & Caribbean	1
#53B400	2.662	2004	Panama	141	Panama	Latin America & Caribbean	1
#53B400	2.635	2005	Panama	141	Panama	Latin America & Caribbean	1
#53B400	2.606	2006	Panama	141	Panama	Latin America & Caribbean	1
#53B400	2.576	2007	Panama	141	Panama	Latin America & Caribbean	1
#53B400	2.546	2008	Panama	141	Panama	Latin America & Caribbean	1
#53B400	2.515	2009	Panama	141	Panama	Latin America & Caribbean	1
#53B400	2.484	2010	Panama	141	Panama	Latin America & Caribbean	1
#53B400	2.454	2011	Panama	141	Panama	Latin America & Caribbean	1
#53B400	6.876	1960	Peru	144	Peru	Latin America & Caribbean	1
#53B400	6.872	1961	Peru	144	Peru	Latin America & Caribbean	1
#53B400	6.86	1962	Peru	144	Peru	Latin America & Caribbean	1
#53B400	6.836	1963	Peru	144	Peru	Latin America & Caribbean	1
#53B400	6.8	1964	Peru	144	Peru	Latin America & Caribbean	1
#53B400	6.75	1965	Peru	144	Peru	Latin America & Caribbean	1
#53B400	6.684	1966	Peru	144	Peru	Latin America & Caribbean	1
#53B400	6.605	1967	Peru	144	Peru	Latin America & Caribbean	1
#53B400	6.515	1968	Peru	144	Peru	Latin America & Caribbean	1
#53B400	6.415	1969	Peru	144	Peru	Latin America & Caribbean	1
#53B400	6.307	1970	Peru	144	Peru	Latin America & Caribbean	1
#53B400	6.192	1971	Peru	144	Peru	Latin America & Caribbean	1
#53B400	6.073	1972	Peru	144	Peru	Latin America & Caribbean	1
#53B400	5.952	1973	Peru	144	Peru	Latin America & Caribbean	1
#53B400	5.828	1974	Peru	144	Peru	Latin America & Caribbean	1
#53B400	5.702	1975	Peru	144	Peru	Latin America & Caribbean	1
#53B400	5.572	1976	Peru	144	Peru	Latin America & Caribbean	1
#53B400	5.437	1977	Peru	144	Peru	Latin America & Caribbean	1
#53B400	5.297	1978	Peru	144	Peru	Latin America & Caribbean	1
#53B400	5.153	1979	Peru	144	Peru	Latin America & Caribbean	1
#53B400	5.009	1980	Peru	144	Peru	Latin America & Caribbean	1
#53B400	4.866	1981	Peru	144	Peru	Latin America & Caribbean	1
#53B400	4.729	1982	Peru	144	Peru	Latin America & Caribbean	1
#53B400	4.598	1983	Peru	144	Peru	Latin America & Caribbean	1
#53B400	4.475	1984	Peru	144	Peru	Latin America & Caribbean	1
#53B400	4.36	1985	Peru	144	Peru	Latin America & Caribbean	1
#53B400	4.25	1986	Peru	144	Peru	Latin America & Caribbean	1
#53B400	4.144	1987	Peru	144	Peru	Latin America & Caribbean	1
#53B400	4.038	1988	Peru	144	Peru	Latin America & Caribbean	1
#53B400	3.933	1989	Peru	144	Peru	Latin America & Caribbean	1
#53B400	3.828	1990	Peru	144	Peru	Latin America & Caribbean	1
#53B400	3.722	1991	Peru	144	Peru	Latin America & Caribbean	1
#53B400	3.617	1992	Peru	144	Peru	Latin America & Caribbean	1
#53B400	3.514	1993	Peru	144	Peru	Latin America & Caribbean	1
#53B400	3.413	1994	Peru	144	Peru	Latin America & Caribbean	1
#53B400	3.317	1995	Peru	144	Peru	Latin America & Caribbean	1
#53B400	3.226	1996	Peru	144	Peru	Latin America & Caribbean	1
#53B400	3.142	1997	Peru	144	Peru	Latin America & Caribbean	1
#53B400	3.064	1998	Peru	144	Peru	Latin America & Caribbean	1
#53B400	2.993	1999	Peru	144	Peru	Latin America & Caribbean	1
#53B400	2.929	2000	Peru	144	Peru	Latin America & Caribbean	1
#53B400	2.872	2001	Peru	144	Peru	Latin America & Caribbean	1
#53B400	2.821	2002	Peru	144	Peru	Latin America & Caribbean	1
#53B400	2.774	2003	Peru	144	Peru	Latin America & Caribbean	1
#53B400	2.731	2004	Peru	144	Peru	Latin America & Caribbean	1
#53B400	2.691	2005	Peru	144	Peru	Latin America & Caribbean	1
#53B400	2.651	2006	Peru	144	Peru	Latin America & Caribbean	1
#53B400	2.613	2007	Peru	144	Peru	Latin America & Caribbean	1
#53B400	2.576	2008	Peru	144	Peru	Latin America & Caribbean	1
#53B400	2.538	2009	Peru	144	Peru	Latin America & Caribbean	1
#53B400	2.501	2010	Peru	144	Peru	Latin America & Caribbean	1
#53B400	2.464	2011	Peru	144	Peru	Latin America & Caribbean	1
#F8766D	6.508	1960	French Polynesia	64	French Polynesia	East Asia & Pacific	1
#F8766D	6.524	1961	French Polynesia	64	French Polynesia	East Asia & Pacific	1
#F8766D	6.529	1962	French Polynesia	64	French Polynesia	East Asia & Pacific	1
#F8766D	6.518	1963	French Polynesia	64	French Polynesia	East Asia & Pacific	1
#F8766D	6.49	1964	French Polynesia	64	French Polynesia	East Asia & Pacific	1
#F8766D	6.439	1965	French Polynesia	64	French Polynesia	East Asia & Pacific	1
#F8766D	6.357	1966	French Polynesia	64	French Polynesia	East Asia & Pacific	1
#F8766D	6.243	1967	French Polynesia	64	French Polynesia	East Asia & Pacific	1
#F8766D	6.096	1968	French Polynesia	64	French Polynesia	East Asia & Pacific	1
#F8766D	5.921	1969	French Polynesia	64	French Polynesia	East Asia & Pacific	1
#F8766D	5.722	1970	French Polynesia	64	French Polynesia	East Asia & Pacific	1
#F8766D	5.505	1971	French Polynesia	64	French Polynesia	East Asia & Pacific	1
#F8766D	5.279	1972	French Polynesia	64	French Polynesia	East Asia & Pacific	1
#F8766D	5.055	1973	French Polynesia	64	French Polynesia	East Asia & Pacific	1
#F8766D	4.841	1974	French Polynesia	64	French Polynesia	East Asia & Pacific	1
#F8766D	4.643	1975	French Polynesia	64	French Polynesia	East Asia & Pacific	1
#F8766D	4.466	1976	French Polynesia	64	French Polynesia	East Asia & Pacific	1
#F8766D	4.312	1977	French Polynesia	64	French Polynesia	East Asia & Pacific	1
#F8766D	4.177	1978	French Polynesia	64	French Polynesia	East Asia & Pacific	1
#F8766D	4.064	1979	French Polynesia	64	French Polynesia	East Asia & Pacific	1
#F8766D	3.971	1980	French Polynesia	64	French Polynesia	East Asia & Pacific	1
#F8766D	3.897	1981	French Polynesia	64	French Polynesia	East Asia & Pacific	1
#F8766D	3.839	1982	French Polynesia	64	French Polynesia	East Asia & Pacific	1
#F8766D	3.79	1983	French Polynesia	64	French Polynesia	East Asia & Pacific	1
#F8766D	3.745	1984	French Polynesia	64	French Polynesia	East Asia & Pacific	1
#F8766D	3.698	1985	French Polynesia	64	French Polynesia	East Asia & Pacific	1
#F8766D	3.644	1986	French Polynesia	64	French Polynesia	East Asia & Pacific	1
#F8766D	3.581	1987	French Polynesia	64	French Polynesia	East Asia & Pacific	1
#F8766D	3.507	1988	French Polynesia	64	French Polynesia	East Asia & Pacific	1
#F8766D	3.421	1989	French Polynesia	64	French Polynesia	East Asia & Pacific	1
#F8766D	3.324	1990	French Polynesia	64	French Polynesia	East Asia & Pacific	1
#F8766D	3.219	1991	French Polynesia	64	French Polynesia	East Asia & Pacific	1
#F8766D	3.11	1992	French Polynesia	64	French Polynesia	East Asia & Pacific	1
#F8766D	3.003	1993	French Polynesia	64	French Polynesia	East Asia & Pacific	1
#F8766D	2.901	1994	French Polynesia	64	French Polynesia	East Asia & Pacific	1
#F8766D	2.805	1995	French Polynesia	64	French Polynesia	East Asia & Pacific	1
#F8766D	2.718	1996	French Polynesia	64	French Polynesia	East Asia & Pacific	1
#F8766D	2.64	1997	French Polynesia	64	French Polynesia	East Asia & Pacific	1
#F8766D	2.571	1998	French Polynesia	64	French Polynesia	East Asia & Pacific	1
#F8766D	2.509	1999	French Polynesia	64	French Polynesia	East Asia & Pacific	1
#F8766D	2.455	2000	French Polynesia	64	French Polynesia	East Asia & Pacific	1
#F8766D	2.406	2001	French Polynesia	64	French Polynesia	East Asia & Pacific	1
#F8766D	2.363	2002	French Polynesia	64	French Polynesia	East Asia & Pacific	1
#F8766D	2.322	2003	French Polynesia	64	French Polynesia	East Asia & Pacific	1
#F8766D	2.282	2004	French Polynesia	64	French Polynesia	East Asia & Pacific	1
#F8766D	2.245	2005	French Polynesia	64	French Polynesia	East Asia & Pacific	1
#F8766D	2.209	2006	French Polynesia	64	French Polynesia	East Asia & Pacific	1
#F8766D	2.176	2007	French Polynesia	64	French Polynesia	East Asia & Pacific	1
#F8766D	2.145	2008	French Polynesia	64	French Polynesia	East Asia & Pacific	1
#F8766D	2.116	2009	French Polynesia	64	French Polynesia	East Asia & Pacific	1
#F8766D	2.09	2010	French Polynesia	64	French Polynesia	East Asia & Pacific	1
#F8766D	2.065	2011	French Polynesia	64	French Polynesia	East Asia & Pacific	1
#F8766D	6.275	1960	Papua New Guinea	142	Papua New Guinea	East Asia & Pacific	1
#F8766D	6.278	1961	Papua New Guinea	142	Papua New Guinea	East Asia & Pacific	1
#F8766D	6.278	1962	Papua New Guinea	142	Papua New Guinea	East Asia & Pacific	1
#F8766D	6.275	1963	Papua New Guinea	142	Papua New Guinea	East Asia & Pacific	1
#F8766D	6.268	1964	Papua New Guinea	142	Papua New Guinea	East Asia & Pacific	1
#F8766D	6.258	1965	Papua New Guinea	142	Papua New Guinea	East Asia & Pacific	1
#F8766D	6.244	1966	Papua New Guinea	142	Papua New Guinea	East Asia & Pacific	1
#F8766D	6.227	1967	Papua New Guinea	142	Papua New Guinea	East Asia & Pacific	1
#F8766D	6.208	1968	Papua New Guinea	142	Papua New Guinea	East Asia & Pacific	1
#F8766D	6.187	1969	Papua New Guinea	142	Papua New Guinea	East Asia & Pacific	1
#F8766D	6.163	1970	Papua New Guinea	142	Papua New Guinea	East Asia & Pacific	1
#F8766D	6.137	1971	Papua New Guinea	142	Papua New Guinea	East Asia & Pacific	1
#F8766D	6.108	1972	Papua New Guinea	142	Papua New Guinea	East Asia & Pacific	1
#F8766D	6.077	1973	Papua New Guinea	142	Papua New Guinea	East Asia & Pacific	1
#F8766D	6.041	1974	Papua New Guinea	142	Papua New Guinea	East Asia & Pacific	1
#F8766D	6	1975	Papua New Guinea	142	Papua New Guinea	East Asia & Pacific	1
#F8766D	5.954	1976	Papua New Guinea	142	Papua New Guinea	East Asia & Pacific	1
#F8766D	5.9	1977	Papua New Guinea	142	Papua New Guinea	East Asia & Pacific	1
#F8766D	5.839	1978	Papua New Guinea	142	Papua New Guinea	East Asia & Pacific	1
#F8766D	5.771	1979	Papua New Guinea	142	Papua New Guinea	East Asia & Pacific	1
#F8766D	5.694	1980	Papua New Guinea	142	Papua New Guinea	East Asia & Pacific	1
#F8766D	5.609	1981	Papua New Guinea	142	Papua New Guinea	East Asia & Pacific	1
#F8766D	5.515	1982	Papua New Guinea	142	Papua New Guinea	East Asia & Pacific	1
#F8766D	5.415	1983	Papua New Guinea	142	Papua New Guinea	East Asia & Pacific	1
#F8766D	5.312	1984	Papua New Guinea	142	Papua New Guinea	East Asia & Pacific	1
#F8766D	5.21	1985	Papua New Guinea	142	Papua New Guinea	East Asia & Pacific	1
#F8766D	5.11	1986	Papua New Guinea	142	Papua New Guinea	East Asia & Pacific	1
#F8766D	5.018	1987	Papua New Guinea	142	Papua New Guinea	East Asia & Pacific	1
#F8766D	4.934	1988	Papua New Guinea	142	Papua New Guinea	East Asia & Pacific	1
#F8766D	4.861	1989	Papua New Guinea	142	Papua New Guinea	East Asia & Pacific	1
#F8766D	4.802	1990	Papua New Guinea	142	Papua New Guinea	East Asia & Pacific	1
#F8766D	4.757	1991	Papua New Guinea	142	Papua New Guinea	East Asia & Pacific	1
#F8766D	4.724	1992	Papua New Guinea	142	Papua New Guinea	East Asia & Pacific	1
#F8766D	4.701	1993	Papua New Guinea	142	Papua New Guinea	East Asia & Pacific	1
#F8766D	4.685	1994	Papua New Guinea	142	Papua New Guinea	East Asia & Pacific	1
#F8766D	4.671	1995	Papua New Guinea	142	Papua New Guinea	East Asia & Pacific	1
#F8766D	4.654	1996	Papua New Guinea	142	Papua New Guinea	East Asia & Pacific	1
#F8766D	4.631	1997	Papua New Guinea	142	Papua New Guinea	East Asia & Pacific	1
#F8766D	4.599	1998	Papua New Guinea	142	Papua New Guinea	East Asia & Pacific	1
#F8766D	4.557	1999	Papua New Guinea	142	Papua New Guinea	East Asia & Pacific	1
#F8766D	4.507	2000	Papua New Guinea	142	Papua New Guinea	East Asia & Pacific	1
#F8766D	4.451	2001	Papua New Guinea	142	Papua New Guinea	East Asia & Pacific	1
#F8766D	4.392	2002	Papua New Guinea	142	Papua New Guinea	East Asia & Pacific	1
#F8766D	4.335	2003	Papua New Guinea	142	Papua New Guinea	East Asia & Pacific	1
#F8766D	4.28	2004	Papua New Guinea	142	Papua New Guinea	East Asia & Pacific	1
#F8766D	4.227	2005	Papua New Guinea	142	Papua New Guinea	East Asia & Pacific	1
#F8766D	4.175	2006	Papua New Guinea	142	Papua New Guinea	East Asia & Pacific	1
#F8766D	4.122	2007	Papua New Guinea	142	Papua New Guinea	East Asia & Pacific	1
#F8766D	4.067	2008	Papua New Guinea	142	Papua New Guinea	East Asia & Pacific	1
#F8766D	4.01	2009	Papua New Guinea	142	Papua New Guinea	East Asia & Pacific	1
#F8766D	3.951	2010	Papua New Guinea	142	Papua New Guinea	East Asia & Pacific	1
#F8766D	3.891	2011	Papua New Guinea	142	Papua New Guinea	East Asia & Pacific	1
#F8766D	7.148	1960	Philippines	145	Philippines	East Asia & Pacific	1
#F8766D	7.087	1961	Philippines	145	Philippines	East Asia & Pacific	1
#F8766D	7.02	1962	Philippines	145	Philippines	East Asia & Pacific	1
#F8766D	6.947	1963	Philippines	145	Philippines	East Asia & Pacific	1
#F8766D	6.867	1964	Philippines	145	Philippines	East Asia & Pacific	1
#F8766D	6.781	1965	Philippines	145	Philippines	East Asia & Pacific	1
#F8766D	6.689	1966	Philippines	145	Philippines	East Asia & Pacific	1
#F8766D	6.589	1967	Philippines	145	Philippines	East Asia & Pacific	1
#F8766D	6.485	1968	Philippines	145	Philippines	East Asia & Pacific	1
#F8766D	6.376	1969	Philippines	145	Philippines	East Asia & Pacific	1
#F8766D	6.264	1970	Philippines	145	Philippines	East Asia & Pacific	1
#F8766D	6.152	1971	Philippines	145	Philippines	East Asia & Pacific	1
#F8766D	6.041	1972	Philippines	145	Philippines	East Asia & Pacific	1
#F8766D	5.931	1973	Philippines	145	Philippines	East Asia & Pacific	1
#F8766D	5.824	1974	Philippines	145	Philippines	East Asia & Pacific	1
#F8766D	5.718	1975	Philippines	145	Philippines	East Asia & Pacific	1
#F8766D	5.613	1976	Philippines	145	Philippines	East Asia & Pacific	1
#F8766D	5.506	1977	Philippines	145	Philippines	East Asia & Pacific	1
#F8766D	5.399	1978	Philippines	145	Philippines	East Asia & Pacific	1
#F8766D	5.29	1979	Philippines	145	Philippines	East Asia & Pacific	1
#F8766D	5.183	1980	Philippines	145	Philippines	East Asia & Pacific	1
#F8766D	5.078	1981	Philippines	145	Philippines	East Asia & Pacific	1
#F8766D	4.978	1982	Philippines	145	Philippines	East Asia & Pacific	1
#F8766D	4.883	1983	Philippines	145	Philippines	East Asia & Pacific	1
#F8766D	4.795	1984	Philippines	145	Philippines	East Asia & Pacific	1
#F8766D	4.712	1985	Philippines	145	Philippines	East Asia & Pacific	1
#F8766D	4.632	1986	Philippines	145	Philippines	East Asia & Pacific	1
#F8766D	4.554	1987	Philippines	145	Philippines	East Asia & Pacific	1
#F8766D	4.476	1988	Philippines	145	Philippines	East Asia & Pacific	1
#F8766D	4.397	1989	Philippines	145	Philippines	East Asia & Pacific	1
#F8766D	4.32	1990	Philippines	145	Philippines	East Asia & Pacific	1
#F8766D	4.246	1991	Philippines	145	Philippines	East Asia & Pacific	1
#F8766D	4.177	1992	Philippines	145	Philippines	East Asia & Pacific	1
#F8766D	4.113	1993	Philippines	145	Philippines	East Asia & Pacific	1
#F8766D	4.056	1994	Philippines	145	Philippines	East Asia & Pacific	1
#F8766D	4.006	1995	Philippines	145	Philippines	East Asia & Pacific	1
#F8766D	3.962	1996	Philippines	145	Philippines	East Asia & Pacific	1
#F8766D	3.923	1997	Philippines	145	Philippines	East Asia & Pacific	1
#F8766D	3.888	1998	Philippines	145	Philippines	East Asia & Pacific	1
#F8766D	3.852	1999	Philippines	145	Philippines	East Asia & Pacific	1
#F8766D	3.814	2000	Philippines	145	Philippines	East Asia & Pacific	1
#F8766D	3.767	2001	Philippines	145	Philippines	East Asia & Pacific	1
#F8766D	3.71	2002	Philippines	145	Philippines	East Asia & Pacific	1
#F8766D	3.643	2003	Philippines	145	Philippines	East Asia & Pacific	1
#F8766D	3.568	2004	Philippines	145	Philippines	East Asia & Pacific	1
#F8766D	3.486	2005	Philippines	145	Philippines	East Asia & Pacific	1
#F8766D	3.404	2006	Philippines	145	Philippines	East Asia & Pacific	1
#F8766D	3.325	2007	Philippines	145	Philippines	East Asia & Pacific	1
#F8766D	3.255	2008	Philippines	145	Philippines	East Asia & Pacific	1
#F8766D	3.194	2009	Philippines	145	Philippines	East Asia & Pacific	1
#F8766D	3.142	2010	Philippines	145	Philippines	East Asia & Pacific	1
#F8766D	3.099	2011	Philippines	145	Philippines	East Asia & Pacific	1
#A58AFF	6.6	1960	Pakistan	139	Pakistan	South Asia	1
#A58AFF	6.6	1961	Pakistan	139	Pakistan	South Asia	1
#A58AFF	6.6	1962	Pakistan	139	Pakistan	South Asia	1
#A58AFF	6.6	1963	Pakistan	139	Pakistan	South Asia	1
#A58AFF	6.6	1964	Pakistan	139	Pakistan	South Asia	1
#A58AFF	6.6	1965	Pakistan	139	Pakistan	South Asia	1
#A58AFF	6.6	1966	Pakistan	139	Pakistan	South Asia	1
#A58AFF	6.6	1967	Pakistan	139	Pakistan	South Asia	1
#A58AFF	6.6	1968	Pakistan	139	Pakistan	South Asia	1
#A58AFF	6.6	1969	Pakistan	139	Pakistan	South Asia	1
#A58AFF	6.601	1970	Pakistan	139	Pakistan	South Asia	1
#A58AFF	6.602	1971	Pakistan	139	Pakistan	South Asia	1
#A58AFF	6.605	1972	Pakistan	139	Pakistan	South Asia	1
#A58AFF	6.608	1973	Pakistan	139	Pakistan	South Asia	1
#A58AFF	6.611	1974	Pakistan	139	Pakistan	South Asia	1
#A58AFF	6.612	1975	Pakistan	139	Pakistan	South Asia	1
#A58AFF	6.608	1976	Pakistan	139	Pakistan	South Asia	1
#A58AFF	6.599	1977	Pakistan	139	Pakistan	South Asia	1
#A58AFF	6.583	1978	Pakistan	139	Pakistan	South Asia	1
#A58AFF	6.561	1979	Pakistan	139	Pakistan	South Asia	1
#A58AFF	6.535	1980	Pakistan	139	Pakistan	South Asia	1
#A58AFF	6.508	1981	Pakistan	139	Pakistan	South Asia	1
#A58AFF	6.483	1982	Pakistan	139	Pakistan	South Asia	1
#A58AFF	6.46	1983	Pakistan	139	Pakistan	South Asia	1
#A58AFF	6.436	1984	Pakistan	139	Pakistan	South Asia	1
#A58AFF	6.407	1985	Pakistan	139	Pakistan	South Asia	1
#A58AFF	6.367	1986	Pakistan	139	Pakistan	South Asia	1
#A58AFF	6.31	1987	Pakistan	139	Pakistan	South Asia	1
#A58AFF	6.234	1988	Pakistan	139	Pakistan	South Asia	1
#A58AFF	6.138	1989	Pakistan	139	Pakistan	South Asia	1
#A58AFF	6.024	1990	Pakistan	139	Pakistan	South Asia	1
#A58AFF	5.899	1991	Pakistan	139	Pakistan	South Asia	1
#A58AFF	5.767	1992	Pakistan	139	Pakistan	South Asia	1
#A58AFF	5.634	1993	Pakistan	139	Pakistan	South Asia	1
#A58AFF	5.499	1994	Pakistan	139	Pakistan	South Asia	1
#A58AFF	5.359	1995	Pakistan	139	Pakistan	South Asia	1
#A58AFF	5.208	1996	Pakistan	139	Pakistan	South Asia	1
#A58AFF	5.042	1997	Pakistan	139	Pakistan	South Asia	1
#A58AFF	4.861	1998	Pakistan	139	Pakistan	South Asia	1
#A58AFF	4.669	1999	Pakistan	139	Pakistan	South Asia	1
#A58AFF	4.474	2000	Pakistan	139	Pakistan	South Asia	1
#A58AFF	4.29	2001	Pakistan	139	Pakistan	South Asia	1
#A58AFF	4.126	2002	Pakistan	139	Pakistan	South Asia	1
#A58AFF	3.987	2003	Pakistan	139	Pakistan	South Asia	1
#A58AFF	3.874	2004	Pakistan	139	Pakistan	South Asia	1
#A58AFF	3.786	2005	Pakistan	139	Pakistan	South Asia	1
#A58AFF	3.714	2006	Pakistan	139	Pakistan	South Asia	1
#A58AFF	3.648	2007	Pakistan	139	Pakistan	South Asia	1
#A58AFF	3.579	2008	Pakistan	139	Pakistan	South Asia	1
#A58AFF	3.504	2009	Pakistan	139	Pakistan	South Asia	1
#A58AFF	3.423	2010	Pakistan	139	Pakistan	South Asia	1
#A58AFF	3.336	2011	Pakistan	139	Pakistan	South Asia	1
#C49A00	2.98	1960	Poland	146	Poland	Europe & Central Asia	1
#C49A00	2.83	1961	Poland	146	Poland	Europe & Central Asia	1
#C49A00	2.72	1962	Poland	146	Poland	Europe & Central Asia	1
#C49A00	2.697	1963	Poland	146	Poland	Europe & Central Asia	1
#C49A00	2.57	1964	Poland	146	Poland	Europe & Central Asia	1
#C49A00	2.52	1965	Poland	146	Poland	Europe & Central Asia	1
#C49A00	2.34	1966	Poland	146	Poland	Europe & Central Asia	1
#C49A00	2.33	1967	Poland	146	Poland	Europe & Central Asia	1
#C49A00	2.24	1968	Poland	146	Poland	Europe & Central Asia	1
#C49A00	2.2	1969	Poland	146	Poland	Europe & Central Asia	1
#C49A00	2.2	1970	Poland	146	Poland	Europe & Central Asia	1
#C49A00	2.25	1971	Poland	146	Poland	Europe & Central Asia	1
#C49A00	2.235	1972	Poland	146	Poland	Europe & Central Asia	1
#C49A00	2.255	1973	Poland	146	Poland	Europe & Central Asia	1
#C49A00	2.26	1974	Poland	146	Poland	Europe & Central Asia	1
#C49A00	2.27	1975	Poland	146	Poland	Europe & Central Asia	1
#C49A00	2.302	1976	Poland	146	Poland	Europe & Central Asia	1
#C49A00	2.23	1977	Poland	146	Poland	Europe & Central Asia	1
#C49A00	2.205	1978	Poland	146	Poland	Europe & Central Asia	1
#C49A00	2.28	1979	Poland	146	Poland	Europe & Central Asia	1
#C49A00	2.276	1980	Poland	146	Poland	Europe & Central Asia	1
#C49A00	2.235	1981	Poland	146	Poland	Europe & Central Asia	1
#C49A00	2.336	1982	Poland	146	Poland	Europe & Central Asia	1
#C49A00	2.416	1983	Poland	146	Poland	Europe & Central Asia	1
#C49A00	2.372	1984	Poland	146	Poland	Europe & Central Asia	1
#C49A00	2.329	1985	Poland	146	Poland	Europe & Central Asia	1
#C49A00	2.22	1986	Poland	146	Poland	Europe & Central Asia	1
#C49A00	2.154	1987	Poland	146	Poland	Europe & Central Asia	1
#C49A00	2.13	1988	Poland	146	Poland	Europe & Central Asia	1
#C49A00	2.078	1989	Poland	146	Poland	Europe & Central Asia	1
#C49A00	2.04	1990	Poland	146	Poland	Europe & Central Asia	1
#C49A00	2.05	1991	Poland	146	Poland	Europe & Central Asia	1
#C49A00	1.93	1992	Poland	146	Poland	Europe & Central Asia	1
#C49A00	1.85	1993	Poland	146	Poland	Europe & Central Asia	1
#C49A00	1.798	1994	Poland	146	Poland	Europe & Central Asia	1
#C49A00	1.61	1995	Poland	146	Poland	Europe & Central Asia	1
#C49A00	1.58	1996	Poland	146	Poland	Europe & Central Asia	1
#C49A00	1.513	1997	Poland	146	Poland	Europe & Central Asia	1
#C49A00	1.44	1998	Poland	146	Poland	Europe & Central Asia	1
#C49A00	1.37	1999	Poland	146	Poland	Europe & Central Asia	1
#C49A00	1.35	2000	Poland	146	Poland	Europe & Central Asia	1
#C49A00	1.31	2001	Poland	146	Poland	Europe & Central Asia	1
#C49A00	1.25	2002	Poland	146	Poland	Europe & Central Asia	1
#C49A00	1.22	2003	Poland	146	Poland	Europe & Central Asia	1
#C49A00	1.23	2004	Poland	146	Poland	Europe & Central Asia	1
#C49A00	1.24	2005	Poland	146	Poland	Europe & Central Asia	1
#C49A00	1.27	2006	Poland	146	Poland	Europe & Central Asia	1
#C49A00	1.31	2007	Poland	146	Poland	Europe & Central Asia	1
#C49A00	1.39	2008	Poland	146	Poland	Europe & Central Asia	1
#C49A00	1.4	2009	Poland	146	Poland	Europe & Central Asia	1
#C49A00	1.38	2010	Poland	146	Poland	Europe & Central Asia	1
#C49A00	1.3	2011	Poland	146	Poland	Europe & Central Asia	1
#53B400	4.657	1960	Puerto Rico	148	Puerto Rico	Latin America & Caribbean	1
#53B400	4.547	1961	Puerto Rico	148	Puerto Rico	Latin America & Caribbean	1
#53B400	4.411	1962	Puerto Rico	148	Puerto Rico	Latin America & Caribbean	1
#53B400	4.252	1963	Puerto Rico	148	Puerto Rico	Latin America & Caribbean	1
#53B400	4.075	1964	Puerto Rico	148	Puerto Rico	Latin America & Caribbean	1
#53B400	3.888	1965	Puerto Rico	148	Puerto Rico	Latin America & Caribbean	1
#53B400	3.703	1966	Puerto Rico	148	Puerto Rico	Latin America & Caribbean	1
#53B400	3.53	1967	Puerto Rico	148	Puerto Rico	Latin America & Caribbean	1
#53B400	3.377	1968	Puerto Rico	148	Puerto Rico	Latin America & Caribbean	1
#53B400	3.248	1969	Puerto Rico	148	Puerto Rico	Latin America & Caribbean	1
#53B400	3.146	1970	Puerto Rico	148	Puerto Rico	Latin America & Caribbean	1
#53B400	3.068	1971	Puerto Rico	148	Puerto Rico	Latin America & Caribbean	1
#53B400	3.006	1972	Puerto Rico	148	Puerto Rico	Latin America & Caribbean	1
#53B400	2.955	1973	Puerto Rico	148	Puerto Rico	Latin America & Caribbean	1
#53B400	2.908	1974	Puerto Rico	148	Puerto Rico	Latin America & Caribbean	1
#53B400	2.864	1975	Puerto Rico	148	Puerto Rico	Latin America & Caribbean	1
#53B400	2.818	1976	Puerto Rico	148	Puerto Rico	Latin America & Caribbean	1
#53B400	2.769	1977	Puerto Rico	148	Puerto Rico	Latin America & Caribbean	1
#53B400	2.718	1978	Puerto Rico	148	Puerto Rico	Latin America & Caribbean	1
#53B400	2.664	1979	Puerto Rico	148	Puerto Rico	Latin America & Caribbean	1
#53B400	2.607	1980	Puerto Rico	148	Puerto Rico	Latin America & Caribbean	1
#53B400	2.548	1981	Puerto Rico	148	Puerto Rico	Latin America & Caribbean	1
#53B400	2.49	1982	Puerto Rico	148	Puerto Rico	Latin America & Caribbean	1
#53B400	2.436	1983	Puerto Rico	148	Puerto Rico	Latin America & Caribbean	1
#53B400	2.387	1984	Puerto Rico	148	Puerto Rico	Latin America & Caribbean	1
#53B400	2.344	1985	Puerto Rico	148	Puerto Rico	Latin America & Caribbean	1
#53B400	2.308	1986	Puerto Rico	148	Puerto Rico	Latin America & Caribbean	1
#53B400	2.279	1987	Puerto Rico	148	Puerto Rico	Latin America & Caribbean	1
#53B400	2.256	1988	Puerto Rico	148	Puerto Rico	Latin America & Caribbean	1
#53B400	2.236	1989	Puerto Rico	148	Puerto Rico	Latin America & Caribbean	1
#53B400	2.219	1990	Puerto Rico	148	Puerto Rico	Latin America & Caribbean	1
#53B400	2.201	1991	Puerto Rico	148	Puerto Rico	Latin America & Caribbean	1
#53B400	2.179	1992	Puerto Rico	148	Puerto Rico	Latin America & Caribbean	1
#53B400	2.153	1993	Puerto Rico	148	Puerto Rico	Latin America & Caribbean	1
#53B400	2.123	1994	Puerto Rico	148	Puerto Rico	Latin America & Caribbean	1
#53B400	2.087	1995	Puerto Rico	148	Puerto Rico	Latin America & Caribbean	1
#53B400	1.94	1996	Puerto Rico	148	Puerto Rico	Latin America & Caribbean	1
#53B400	1.9	1997	Puerto Rico	148	Puerto Rico	Latin America & Caribbean	1
#53B400	1.9	1998	Puerto Rico	148	Puerto Rico	Latin America & Caribbean	1
#53B400	1.97425	1999	Puerto Rico	148	Puerto Rico	Latin America & Caribbean	1
#53B400	2.0485	2000	Puerto Rico	148	Puerto Rico	Latin America & Caribbean	1
#53B400	1.9346	2001	Puerto Rico	148	Puerto Rico	Latin America & Caribbean	1
#53B400	1.8317	2002	Puerto Rico	148	Puerto Rico	Latin America & Caribbean	1
#53B400	1.7624	2003	Puerto Rico	148	Puerto Rico	Latin America & Caribbean	1
#53B400	1.7822	2004	Puerto Rico	148	Puerto Rico	Latin America & Caribbean	1
#53B400	1.7702	2005	Puerto Rico	148	Puerto Rico	Latin America & Caribbean	1
#53B400	1.7123	2006	Puerto Rico	148	Puerto Rico	Latin America & Caribbean	1
#53B400	1.6505	2007	Puerto Rico	148	Puerto Rico	Latin America & Caribbean	1
#53B400	1.6516	2008	Puerto Rico	148	Puerto Rico	Latin America & Caribbean	1
#53B400	1.6528	2009	Puerto Rico	148	Puerto Rico	Latin America & Caribbean	1
#53B400	1.797	2010	Puerto Rico	148	Puerto Rico	Latin America & Caribbean	1
#53B400	1.782	2011	Puerto Rico	148	Puerto Rico	Latin America & Caribbean	1
#00C094	6.528	1990	West Bank and Gaza	200	West Bank and Gaza	Middle East & North Africa	1
#00C094	6.54	1991	West Bank and Gaza	200	West Bank and Gaza	Middle East & North Africa	1
#00C094	6.526	1992	West Bank and Gaza	200	West Bank and Gaza	Middle East & North Africa	1
#00C094	6.474	1993	West Bank and Gaza	200	West Bank and Gaza	Middle East & North Africa	1
#00C094	6.38	1994	West Bank and Gaza	200	West Bank and Gaza	Middle East & North Africa	1
#00C094	6.244	1995	West Bank and Gaza	200	West Bank and Gaza	Middle East & North Africa	1
#00C094	6.076	1996	West Bank and Gaza	200	West Bank and Gaza	Middle East & North Africa	1
#00C094	5.892	1997	West Bank and Gaza	200	West Bank and Gaza	Middle East & North Africa	1
#00C094	5.709	1998	West Bank and Gaza	200	West Bank and Gaza	Middle East & North Africa	1
#00C094	5.535	1999	West Bank and Gaza	200	West Bank and Gaza	Middle East & North Africa	1
#00C094	5.376	2000	West Bank and Gaza	200	West Bank and Gaza	Middle East & North Africa	1
#00C094	5.236	2001	West Bank and Gaza	200	West Bank and Gaza	Middle East & North Africa	1
#00C094	5.113	2002	West Bank and Gaza	200	West Bank and Gaza	Middle East & North Africa	1
#00C094	5.003	2003	West Bank and Gaza	200	West Bank and Gaza	Middle East & North Africa	1
#00C094	4.906	2004	West Bank and Gaza	200	West Bank and Gaza	Middle East & North Africa	1
#00C094	4.82	2005	West Bank and Gaza	200	West Bank and Gaza	Middle East & North Africa	1
#00C094	4.742	2006	West Bank and Gaza	200	West Bank and Gaza	Middle East & North Africa	1
#00C094	4.669	2007	West Bank and Gaza	200	West Bank and Gaza	Middle East & North Africa	1
#00C094	4.598	2008	West Bank and Gaza	200	West Bank and Gaza	Middle East & North Africa	1
#00C094	4.526	2009	West Bank and Gaza	200	West Bank and Gaza	Middle East & North Africa	1
#00C094	4.453	2010	West Bank and Gaza	200	West Bank and Gaza	Middle East & North Africa	1
#00C094	4.379	2011	West Bank and Gaza	200	West Bank and Gaza	Middle East & North Africa	1
#C49A00	3.006	1960	Portugal	147	Portugal	Europe & Central Asia	1
#C49A00	3.183	1961	Portugal	147	Portugal	Europe & Central Asia	1
#C49A00	3.213	1962	Portugal	147	Portugal	Europe & Central Asia	1
#C49A00	3.084	1963	Portugal	147	Portugal	Europe & Central Asia	1
#C49A00	3.153	1964	Portugal	147	Portugal	Europe & Central Asia	1
#C49A00	3.078	1965	Portugal	147	Portugal	Europe & Central Asia	1
#C49A00	3.052	1966	Portugal	147	Portugal	Europe & Central Asia	1
#C49A00	2.996	1967	Portugal	147	Portugal	Europe & Central Asia	1
#C49A00	2.902	1968	Portugal	147	Portugal	Europe & Central Asia	1
#C49A00	2.849	1969	Portugal	147	Portugal	Europe & Central Asia	1
#C49A00	2.759	1970	Portugal	147	Portugal	Europe & Central Asia	1
#C49A00	2.799	1971	Portugal	147	Portugal	Europe & Central Asia	1
#C49A00	2.697	1972	Portugal	147	Portugal	Europe & Central Asia	1
#C49A00	2.655	1973	Portugal	147	Portugal	Europe & Central Asia	1
#C49A00	2.599	1974	Portugal	147	Portugal	Europe & Central Asia	1
#C49A00	2.517	1975	Portugal	147	Portugal	Europe & Central Asia	1
#C49A00	2.569	1976	Portugal	147	Portugal	Europe & Central Asia	1
#C49A00	2.448	1977	Portugal	147	Portugal	Europe & Central Asia	1
#C49A00	2.231	1978	Portugal	147	Portugal	Europe & Central Asia	1
#C49A00	2.112	1979	Portugal	147	Portugal	Europe & Central Asia	1
#C49A00	2.19	1980	Portugal	147	Portugal	Europe & Central Asia	1
#C49A00	2.144	1981	Portugal	147	Portugal	Europe & Central Asia	1
#C49A00	2.19	1982	Portugal	147	Portugal	Europe & Central Asia	1
#C49A00	1.946	1983	Portugal	147	Portugal	Europe & Central Asia	1
#C49A00	1.92	1984	Portugal	147	Portugal	Europe & Central Asia	1
#C49A00	1.74	1985	Portugal	147	Portugal	Europe & Central Asia	1
#C49A00	1.63	1986	Portugal	147	Portugal	Europe & Central Asia	1
#C49A00	1.57	1987	Portugal	147	Portugal	Europe & Central Asia	1
#C49A00	1.53	1988	Portugal	147	Portugal	Europe & Central Asia	1
#C49A00	1.48	1989	Portugal	147	Portugal	Europe & Central Asia	1
#C49A00	1.43	1990	Portugal	147	Portugal	Europe & Central Asia	1
#C49A00	1.42	1991	Portugal	147	Portugal	Europe & Central Asia	1
#C49A00	1.48	1992	Portugal	147	Portugal	Europe & Central Asia	1
#C49A00	1.53	1993	Portugal	147	Portugal	Europe & Central Asia	1
#C49A00	1.44	1994	Portugal	147	Portugal	Europe & Central Asia	1
#C49A00	1.38	1995	Portugal	147	Portugal	Europe & Central Asia	1
#C49A00	1.43	1996	Portugal	147	Portugal	Europe & Central Asia	1
#C49A00	1.46	1997	Portugal	147	Portugal	Europe & Central Asia	1
#C49A00	1.48	1998	Portugal	147	Portugal	Europe & Central Asia	1
#C49A00	1.5	1999	Portugal	147	Portugal	Europe & Central Asia	1
#C49A00	1.55	2000	Portugal	147	Portugal	Europe & Central Asia	1
#C49A00	1.45	2001	Portugal	147	Portugal	Europe & Central Asia	1
#C49A00	1.47	2002	Portugal	147	Portugal	Europe & Central Asia	1
#C49A00	1.44	2003	Portugal	147	Portugal	Europe & Central Asia	1
#C49A00	1.4	2004	Portugal	147	Portugal	Europe & Central Asia	1
#C49A00	1.4	2005	Portugal	147	Portugal	Europe & Central Asia	1
#C49A00	1.36	2006	Portugal	147	Portugal	Europe & Central Asia	1
#C49A00	1.33	2007	Portugal	147	Portugal	Europe & Central Asia	1
#C49A00	1.37	2008	Portugal	147	Portugal	Europe & Central Asia	1
#C49A00	1.32	2009	Portugal	147	Portugal	Europe & Central Asia	1
#C49A00	1.36	2010	Portugal	147	Portugal	Europe & Central Asia	1
#C49A00	1.35	2011	Portugal	147	Portugal	Europe & Central Asia	1
#F8766D	2.7572	1990	Palau	140	Palau	East Asia & Pacific	1
#F8766D	2.8605	1995	Palau	140	Palau	East Asia & Pacific	1
#F8766D	1.535	2000	Palau	140	Palau	East Asia & Pacific	1
#53B400	6.5	1960	Paraguay	143	Paraguay	Latin America & Caribbean	1
#53B400	6.489	1961	Paraguay	143	Paraguay	Latin America & Caribbean	1
#53B400	6.472	1962	Paraguay	143	Paraguay	Latin America & Caribbean	1
#53B400	6.447	1963	Paraguay	143	Paraguay	Latin America & Caribbean	1
#53B400	6.41	1964	Paraguay	143	Paraguay	Latin America & Caribbean	1
#53B400	6.356	1965	Paraguay	143	Paraguay	Latin America & Caribbean	1
#53B400	6.276	1966	Paraguay	143	Paraguay	Latin America & Caribbean	1
#53B400	6.17	1967	Paraguay	143	Paraguay	Latin America & Caribbean	1
#53B400	6.041	1968	Paraguay	143	Paraguay	Latin America & Caribbean	1
#53B400	5.894	1969	Paraguay	143	Paraguay	Latin America & Caribbean	1
#53B400	5.739	1970	Paraguay	143	Paraguay	Latin America & Caribbean	1
#53B400	5.589	1971	Paraguay	143	Paraguay	Latin America & Caribbean	1
#53B400	5.456	1972	Paraguay	143	Paraguay	Latin America & Caribbean	1
#53B400	5.347	1973	Paraguay	143	Paraguay	Latin America & Caribbean	1
#53B400	5.267	1974	Paraguay	143	Paraguay	Latin America & Caribbean	1
#53B400	5.217	1975	Paraguay	143	Paraguay	Latin America & Caribbean	1
#53B400	5.196	1976	Paraguay	143	Paraguay	Latin America & Caribbean	1
#53B400	5.195	1977	Paraguay	143	Paraguay	Latin America & Caribbean	1
#53B400	5.203	1978	Paraguay	143	Paraguay	Latin America & Caribbean	1
#53B400	5.214	1979	Paraguay	143	Paraguay	Latin America & Caribbean	1
#53B400	5.219	1980	Paraguay	143	Paraguay	Latin America & Caribbean	1
#53B400	5.213	1981	Paraguay	143	Paraguay	Latin America & Caribbean	1
#53B400	5.191	1982	Paraguay	143	Paraguay	Latin America & Caribbean	1
#53B400	5.151	1983	Paraguay	143	Paraguay	Latin America & Caribbean	1
#53B400	5.094	1984	Paraguay	143	Paraguay	Latin America & Caribbean	1
#53B400	5.02	1985	Paraguay	143	Paraguay	Latin America & Caribbean	1
#53B400	4.931	1986	Paraguay	143	Paraguay	Latin America & Caribbean	1
#53B400	4.835	1987	Paraguay	143	Paraguay	Latin America & Caribbean	1
#53B400	4.736	1988	Paraguay	143	Paraguay	Latin America & Caribbean	1
#53B400	4.637	1989	Paraguay	143	Paraguay	Latin America & Caribbean	1
#53B400	4.541	1990	Paraguay	143	Paraguay	Latin America & Caribbean	1
#53B400	4.448	1991	Paraguay	143	Paraguay	Latin America & Caribbean	1
#53B400	4.356	1992	Paraguay	143	Paraguay	Latin America & Caribbean	1
#53B400	4.266	1993	Paraguay	143	Paraguay	Latin America & Caribbean	1
#53B400	4.177	1994	Paraguay	143	Paraguay	Latin America & Caribbean	1
#53B400	4.09	1995	Paraguay	143	Paraguay	Latin America & Caribbean	1
#53B400	4.005	1996	Paraguay	143	Paraguay	Latin America & Caribbean	1
#53B400	3.921	1997	Paraguay	143	Paraguay	Latin America & Caribbean	1
#53B400	3.839	1998	Paraguay	143	Paraguay	Latin America & Caribbean	1
#53B400	3.758	1999	Paraguay	143	Paraguay	Latin America & Caribbean	1
#53B400	3.677	2000	Paraguay	143	Paraguay	Latin America & Caribbean	1
#53B400	3.595	2001	Paraguay	143	Paraguay	Latin America & Caribbean	1
#53B400	3.513	2002	Paraguay	143	Paraguay	Latin America & Caribbean	1
#53B400	3.43	2003	Paraguay	143	Paraguay	Latin America & Caribbean	1
#53B400	3.348	2004	Paraguay	143	Paraguay	Latin America & Caribbean	1
#53B400	3.268	2005	Paraguay	143	Paraguay	Latin America & Caribbean	1
#53B400	3.192	2006	Paraguay	143	Paraguay	Latin America & Caribbean	1
#53B400	3.122	2007	Paraguay	143	Paraguay	Latin America & Caribbean	1
#53B400	3.059	2008	Paraguay	143	Paraguay	Latin America & Caribbean	1
#53B400	3.004	2009	Paraguay	143	Paraguay	Latin America & Caribbean	1
#53B400	2.954	2010	Paraguay	143	Paraguay	Latin America & Caribbean	1
#53B400	2.911	2011	Paraguay	143	Paraguay	Latin America & Caribbean	1
#00C094	6.971	1960	Qatar	149	Qatar	Middle East & North Africa	1
#00C094	6.973	1961	Qatar	149	Qatar	Middle East & North Africa	1
#00C094	6.977	1962	Qatar	149	Qatar	Middle East & North Africa	1
#00C094	6.981	1963	Qatar	149	Qatar	Middle East & North Africa	1
#00C094	6.985	1964	Qatar	149	Qatar	Middle East & North Africa	1
#00C094	6.987	1965	Qatar	149	Qatar	Middle East & North Africa	1
#00C094	6.987	1966	Qatar	149	Qatar	Middle East & North Africa	1
#00C094	6.983	1967	Qatar	149	Qatar	Middle East & North Africa	1
#00C094	6.973	1968	Qatar	149	Qatar	Middle East & North Africa	1
#00C094	6.952	1969	Qatar	149	Qatar	Middle East & North Africa	1
#00C094	6.918	1970	Qatar	149	Qatar	Middle East & North Africa	1
#00C094	6.866	1971	Qatar	149	Qatar	Middle East & North Africa	1
#00C094	6.794	1972	Qatar	149	Qatar	Middle East & North Africa	1
#00C094	6.703	1973	Qatar	149	Qatar	Middle East & North Africa	1
#00C094	6.595	1974	Qatar	149	Qatar	Middle East & North Africa	1
#00C094	6.473	1975	Qatar	149	Qatar	Middle East & North Africa	1
#00C094	6.343	1976	Qatar	149	Qatar	Middle East & North Africa	1
#00C094	6.208	1977	Qatar	149	Qatar	Middle East & North Africa	1
#00C094	6.074	1978	Qatar	149	Qatar	Middle East & North Africa	1
#00C094	5.94	1979	Qatar	149	Qatar	Middle East & North Africa	1
#00C094	5.804	1980	Qatar	149	Qatar	Middle East & North Africa	1
#00C094	5.659	1981	Qatar	149	Qatar	Middle East & North Africa	1
#00C094	5.502	1982	Qatar	149	Qatar	Middle East & North Africa	1
#00C094	5.33	1983	Qatar	149	Qatar	Middle East & North Africa	1
#00C094	5.148	1984	Qatar	149	Qatar	Middle East & North Africa	1
#00C094	4.962	1985	Qatar	149	Qatar	Middle East & North Africa	1
#00C094	4.782	1986	Qatar	149	Qatar	Middle East & North Africa	1
#00C094	4.617	1987	Qatar	149	Qatar	Middle East & North Africa	1
#00C094	4.471	1988	Qatar	149	Qatar	Middle East & North Africa	1
#00C094	4.345	1989	Qatar	149	Qatar	Middle East & North Africa	1
#00C094	4.234	1990	Qatar	149	Qatar	Middle East & North Africa	1
#00C094	4.129	1991	Qatar	149	Qatar	Middle East & North Africa	1
#00C094	4.02	1992	Qatar	149	Qatar	Middle East & North Africa	1
#00C094	3.902	1993	Qatar	149	Qatar	Middle East & North Africa	1
#00C094	3.774	1994	Qatar	149	Qatar	Middle East & North Africa	1
#00C094	3.642	1995	Qatar	149	Qatar	Middle East & North Africa	1
#00C094	3.514	1996	Qatar	149	Qatar	Middle East & North Africa	1
#00C094	3.398	1997	Qatar	149	Qatar	Middle East & North Africa	1
#00C094	3.3	1998	Qatar	149	Qatar	Middle East & North Africa	1
#00C094	3.219	1999	Qatar	149	Qatar	Middle East & North Africa	1
#00C094	3.149	2000	Qatar	149	Qatar	Middle East & North Africa	1
#00C094	3.08	2001	Qatar	149	Qatar	Middle East & North Africa	1
#00C094	3.004	2002	Qatar	149	Qatar	Middle East & North Africa	1
#00C094	2.914	2003	Qatar	149	Qatar	Middle East & North Africa	1
#00C094	2.811	2004	Qatar	149	Qatar	Middle East & North Africa	1
#00C094	2.7	2005	Qatar	149	Qatar	Middle East & North Africa	1
#00C094	2.587	2006	Qatar	149	Qatar	Middle East & North Africa	1
#00C094	2.483	2007	Qatar	149	Qatar	Middle East & North Africa	1
#00C094	2.395	2008	Qatar	149	Qatar	Middle East & North Africa	1
#00C094	2.324	2009	Qatar	149	Qatar	Middle East & North Africa	1
#00C094	2.271	2010	Qatar	149	Qatar	Middle East & North Africa	1
#00C094	2.232	2011	Qatar	149	Qatar	Middle East & North Africa	1
#C49A00	2.34	1960	Romania	150	Romania	Europe & Central Asia	1
#C49A00	2.173	1961	Romania	150	Romania	Europe & Central Asia	1
#C49A00	2.04	1962	Romania	150	Romania	Europe & Central Asia	1
#C49A00	2.008	1963	Romania	150	Romania	Europe & Central Asia	1
#C49A00	1.963	1964	Romania	150	Romania	Europe & Central Asia	1
#C49A00	1.907	1965	Romania	150	Romania	Europe & Central Asia	1
#C49A00	1.9	1966	Romania	150	Romania	Europe & Central Asia	1
#C49A00	3.66	1967	Romania	150	Romania	Europe & Central Asia	1
#C49A00	3.63	1968	Romania	150	Romania	Europe & Central Asia	1
#C49A00	3.19	1969	Romania	150	Romania	Europe & Central Asia	1
#C49A00	2.886	1970	Romania	150	Romania	Europe & Central Asia	1
#C49A00	2.67	1971	Romania	150	Romania	Europe & Central Asia	1
#C49A00	2.548	1972	Romania	150	Romania	Europe & Central Asia	1
#C49A00	2.439	1973	Romania	150	Romania	Europe & Central Asia	1
#C49A00	2.71	1974	Romania	150	Romania	Europe & Central Asia	1
#C49A00	2.6	1975	Romania	150	Romania	Europe & Central Asia	1
#C49A00	2.55	1976	Romania	150	Romania	Europe & Central Asia	1
#C49A00	2.57	1977	Romania	150	Romania	Europe & Central Asia	1
#C49A00	2.52	1978	Romania	150	Romania	Europe & Central Asia	1
#C49A00	2.48	1979	Romania	150	Romania	Europe & Central Asia	1
#C49A00	2.43	1980	Romania	150	Romania	Europe & Central Asia	1
#C49A00	2.36	1981	Romania	150	Romania	Europe & Central Asia	1
#C49A00	2.166	1982	Romania	150	Romania	Europe & Central Asia	1
#C49A00	2.06	1983	Romania	150	Romania	Europe & Central Asia	1
#C49A00	2.26	1984	Romania	150	Romania	Europe & Central Asia	1
#C49A00	2.31	1985	Romania	150	Romania	Europe & Central Asia	1
#C49A00	2.386	1986	Romania	150	Romania	Europe & Central Asia	1
#C49A00	2.313	1987	Romania	150	Romania	Europe & Central Asia	1
#C49A00	2.306	1988	Romania	150	Romania	Europe & Central Asia	1
#C49A00	2.2	1989	Romania	150	Romania	Europe & Central Asia	1
#C49A00	1.84	1990	Romania	150	Romania	Europe & Central Asia	1
#C49A00	1.57	1991	Romania	150	Romania	Europe & Central Asia	1
#C49A00	1.52	1992	Romania	150	Romania	Europe & Central Asia	1
#C49A00	1.44	1993	Romania	150	Romania	Europe & Central Asia	1
#C49A00	1.41	1994	Romania	150	Romania	Europe & Central Asia	1
#C49A00	1.343	1995	Romania	150	Romania	Europe & Central Asia	1
#C49A00	1.3	1996	Romania	150	Romania	Europe & Central Asia	1
#C49A00	1.32	1997	Romania	150	Romania	Europe & Central Asia	1
#C49A00	1.32	1998	Romania	150	Romania	Europe & Central Asia	1
#C49A00	1.3	1999	Romania	150	Romania	Europe & Central Asia	1
#C49A00	1.31	2000	Romania	150	Romania	Europe & Central Asia	1
#C49A00	1.27	2001	Romania	150	Romania	Europe & Central Asia	1
#C49A00	1.25	2002	Romania	150	Romania	Europe & Central Asia	1
#C49A00	1.27	2003	Romania	150	Romania	Europe & Central Asia	1
#C49A00	1.29	2004	Romania	150	Romania	Europe & Central Asia	1
#C49A00	1.32	2005	Romania	150	Romania	Europe & Central Asia	1
#C49A00	1.32	2006	Romania	150	Romania	Europe & Central Asia	1
#C49A00	1.3	2007	Romania	150	Romania	Europe & Central Asia	1
#C49A00	1.35	2008	Romania	150	Romania	Europe & Central Asia	1
#C49A00	1.38	2009	Romania	150	Romania	Europe & Central Asia	1
#C49A00	1.33	2010	Romania	150	Romania	Europe & Central Asia	1
#C49A00	1.25	2011	Romania	150	Romania	Europe & Central Asia	1
#C49A00	1.8	1991	Serbia	157	Serbia	Europe & Central Asia	1
#C49A00	1.6	1997	Serbia	157	Serbia	Europe & Central Asia	1
#C49A00	1.48	2000	Serbia	157	Serbia	Europe & Central Asia	1
#C49A00	1.58	2001	Serbia	157	Serbia	Europe & Central Asia	1
#C49A00	1.57	2002	Serbia	157	Serbia	Europe & Central Asia	1
#C49A00	1.59	2003	Serbia	157	Serbia	Europe & Central Asia	1
#C49A00	1.57	2004	Serbia	157	Serbia	Europe & Central Asia	1
#C49A00	1.45	2005	Serbia	157	Serbia	Europe & Central Asia	1
#C49A00	1.43	2006	Serbia	157	Serbia	Europe & Central Asia	1
#C49A00	1.38	2007	Serbia	157	Serbia	Europe & Central Asia	1
#C49A00	1.4	2008	Serbia	157	Serbia	Europe & Central Asia	1
#C49A00	1.44	2009	Serbia	157	Serbia	Europe & Central Asia	1
#C49A00	1.4	2010	Serbia	157	Serbia	Europe & Central Asia	1
#C49A00	1.36	2011	Serbia	157	Serbia	Europe & Central Asia	1
#C49A00	2.52	1960	Russian Federation	151	Russian Federation	Europe & Central Asia	1
#C49A00	2.45	1961	Russian Federation	151	Russian Federation	Europe & Central Asia	1
#C49A00	2.36	1962	Russian Federation	151	Russian Federation	Europe & Central Asia	1
#C49A00	2.27	1963	Russian Federation	151	Russian Federation	Europe & Central Asia	1
#C49A00	2.18	1964	Russian Federation	151	Russian Federation	Europe & Central Asia	1
#C49A00	2.13	1965	Russian Federation	151	Russian Federation	Europe & Central Asia	1
#C49A00	2.1	1966	Russian Federation	151	Russian Federation	Europe & Central Asia	1
#C49A00	2.04	1967	Russian Federation	151	Russian Federation	Europe & Central Asia	1
#C49A00	1.99	1968	Russian Federation	151	Russian Federation	Europe & Central Asia	1
#C49A00	1.97	1969	Russian Federation	151	Russian Federation	Europe & Central Asia	1
#C49A00	1.99	1970	Russian Federation	151	Russian Federation	Europe & Central Asia	1
#C49A00	2.03	1971	Russian Federation	151	Russian Federation	Europe & Central Asia	1
#C49A00	2.04	1972	Russian Federation	151	Russian Federation	Europe & Central Asia	1
#C49A00	2.01	1973	Russian Federation	151	Russian Federation	Europe & Central Asia	1
#C49A00	2	1974	Russian Federation	151	Russian Federation	Europe & Central Asia	1
#C49A00	1.98	1975	Russian Federation	151	Russian Federation	Europe & Central Asia	1
#C49A00	1.97	1976	Russian Federation	151	Russian Federation	Europe & Central Asia	1
#C49A00	1.95	1977	Russian Federation	151	Russian Federation	Europe & Central Asia	1
#C49A00	1.92	1978	Russian Federation	151	Russian Federation	Europe & Central Asia	1
#C49A00	1.9	1979	Russian Federation	151	Russian Federation	Europe & Central Asia	1
#C49A00	1.89	1980	Russian Federation	151	Russian Federation	Europe & Central Asia	1
#C49A00	1.91	1981	Russian Federation	151	Russian Federation	Europe & Central Asia	1
#C49A00	2.04	1982	Russian Federation	151	Russian Federation	Europe & Central Asia	1
#C49A00	2.11	1983	Russian Federation	151	Russian Federation	Europe & Central Asia	1
#C49A00	2.06	1984	Russian Federation	151	Russian Federation	Europe & Central Asia	1
#C49A00	2.05	1985	Russian Federation	151	Russian Federation	Europe & Central Asia	1
#C49A00	2.15	1986	Russian Federation	151	Russian Federation	Europe & Central Asia	1
#C49A00	2.22	1987	Russian Federation	151	Russian Federation	Europe & Central Asia	1
#C49A00	2.12	1988	Russian Federation	151	Russian Federation	Europe & Central Asia	1
#C49A00	2.01	1989	Russian Federation	151	Russian Federation	Europe & Central Asia	1
#C49A00	1.89	1990	Russian Federation	151	Russian Federation	Europe & Central Asia	1
#C49A00	1.732	1991	Russian Federation	151	Russian Federation	Europe & Central Asia	1
#C49A00	1.552	1992	Russian Federation	151	Russian Federation	Europe & Central Asia	1
#C49A00	1.385	1993	Russian Federation	151	Russian Federation	Europe & Central Asia	1
#C49A00	1.4	1994	Russian Federation	151	Russian Federation	Europe & Central Asia	1
#C49A00	1.34	1995	Russian Federation	151	Russian Federation	Europe & Central Asia	1
#C49A00	1.277	1996	Russian Federation	151	Russian Federation	Europe & Central Asia	1
#C49A00	1.23	1997	Russian Federation	151	Russian Federation	Europe & Central Asia	1
#C49A00	1.24	1998	Russian Federation	151	Russian Federation	Europe & Central Asia	1
#C49A00	1.17	1999	Russian Federation	151	Russian Federation	Europe & Central Asia	1
#C49A00	1.21	2000	Russian Federation	151	Russian Federation	Europe & Central Asia	1
#C49A00	1.25	2001	Russian Federation	151	Russian Federation	Europe & Central Asia	1
#C49A00	1.3	2002	Russian Federation	151	Russian Federation	Europe & Central Asia	1
#C49A00	1.31	2003	Russian Federation	151	Russian Federation	Europe & Central Asia	1
#C49A00	1.33	2004	Russian Federation	151	Russian Federation	Europe & Central Asia	1
#C49A00	1.29	2005	Russian Federation	151	Russian Federation	Europe & Central Asia	1
#C49A00	1.3	2006	Russian Federation	151	Russian Federation	Europe & Central Asia	1
#C49A00	1.41	2007	Russian Federation	151	Russian Federation	Europe & Central Asia	1
#C49A00	1.49	2008	Russian Federation	151	Russian Federation	Europe & Central Asia	1
#C49A00	1.54	2009	Russian Federation	151	Russian Federation	Europe & Central Asia	1
#C49A00	1.54	2010	Russian Federation	151	Russian Federation	Europe & Central Asia	1
#C49A00	1.54	2011	Russian Federation	151	Russian Federation	Europe & Central Asia	1
#FB61D7	8.165	1960	Rwanda	152	Rwanda	Sub-Saharan Africa	1
#FB61D7	8.161	1961	Rwanda	152	Rwanda	Sub-Saharan Africa	1
#FB61D7	8.153	1962	Rwanda	152	Rwanda	Sub-Saharan Africa	1
#FB61D7	8.142	1963	Rwanda	152	Rwanda	Sub-Saharan Africa	1
#FB61D7	8.129	1964	Rwanda	152	Rwanda	Sub-Saharan Africa	1
#FB61D7	8.118	1965	Rwanda	152	Rwanda	Sub-Saharan Africa	1
#FB61D7	8.111	1966	Rwanda	152	Rwanda	Sub-Saharan Africa	1
#FB61D7	8.11	1967	Rwanda	152	Rwanda	Sub-Saharan Africa	1
#FB61D7	8.115	1968	Rwanda	152	Rwanda	Sub-Saharan Africa	1
#FB61D7	8.126	1969	Rwanda	152	Rwanda	Sub-Saharan Africa	1
#FB61D7	8.143	1970	Rwanda	152	Rwanda	Sub-Saharan Africa	1
#FB61D7	8.163	1971	Rwanda	152	Rwanda	Sub-Saharan Africa	1
#FB61D7	8.183	1972	Rwanda	152	Rwanda	Sub-Saharan Africa	1
#FB61D7	8.203	1973	Rwanda	152	Rwanda	Sub-Saharan Africa	1
#FB61D7	8.219	1974	Rwanda	152	Rwanda	Sub-Saharan Africa	1
#FB61D7	8.234	1975	Rwanda	152	Rwanda	Sub-Saharan Africa	1
#FB61D7	8.248	1976	Rwanda	152	Rwanda	Sub-Saharan Africa	1
#FB61D7	8.262	1977	Rwanda	152	Rwanda	Sub-Saharan Africa	1
#FB61D7	8.275	1978	Rwanda	152	Rwanda	Sub-Saharan Africa	1
#FB61D7	8.286	1979	Rwanda	152	Rwanda	Sub-Saharan Africa	1
#FB61D7	8.292	1980	Rwanda	152	Rwanda	Sub-Saharan Africa	1
#FB61D7	8.293	1981	Rwanda	152	Rwanda	Sub-Saharan Africa	1
#FB61D7	8.284	1982	Rwanda	152	Rwanda	Sub-Saharan Africa	1
#FB61D7	8.26	1983	Rwanda	152	Rwanda	Sub-Saharan Africa	1
#FB61D7	8.216	1984	Rwanda	152	Rwanda	Sub-Saharan Africa	1
#FB61D7	8.136	1985	Rwanda	152	Rwanda	Sub-Saharan Africa	1
#FB61D7	8.007	1986	Rwanda	152	Rwanda	Sub-Saharan Africa	1
#FB61D7	7.825	1987	Rwanda	152	Rwanda	Sub-Saharan Africa	1
#FB61D7	7.594	1988	Rwanda	152	Rwanda	Sub-Saharan Africa	1
#FB61D7	7.326	1989	Rwanda	152	Rwanda	Sub-Saharan Africa	1
#FB61D7	7.04	1990	Rwanda	152	Rwanda	Sub-Saharan Africa	1
#FB61D7	6.763	1991	Rwanda	152	Rwanda	Sub-Saharan Africa	1
#FB61D7	6.516	1992	Rwanda	152	Rwanda	Sub-Saharan Africa	1
#FB61D7	6.316	1993	Rwanda	152	Rwanda	Sub-Saharan Africa	1
#FB61D7	6.167	1994	Rwanda	152	Rwanda	Sub-Saharan Africa	1
#FB61D7	6.068	1995	Rwanda	152	Rwanda	Sub-Saharan Africa	1
#FB61D7	6.005	1996	Rwanda	152	Rwanda	Sub-Saharan Africa	1
#FB61D7	5.958	1997	Rwanda	152	Rwanda	Sub-Saharan Africa	1
#FB61D7	5.909	1998	Rwanda	152	Rwanda	Sub-Saharan Africa	1
#FB61D7	5.852	1999	Rwanda	152	Rwanda	Sub-Saharan Africa	1
#FB61D7	5.786	2000	Rwanda	152	Rwanda	Sub-Saharan Africa	1
#FB61D7	5.715	2001	Rwanda	152	Rwanda	Sub-Saharan Africa	1
#FB61D7	5.646	2002	Rwanda	152	Rwanda	Sub-Saharan Africa	1
#FB61D7	5.586	2003	Rwanda	152	Rwanda	Sub-Saharan Africa	1
#FB61D7	5.536	2004	Rwanda	152	Rwanda	Sub-Saharan Africa	1
#FB61D7	5.497	2005	Rwanda	152	Rwanda	Sub-Saharan Africa	1
#FB61D7	5.466	2006	Rwanda	152	Rwanda	Sub-Saharan Africa	1
#FB61D7	5.442	2007	Rwanda	152	Rwanda	Sub-Saharan Africa	1
#FB61D7	5.42	2008	Rwanda	152	Rwanda	Sub-Saharan Africa	1
#FB61D7	5.398	2009	Rwanda	152	Rwanda	Sub-Saharan Africa	1
#FB61D7	5.371	2010	Rwanda	152	Rwanda	Sub-Saharan Africa	1
#FB61D7	5.339	2011	Rwanda	152	Rwanda	Sub-Saharan Africa	1
#00C094	7.216	1960	Saudi Arabia	155	Saudi Arabia	Middle East & North Africa	1
#00C094	7.23	1961	Saudi Arabia	155	Saudi Arabia	Middle East & North Africa	1
#00C094	7.243	1962	Saudi Arabia	155	Saudi Arabia	Middle East & North Africa	1
#00C094	7.252	1963	Saudi Arabia	155	Saudi Arabia	Middle East & North Africa	1
#00C094	7.257	1964	Saudi Arabia	155	Saudi Arabia	Middle East & North Africa	1
#00C094	7.26	1965	Saudi Arabia	155	Saudi Arabia	Middle East & North Africa	1
#00C094	7.262	1966	Saudi Arabia	155	Saudi Arabia	Middle East & North Africa	1
#00C094	7.264	1967	Saudi Arabia	155	Saudi Arabia	Middle East & North Africa	1
#00C094	7.267	1968	Saudi Arabia	155	Saudi Arabia	Middle East & North Africa	1
#00C094	7.273	1969	Saudi Arabia	155	Saudi Arabia	Middle East & North Africa	1
#00C094	7.28	1970	Saudi Arabia	155	Saudi Arabia	Middle East & North Africa	1
#00C094	7.289	1971	Saudi Arabia	155	Saudi Arabia	Middle East & North Africa	1
#00C094	7.299	1972	Saudi Arabia	155	Saudi Arabia	Middle East & North Africa	1
#00C094	7.307	1973	Saudi Arabia	155	Saudi Arabia	Middle East & North Africa	1
#00C094	7.312	1974	Saudi Arabia	155	Saudi Arabia	Middle East & North Africa	1
#00C094	7.313	1975	Saudi Arabia	155	Saudi Arabia	Middle East & North Africa	1
#00C094	7.309	1976	Saudi Arabia	155	Saudi Arabia	Middle East & North Africa	1
#00C094	7.299	1977	Saudi Arabia	155	Saudi Arabia	Middle East & North Africa	1
#00C094	7.281	1978	Saudi Arabia	155	Saudi Arabia	Middle East & North Africa	1
#00C094	7.252	1979	Saudi Arabia	155	Saudi Arabia	Middle East & North Africa	1
#00C094	7.206	1980	Saudi Arabia	155	Saudi Arabia	Middle East & North Africa	1
#00C094	7.14	1981	Saudi Arabia	155	Saudi Arabia	Middle East & North Africa	1
#00C094	7.05	1982	Saudi Arabia	155	Saudi Arabia	Middle East & North Africa	1
#00C094	6.939	1983	Saudi Arabia	155	Saudi Arabia	Middle East & North Africa	1
#00C094	6.806	1984	Saudi Arabia	155	Saudi Arabia	Middle East & North Africa	1
#00C094	6.656	1985	Saudi Arabia	155	Saudi Arabia	Middle East & North Africa	1
#00C094	6.496	1986	Saudi Arabia	155	Saudi Arabia	Middle East & North Africa	1
#00C094	6.331	1987	Saudi Arabia	155	Saudi Arabia	Middle East & North Africa	1
#00C094	6.166	1988	Saudi Arabia	155	Saudi Arabia	Middle East & North Africa	1
#00C094	6.004	1989	Saudi Arabia	155	Saudi Arabia	Middle East & North Africa	1
#00C094	5.844	1990	Saudi Arabia	155	Saudi Arabia	Middle East & North Africa	1
#00C094	5.685	1991	Saudi Arabia	155	Saudi Arabia	Middle East & North Africa	1
#00C094	5.522	1992	Saudi Arabia	155	Saudi Arabia	Middle East & North Africa	1
#00C094	5.352	1993	Saudi Arabia	155	Saudi Arabia	Middle East & North Africa	1
#00C094	5.174	1994	Saudi Arabia	155	Saudi Arabia	Middle East & North Africa	1
#00C094	4.989	1995	Saudi Arabia	155	Saudi Arabia	Middle East & North Africa	1
#00C094	4.795	1996	Saudi Arabia	155	Saudi Arabia	Middle East & North Africa	1
#00C094	4.594	1997	Saudi Arabia	155	Saudi Arabia	Middle East & North Africa	1
#00C094	4.39	1998	Saudi Arabia	155	Saudi Arabia	Middle East & North Africa	1
#00C094	4.187	1999	Saudi Arabia	155	Saudi Arabia	Middle East & North Africa	1
#00C094	3.99	2000	Saudi Arabia	155	Saudi Arabia	Middle East & North Africa	1
#00C094	3.805	2001	Saudi Arabia	155	Saudi Arabia	Middle East & North Africa	1
#00C094	3.635	2002	Saudi Arabia	155	Saudi Arabia	Middle East & North Africa	1
#00C094	3.484	2003	Saudi Arabia	155	Saudi Arabia	Middle East & North Africa	1
#00C094	3.352	2004	Saudi Arabia	155	Saudi Arabia	Middle East & North Africa	1
#00C094	3.237	2005	Saudi Arabia	155	Saudi Arabia	Middle East & North Africa	1
#00C094	3.138	2006	Saudi Arabia	155	Saudi Arabia	Middle East & North Africa	1
#00C094	3.049	2007	Saudi Arabia	155	Saudi Arabia	Middle East & North Africa	1
#00C094	2.966	2008	Saudi Arabia	155	Saudi Arabia	Middle East & North Africa	1
#00C094	2.887	2009	Saudi Arabia	155	Saudi Arabia	Middle East & North Africa	1
#00C094	2.811	2010	Saudi Arabia	155	Saudi Arabia	Middle East & North Africa	1
#00C094	2.738	2011	Saudi Arabia	155	Saudi Arabia	Middle East & North Africa	1
#F8766D	6.388	1960	Solomon Islands	164	Solomon Islands	East Asia & Pacific	1
#F8766D	6.385	1961	Solomon Islands	164	Solomon Islands	East Asia & Pacific	1
#F8766D	6.383	1962	Solomon Islands	164	Solomon Islands	East Asia & Pacific	1
#F8766D	6.385	1963	Solomon Islands	164	Solomon Islands	East Asia & Pacific	1
#F8766D	6.394	1964	Solomon Islands	164	Solomon Islands	East Asia & Pacific	1
#F8766D	6.419	1965	Solomon Islands	164	Solomon Islands	East Asia & Pacific	1
#F8766D	6.47	1966	Solomon Islands	164	Solomon Islands	East Asia & Pacific	1
#F8766D	6.549	1967	Solomon Islands	164	Solomon Islands	East Asia & Pacific	1
#F8766D	6.655	1968	Solomon Islands	164	Solomon Islands	East Asia & Pacific	1
#F8766D	6.781	1969	Solomon Islands	164	Solomon Islands	East Asia & Pacific	1
#F8766D	6.914	1970	Solomon Islands	164	Solomon Islands	East Asia & Pacific	1
#F8766D	7.04	1971	Solomon Islands	164	Solomon Islands	East Asia & Pacific	1
#F8766D	7.145	1972	Solomon Islands	164	Solomon Islands	East Asia & Pacific	1
#F8766D	7.216	1973	Solomon Islands	164	Solomon Islands	East Asia & Pacific	1
#F8766D	7.248	1974	Solomon Islands	164	Solomon Islands	East Asia & Pacific	1
#F8766D	7.236	1975	Solomon Islands	164	Solomon Islands	East Asia & Pacific	1
#F8766D	7.182	1976	Solomon Islands	164	Solomon Islands	East Asia & Pacific	1
#F8766D	7.096	1977	Solomon Islands	164	Solomon Islands	East Asia & Pacific	1
#F8766D	6.99	1978	Solomon Islands	164	Solomon Islands	East Asia & Pacific	1
#F8766D	6.871	1979	Solomon Islands	164	Solomon Islands	East Asia & Pacific	1
#F8766D	6.748	1980	Solomon Islands	164	Solomon Islands	East Asia & Pacific	1
#F8766D	6.632	1981	Solomon Islands	164	Solomon Islands	East Asia & Pacific	1
#F8766D	6.525	1982	Solomon Islands	164	Solomon Islands	East Asia & Pacific	1
#F8766D	6.431	1983	Solomon Islands	164	Solomon Islands	East Asia & Pacific	1
#F8766D	6.349	1984	Solomon Islands	164	Solomon Islands	East Asia & Pacific	1
#F8766D	6.278	1985	Solomon Islands	164	Solomon Islands	East Asia & Pacific	1
#F8766D	6.211	1986	Solomon Islands	164	Solomon Islands	East Asia & Pacific	1
#F8766D	6.139	1987	Solomon Islands	164	Solomon Islands	East Asia & Pacific	1
#F8766D	6.056	1988	Solomon Islands	164	Solomon Islands	East Asia & Pacific	1
#F8766D	5.961	1989	Solomon Islands	164	Solomon Islands	East Asia & Pacific	1
#F8766D	5.851	1990	Solomon Islands	164	Solomon Islands	East Asia & Pacific	1
#F8766D	5.728	1991	Solomon Islands	164	Solomon Islands	East Asia & Pacific	1
#F8766D	5.596	1992	Solomon Islands	164	Solomon Islands	East Asia & Pacific	1
#F8766D	5.461	1993	Solomon Islands	164	Solomon Islands	East Asia & Pacific	1
#F8766D	5.326	1994	Solomon Islands	164	Solomon Islands	East Asia & Pacific	1
#F8766D	5.197	1995	Solomon Islands	164	Solomon Islands	East Asia & Pacific	1
#F8766D	5.077	1996	Solomon Islands	164	Solomon Islands	East Asia & Pacific	1
#F8766D	4.968	1997	Solomon Islands	164	Solomon Islands	East Asia & Pacific	1
#F8766D	4.872	1998	Solomon Islands	164	Solomon Islands	East Asia & Pacific	1
#F8766D	4.789	1999	Solomon Islands	164	Solomon Islands	East Asia & Pacific	1
#F8766D	4.72	2000	Solomon Islands	164	Solomon Islands	East Asia & Pacific	1
#F8766D	4.665	2001	Solomon Islands	164	Solomon Islands	East Asia & Pacific	1
#F8766D	4.619	2002	Solomon Islands	164	Solomon Islands	East Asia & Pacific	1
#F8766D	4.579	2003	Solomon Islands	164	Solomon Islands	East Asia & Pacific	1
#F8766D	4.541	2004	Solomon Islands	164	Solomon Islands	East Asia & Pacific	1
#F8766D	4.503	2005	Solomon Islands	164	Solomon Islands	East Asia & Pacific	1
#F8766D	4.46	2006	Solomon Islands	164	Solomon Islands	East Asia & Pacific	1
#F8766D	4.412	2007	Solomon Islands	164	Solomon Islands	East Asia & Pacific	1
#F8766D	4.358	2008	Solomon Islands	164	Solomon Islands	East Asia & Pacific	1
#F8766D	4.296	2009	Solomon Islands	164	Solomon Islands	East Asia & Pacific	1
#F8766D	4.229	2010	Solomon Islands	164	Solomon Islands	East Asia & Pacific	1
#F8766D	4.157	2011	Solomon Islands	164	Solomon Islands	East Asia & Pacific	1
#FB61D7	3.5	1982	Seychelles	158	Seychelles	Sub-Saharan Africa	1
#FB61D7	3	1987	Seychelles	158	Seychelles	Sub-Saharan Africa	1
#FB61D7	2.696	1992	Seychelles	158	Seychelles	Sub-Saharan Africa	1
#FB61D7	2.1	1997	Seychelles	158	Seychelles	Sub-Saharan Africa	1
#FB61D7	2.04	2002	Seychelles	158	Seychelles	Sub-Saharan Africa	1
#FB61D7	2.1	2003	Seychelles	158	Seychelles	Sub-Saharan Africa	1
#FB61D7	2	2004	Seychelles	158	Seychelles	Sub-Saharan Africa	1
#FB61D7	2.2	2005	Seychelles	158	Seychelles	Sub-Saharan Africa	1
#FB61D7	2.1	2006	Seychelles	158	Seychelles	Sub-Saharan Africa	1
#FB61D7	2.24	2007	Seychelles	158	Seychelles	Sub-Saharan Africa	1
#FB61D7	2.3	2008	Seychelles	158	Seychelles	Sub-Saharan Africa	1
#FB61D7	2.4	2009	Seychelles	158	Seychelles	Sub-Saharan Africa	1
#FB61D7	2.1	2010	Seychelles	158	Seychelles	Sub-Saharan Africa	1
#FB61D7	2.1	2011	Seychelles	158	Seychelles	Sub-Saharan Africa	1
#FB61D7	6.625	1960	Sudan	173	Sudan	Sub-Saharan Africa	1
#FB61D7	6.616	1961	Sudan	173	Sudan	Sub-Saharan Africa	1
#FB61D7	6.608	1962	Sudan	173	Sudan	Sub-Saharan Africa	1
#FB61D7	6.602	1963	Sudan	173	Sudan	Sub-Saharan Africa	1
#FB61D7	6.598	1964	Sudan	173	Sudan	Sub-Saharan Africa	1
#FB61D7	6.597	1965	Sudan	173	Sudan	Sub-Saharan Africa	1
#FB61D7	6.598	1966	Sudan	173	Sudan	Sub-Saharan Africa	1
#FB61D7	6.6	1967	Sudan	173	Sudan	Sub-Saharan Africa	1
#FB61D7	6.603	1968	Sudan	173	Sudan	Sub-Saharan Africa	1
#FB61D7	6.605	1969	Sudan	173	Sudan	Sub-Saharan Africa	1
#FB61D7	6.606	1970	Sudan	173	Sudan	Sub-Saharan Africa	1
#FB61D7	6.606	1971	Sudan	173	Sudan	Sub-Saharan Africa	1
#FB61D7	6.603	1972	Sudan	173	Sudan	Sub-Saharan Africa	1
#FB61D7	6.597	1973	Sudan	173	Sudan	Sub-Saharan Africa	1
#FB61D7	6.587	1974	Sudan	173	Sudan	Sub-Saharan Africa	1
#FB61D7	6.573	1975	Sudan	173	Sudan	Sub-Saharan Africa	1
#FB61D7	6.555	1976	Sudan	173	Sudan	Sub-Saharan Africa	1
#FB61D7	6.533	1977	Sudan	173	Sudan	Sub-Saharan Africa	1
#FB61D7	6.507	1978	Sudan	173	Sudan	Sub-Saharan Africa	1
#FB61D7	6.476	1979	Sudan	173	Sudan	Sub-Saharan Africa	1
#FB61D7	6.442	1980	Sudan	173	Sudan	Sub-Saharan Africa	1
#FB61D7	6.404	1981	Sudan	173	Sudan	Sub-Saharan Africa	1
#FB61D7	6.361	1982	Sudan	173	Sudan	Sub-Saharan Africa	1
#FB61D7	6.316	1983	Sudan	173	Sudan	Sub-Saharan Africa	1
#FB61D7	6.268	1984	Sudan	173	Sudan	Sub-Saharan Africa	1
#FB61D7	6.218	1985	Sudan	173	Sudan	Sub-Saharan Africa	1
#FB61D7	6.166	1986	Sudan	173	Sudan	Sub-Saharan Africa	1
#FB61D7	6.113	1987	Sudan	173	Sudan	Sub-Saharan Africa	1
#FB61D7	6.059	1988	Sudan	173	Sudan	Sub-Saharan Africa	1
#FB61D7	6.005	1989	Sudan	173	Sudan	Sub-Saharan Africa	1
#FB61D7	5.95	1990	Sudan	173	Sudan	Sub-Saharan Africa	1
#FB61D7	5.895	1991	Sudan	173	Sudan	Sub-Saharan Africa	1
#FB61D7	5.84	1992	Sudan	173	Sudan	Sub-Saharan Africa	1
#FB61D7	5.784	1993	Sudan	173	Sudan	Sub-Saharan Africa	1
#FB61D7	5.727	1994	Sudan	173	Sudan	Sub-Saharan Africa	1
#FB61D7	5.668	1995	Sudan	173	Sudan	Sub-Saharan Africa	1
#FB61D7	5.608	1996	Sudan	173	Sudan	Sub-Saharan Africa	1
#FB61D7	5.546	1997	Sudan	173	Sudan	Sub-Saharan Africa	1
#FB61D7	5.481	1998	Sudan	173	Sudan	Sub-Saharan Africa	1
#FB61D7	5.413	1999	Sudan	173	Sudan	Sub-Saharan Africa	1
#FB61D7	5.34	2000	Sudan	173	Sudan	Sub-Saharan Africa	1
#FB61D7	5.259	2001	Sudan	173	Sudan	Sub-Saharan Africa	1
#FB61D7	5.17	2002	Sudan	173	Sudan	Sub-Saharan Africa	1
#FB61D7	5.075	2003	Sudan	173	Sudan	Sub-Saharan Africa	1
#FB61D7	4.973	2004	Sudan	173	Sudan	Sub-Saharan Africa	1
#FB61D7	4.869	2005	Sudan	173	Sudan	Sub-Saharan Africa	1
#FB61D7	4.765	2006	Sudan	173	Sudan	Sub-Saharan Africa	1
#FB61D7	4.664	2007	Sudan	173	Sudan	Sub-Saharan Africa	1
#FB61D7	4.569	2008	Sudan	173	Sudan	Sub-Saharan Africa	1
#FB61D7	4.481	2009	Sudan	173	Sudan	Sub-Saharan Africa	1
#FB61D7	4.4	2010	Sudan	173	Sudan	Sub-Saharan Africa	1
#FB61D7	4.325	2011	Sudan	173	Sudan	Sub-Saharan Africa	1
#C49A00	2.174	1960	Sweden	176	Sweden	Europe & Central Asia	1
#C49A00	2.213	1961	Sweden	176	Sweden	Europe & Central Asia	1
#C49A00	2.246	1962	Sweden	176	Sweden	Europe & Central Asia	1
#C49A00	2.328	1963	Sweden	176	Sweden	Europe & Central Asia	1
#C49A00	2.474	1964	Sweden	176	Sweden	Europe & Central Asia	1
#C49A00	2.391	1965	Sweden	176	Sweden	Europe & Central Asia	1
#C49A00	2.367	1966	Sweden	176	Sweden	Europe & Central Asia	1
#C49A00	2.281	1967	Sweden	176	Sweden	Europe & Central Asia	1
#C49A00	2.067	1968	Sweden	176	Sweden	Europe & Central Asia	1
#C49A00	1.943	1969	Sweden	176	Sweden	Europe & Central Asia	1
#C49A00	1.939	1970	Sweden	176	Sweden	Europe & Central Asia	1
#C49A00	1.978	1971	Sweden	176	Sweden	Europe & Central Asia	1
#C49A00	1.927	1972	Sweden	176	Sweden	Europe & Central Asia	1
#C49A00	1.88	1973	Sweden	176	Sweden	Europe & Central Asia	1
#C49A00	1.888	1974	Sweden	176	Sweden	Europe & Central Asia	1
#C49A00	1.779	1975	Sweden	176	Sweden	Europe & Central Asia	1
#C49A00	1.689	1976	Sweden	176	Sweden	Europe & Central Asia	1
#C49A00	1.644	1977	Sweden	176	Sweden	Europe & Central Asia	1
#C49A00	1.601	1978	Sweden	176	Sweden	Europe & Central Asia	1
#C49A00	1.657	1979	Sweden	176	Sweden	Europe & Central Asia	1
#C49A00	1.68	1980	Sweden	176	Sweden	Europe & Central Asia	1
#C49A00	1.63	1981	Sweden	176	Sweden	Europe & Central Asia	1
#C49A00	1.65	1982	Sweden	176	Sweden	Europe & Central Asia	1
#C49A00	1.61	1983	Sweden	176	Sweden	Europe & Central Asia	1
#C49A00	1.66	1984	Sweden	176	Sweden	Europe & Central Asia	1
#C49A00	1.74	1985	Sweden	176	Sweden	Europe & Central Asia	1
#C49A00	1.79	1986	Sweden	176	Sweden	Europe & Central Asia	1
#C49A00	1.9	1987	Sweden	176	Sweden	Europe & Central Asia	1
#C49A00	1.975	1988	Sweden	176	Sweden	Europe & Central Asia	1
#C49A00	2.02	1989	Sweden	176	Sweden	Europe & Central Asia	1
#C49A00	2.13	1990	Sweden	176	Sweden	Europe & Central Asia	1
#C49A00	2.11	1991	Sweden	176	Sweden	Europe & Central Asia	1
#C49A00	2.09	1992	Sweden	176	Sweden	Europe & Central Asia	1
#C49A00	2	1993	Sweden	176	Sweden	Europe & Central Asia	1
#C49A00	1.88	1994	Sweden	176	Sweden	Europe & Central Asia	1
#C49A00	1.73	1995	Sweden	176	Sweden	Europe & Central Asia	1
#C49A00	1.6	1996	Sweden	176	Sweden	Europe & Central Asia	1
#C49A00	1.52	1997	Sweden	176	Sweden	Europe & Central Asia	1
#C49A00	1.5	1998	Sweden	176	Sweden	Europe & Central Asia	1
#C49A00	1.5	1999	Sweden	176	Sweden	Europe & Central Asia	1
#C49A00	1.54	2000	Sweden	176	Sweden	Europe & Central Asia	1
#C49A00	1.57	2001	Sweden	176	Sweden	Europe & Central Asia	1
#C49A00	1.65	2002	Sweden	176	Sweden	Europe & Central Asia	1
#C49A00	1.71	2003	Sweden	176	Sweden	Europe & Central Asia	1
#C49A00	1.75	2004	Sweden	176	Sweden	Europe & Central Asia	1
#C49A00	1.77	2005	Sweden	176	Sweden	Europe & Central Asia	1
#C49A00	1.85	2006	Sweden	176	Sweden	Europe & Central Asia	1
#C49A00	1.88	2007	Sweden	176	Sweden	Europe & Central Asia	1
#C49A00	1.91	2008	Sweden	176	Sweden	Europe & Central Asia	1
#C49A00	1.94	2009	Sweden	176	Sweden	Europe & Central Asia	1
#C49A00	1.98	2010	Sweden	176	Sweden	Europe & Central Asia	1
#C49A00	1.9	2011	Sweden	176	Sweden	Europe & Central Asia	1
#F8766D	5.454	1960	Singapore	160	Singapore	East Asia & Pacific	1
#F8766D	5.256	1961	Singapore	160	Singapore	East Asia & Pacific	1
#F8766D	5.2	1962	Singapore	160	Singapore	East Asia & Pacific	1
#F8766D	5.007	1963	Singapore	160	Singapore	East Asia & Pacific	1
#F8766D	4.8525	1964	Singapore	160	Singapore	East Asia & Pacific	1
#F8766D	4.698	1965	Singapore	160	Singapore	East Asia & Pacific	1
#F8766D	4.498	1966	Singapore	160	Singapore	East Asia & Pacific	1
#F8766D	3.946	1967	Singapore	160	Singapore	East Asia & Pacific	1
#F8766D	3.562	1968	Singapore	160	Singapore	East Asia & Pacific	1
#F8766D	3.246	1969	Singapore	160	Singapore	East Asia & Pacific	1
#F8766D	3.086	1970	Singapore	160	Singapore	East Asia & Pacific	1
#F8766D	3.038	1971	Singapore	160	Singapore	East Asia & Pacific	1
#F8766D	3.048	1972	Singapore	160	Singapore	East Asia & Pacific	1
#F8766D	2.8	1973	Singapore	160	Singapore	East Asia & Pacific	1
#F8766D	2.359	1974	Singapore	160	Singapore	East Asia & Pacific	1
#F8766D	2.079	1975	Singapore	160	Singapore	East Asia & Pacific	1
#F8766D	2.111	1976	Singapore	160	Singapore	East Asia & Pacific	1
#F8766D	1.82	1977	Singapore	160	Singapore	East Asia & Pacific	1
#F8766D	1.759	1978	Singapore	160	Singapore	East Asia & Pacific	1
#F8766D	1.791	1979	Singapore	160	Singapore	East Asia & Pacific	1
#F8766D	1.737	1980	Singapore	160	Singapore	East Asia & Pacific	1
#F8766D	1.723	1981	Singapore	160	Singapore	East Asia & Pacific	1
#F8766D	1.706	1982	Singapore	160	Singapore	East Asia & Pacific	1
#F8766D	1.608	1983	Singapore	160	Singapore	East Asia & Pacific	1
#F8766D	1.615	1984	Singapore	160	Singapore	East Asia & Pacific	1
#F8766D	1.614	1985	Singapore	160	Singapore	East Asia & Pacific	1
#F8766D	1.433	1986	Singapore	160	Singapore	East Asia & Pacific	1
#F8766D	1.621	1987	Singapore	160	Singapore	East Asia & Pacific	1
#F8766D	1.956	1988	Singapore	160	Singapore	East Asia & Pacific	1
#F8766D	1.754	1989	Singapore	160	Singapore	East Asia & Pacific	1
#F8766D	1.865	1990	Singapore	160	Singapore	East Asia & Pacific	1
#F8766D	1.77	1991	Singapore	160	Singapore	East Asia & Pacific	1
#F8766D	1.76	1992	Singapore	160	Singapore	East Asia & Pacific	1
#F8766D	1.778	1993	Singapore	160	Singapore	East Asia & Pacific	1
#F8766D	1.75	1994	Singapore	160	Singapore	East Asia & Pacific	1
#F8766D	1.71	1995	Singapore	160	Singapore	East Asia & Pacific	1
#F8766D	1.696	1996	Singapore	160	Singapore	East Asia & Pacific	1
#F8766D	1.635	1997	Singapore	160	Singapore	East Asia & Pacific	1
#F8766D	1.494	1998	Singapore	160	Singapore	East Asia & Pacific	1
#F8766D	1.475	1999	Singapore	160	Singapore	East Asia & Pacific	1
#F8766D	1.41	2001	Singapore	160	Singapore	East Asia & Pacific	1
#F8766D	1.37	2002	Singapore	160	Singapore	East Asia & Pacific	1
#F8766D	1.27	2003	Singapore	160	Singapore	East Asia & Pacific	1
#F8766D	1.26	2004	Singapore	160	Singapore	East Asia & Pacific	1
#F8766D	1.26	2005	Singapore	160	Singapore	East Asia & Pacific	1
#F8766D	1.28	2006	Singapore	160	Singapore	East Asia & Pacific	1
#F8766D	1.29	2007	Singapore	160	Singapore	East Asia & Pacific	1
#F8766D	1.28	2008	Singapore	160	Singapore	East Asia & Pacific	1
#F8766D	1.22	2009	Singapore	160	Singapore	East Asia & Pacific	1
#F8766D	1.15	2010	Singapore	160	Singapore	East Asia & Pacific	1
#F8766D	1.2	2011	Singapore	160	Singapore	East Asia & Pacific	1
#C49A00	2.323	1960	Slovenia	163	Slovenia	Europe & Central Asia	1
#C49A00	2.314	1961	Slovenia	163	Slovenia	Europe & Central Asia	1
#C49A00	2.313	1962	Slovenia	163	Slovenia	Europe & Central Asia	1
#C49A00	2.316	1963	Slovenia	163	Slovenia	Europe & Central Asia	1
#C49A00	2.321	1964	Slovenia	163	Slovenia	Europe & Central Asia	1
#C49A00	2.323	1965	Slovenia	163	Slovenia	Europe & Central Asia	1
#C49A00	2.32	1966	Slovenia	163	Slovenia	Europe & Central Asia	1
#C49A00	2.311	1967	Slovenia	163	Slovenia	Europe & Central Asia	1
#C49A00	2.297	1968	Slovenia	163	Slovenia	Europe & Central Asia	1
#C49A00	2.277	1969	Slovenia	163	Slovenia	Europe & Central Asia	1
#C49A00	2.255	1970	Slovenia	163	Slovenia	Europe & Central Asia	1
#C49A00	2.236	1971	Slovenia	163	Slovenia	Europe & Central Asia	1
#C49A00	2.221	1972	Slovenia	163	Slovenia	Europe & Central Asia	1
#C49A00	2.214	1973	Slovenia	163	Slovenia	Europe & Central Asia	1
#C49A00	2.211	1974	Slovenia	163	Slovenia	Europe & Central Asia	1
#C49A00	2.21	1975	Slovenia	163	Slovenia	Europe & Central Asia	1
#C49A00	2.203	1976	Slovenia	163	Slovenia	Europe & Central Asia	1
#C49A00	2.186	1977	Slovenia	163	Slovenia	Europe & Central Asia	1
#C49A00	2.155	1978	Slovenia	163	Slovenia	Europe & Central Asia	1
#C49A00	2.111	1979	Slovenia	163	Slovenia	Europe & Central Asia	1
#C49A00	2.055	1980	Slovenia	163	Slovenia	Europe & Central Asia	1
#C49A00	1.992	1981	Slovenia	163	Slovenia	Europe & Central Asia	1
#C49A00	1.93	1982	Slovenia	163	Slovenia	Europe & Central Asia	1
#C49A00	1.81	1983	Slovenia	163	Slovenia	Europe & Central Asia	1
#C49A00	1.74	1984	Slovenia	163	Slovenia	Europe & Central Asia	1
#C49A00	1.71	1985	Slovenia	163	Slovenia	Europe & Central Asia	1
#C49A00	1.67	1986	Slovenia	163	Slovenia	Europe & Central Asia	1
#C49A00	1.65	1987	Slovenia	163	Slovenia	Europe & Central Asia	1
#C49A00	1.63	1988	Slovenia	163	Slovenia	Europe & Central Asia	1
#C49A00	1.52	1989	Slovenia	163	Slovenia	Europe & Central Asia	1
#C49A00	1.46	1990	Slovenia	163	Slovenia	Europe & Central Asia	1
#C49A00	1.42	1991	Slovenia	163	Slovenia	Europe & Central Asia	1
#C49A00	1.33	1992	Slovenia	163	Slovenia	Europe & Central Asia	1
#C49A00	1.33	1993	Slovenia	163	Slovenia	Europe & Central Asia	1
#C49A00	1.32	1994	Slovenia	163	Slovenia	Europe & Central Asia	1
#C49A00	1.29	1995	Slovenia	163	Slovenia	Europe & Central Asia	1
#C49A00	1.28	1996	Slovenia	163	Slovenia	Europe & Central Asia	1
#C49A00	1.25	1997	Slovenia	163	Slovenia	Europe & Central Asia	1
#C49A00	1.23	1998	Slovenia	163	Slovenia	Europe & Central Asia	1
#C49A00	1.21	1999	Slovenia	163	Slovenia	Europe & Central Asia	1
#C49A00	1.26	2000	Slovenia	163	Slovenia	Europe & Central Asia	1
#C49A00	1.21	2001	Slovenia	163	Slovenia	Europe & Central Asia	1
#C49A00	1.21	2002	Slovenia	163	Slovenia	Europe & Central Asia	1
#C49A00	1.2	2003	Slovenia	163	Slovenia	Europe & Central Asia	1
#C49A00	1.25	2004	Slovenia	163	Slovenia	Europe & Central Asia	1
#C49A00	1.26	2005	Slovenia	163	Slovenia	Europe & Central Asia	1
#C49A00	1.31	2006	Slovenia	163	Slovenia	Europe & Central Asia	1
#C49A00	1.38	2007	Slovenia	163	Slovenia	Europe & Central Asia	1
#C49A00	1.53	2008	Slovenia	163	Slovenia	Europe & Central Asia	1
#C49A00	1.53	2009	Slovenia	163	Slovenia	Europe & Central Asia	1
#C49A00	1.57	2010	Slovenia	163	Slovenia	Europe & Central Asia	1
#C49A00	1.56	2011	Slovenia	163	Slovenia	Europe & Central Asia	1
#C49A00	3.04	1960	Slovak Republic	162	Slovak Republic	Europe & Central Asia	1
#C49A00	2.96	1961	Slovak Republic	162	Slovak Republic	Europe & Central Asia	1
#C49A00	2.83	1962	Slovak Republic	162	Slovak Republic	Europe & Central Asia	1
#C49A00	2.92	1963	Slovak Republic	162	Slovak Republic	Europe & Central Asia	1
#C49A00	2.89	1964	Slovak Republic	162	Slovak Republic	Europe & Central Asia	1
#C49A00	2.78	1965	Slovak Republic	162	Slovak Republic	Europe & Central Asia	1
#C49A00	2.66	1966	Slovak Republic	162	Slovak Republic	Europe & Central Asia	1
#C49A00	2.48	1967	Slovak Republic	162	Slovak Republic	Europe & Central Asia	1
#C49A00	2.39	1968	Slovak Republic	162	Slovak Republic	Europe & Central Asia	1
#C49A00	2.43	1969	Slovak Republic	162	Slovak Republic	Europe & Central Asia	1
#C49A00	2.41	1970	Slovak Republic	162	Slovak Republic	Europe & Central Asia	1
#C49A00	2.43	1971	Slovak Republic	162	Slovak Republic	Europe & Central Asia	1
#C49A00	2.49	1972	Slovak Republic	162	Slovak Republic	Europe & Central Asia	1
#C49A00	2.56	1973	Slovak Republic	162	Slovak Republic	Europe & Central Asia	1
#C49A00	2.61	1974	Slovak Republic	162	Slovak Republic	Europe & Central Asia	1
#C49A00	2.55	1975	Slovak Republic	162	Slovak Republic	Europe & Central Asia	1
#C49A00	2.55	1976	Slovak Republic	162	Slovak Republic	Europe & Central Asia	1
#C49A00	2.49	1977	Slovak Republic	162	Slovak Republic	Europe & Central Asia	1
#C49A00	2.47	1978	Slovak Republic	162	Slovak Republic	Europe & Central Asia	1
#C49A00	2.45	1979	Slovak Republic	162	Slovak Republic	Europe & Central Asia	1
#C49A00	2.32	1980	Slovak Republic	162	Slovak Republic	Europe & Central Asia	1
#C49A00	2.29	1981	Slovak Republic	162	Slovak Republic	Europe & Central Asia	1
#C49A00	2.28	1982	Slovak Republic	162	Slovak Republic	Europe & Central Asia	1
#C49A00	2.28	1983	Slovak Republic	162	Slovak Republic	Europe & Central Asia	1
#C49A00	2.26	1984	Slovak Republic	162	Slovak Republic	Europe & Central Asia	1
#C49A00	2.26	1985	Slovak Republic	162	Slovak Republic	Europe & Central Asia	1
#C49A00	2.2	1986	Slovak Republic	162	Slovak Republic	Europe & Central Asia	1
#C49A00	2.14	1987	Slovak Republic	162	Slovak Republic	Europe & Central Asia	1
#C49A00	2.13	1988	Slovak Republic	162	Slovak Republic	Europe & Central Asia	1
#C49A00	2.07	1989	Slovak Republic	162	Slovak Republic	Europe & Central Asia	1
#C49A00	2.09	1990	Slovak Republic	162	Slovak Republic	Europe & Central Asia	1
#C49A00	2.05	1991	Slovak Republic	162	Slovak Republic	Europe & Central Asia	1
#C49A00	1.93	1992	Slovak Republic	162	Slovak Republic	Europe & Central Asia	1
#C49A00	1.87	1993	Slovak Republic	162	Slovak Republic	Europe & Central Asia	1
#C49A00	1.67	1994	Slovak Republic	162	Slovak Republic	Europe & Central Asia	1
#C49A00	1.52	1995	Slovak Republic	162	Slovak Republic	Europe & Central Asia	1
#C49A00	1.47	1996	Slovak Republic	162	Slovak Republic	Europe & Central Asia	1
#C49A00	1.43	1997	Slovak Republic	162	Slovak Republic	Europe & Central Asia	1
#C49A00	1.37	1998	Slovak Republic	162	Slovak Republic	Europe & Central Asia	1
#C49A00	1.33	1999	Slovak Republic	162	Slovak Republic	Europe & Central Asia	1
#C49A00	1.3	2000	Slovak Republic	162	Slovak Republic	Europe & Central Asia	1
#C49A00	1.2	2001	Slovak Republic	162	Slovak Republic	Europe & Central Asia	1
#C49A00	1.19	2002	Slovak Republic	162	Slovak Republic	Europe & Central Asia	1
#C49A00	1.2	2003	Slovak Republic	162	Slovak Republic	Europe & Central Asia	1
#C49A00	1.24	2004	Slovak Republic	162	Slovak Republic	Europe & Central Asia	1
#C49A00	1.25	2005	Slovak Republic	162	Slovak Republic	Europe & Central Asia	1
#C49A00	1.24	2006	Slovak Republic	162	Slovak Republic	Europe & Central Asia	1
#C49A00	1.25	2007	Slovak Republic	162	Slovak Republic	Europe & Central Asia	1
#C49A00	1.32	2008	Slovak Republic	162	Slovak Republic	Europe & Central Asia	1
#C49A00	1.41	2009	Slovak Republic	162	Slovak Republic	Europe & Central Asia	1
#C49A00	1.4	2010	Slovak Republic	162	Slovak Republic	Europe & Central Asia	1
#C49A00	1.45	2011	Slovak Republic	162	Slovak Republic	Europe & Central Asia	1
#FB61D7	6.034	1960	Sierra Leone	159	Sierra Leone	Sub-Saharan Africa	1
#FB61D7	6.035	1961	Sierra Leone	159	Sierra Leone	Sub-Saharan Africa	1
#FB61D7	6.035	1962	Sierra Leone	159	Sierra Leone	Sub-Saharan Africa	1
#FB61D7	6.034	1963	Sierra Leone	159	Sierra Leone	Sub-Saharan Africa	1
#FB61D7	6.03	1964	Sierra Leone	159	Sierra Leone	Sub-Saharan Africa	1
#FB61D7	6.022	1965	Sierra Leone	159	Sierra Leone	Sub-Saharan Africa	1
#FB61D7	6.007	1966	Sierra Leone	159	Sierra Leone	Sub-Saharan Africa	1
#FB61D7	5.983	1967	Sierra Leone	159	Sierra Leone	Sub-Saharan Africa	1
#FB61D7	5.952	1968	Sierra Leone	159	Sierra Leone	Sub-Saharan Africa	1
#FB61D7	5.915	1969	Sierra Leone	159	Sierra Leone	Sub-Saharan Africa	1
#FB61D7	5.872	1970	Sierra Leone	159	Sierra Leone	Sub-Saharan Africa	1
#FB61D7	5.828	1971	Sierra Leone	159	Sierra Leone	Sub-Saharan Africa	1
#FB61D7	5.785	1972	Sierra Leone	159	Sierra Leone	Sub-Saharan Africa	1
#FB61D7	5.747	1973	Sierra Leone	159	Sierra Leone	Sub-Saharan Africa	1
#FB61D7	5.713	1974	Sierra Leone	159	Sierra Leone	Sub-Saharan Africa	1
#FB61D7	5.683	1975	Sierra Leone	159	Sierra Leone	Sub-Saharan Africa	1
#FB61D7	5.657	1976	Sierra Leone	159	Sierra Leone	Sub-Saharan Africa	1
#FB61D7	5.632	1977	Sierra Leone	159	Sierra Leone	Sub-Saharan Africa	1
#FB61D7	5.606	1978	Sierra Leone	159	Sierra Leone	Sub-Saharan Africa	1
#FB61D7	5.581	1979	Sierra Leone	159	Sierra Leone	Sub-Saharan Africa	1
#FB61D7	5.558	1980	Sierra Leone	159	Sierra Leone	Sub-Saharan Africa	1
#FB61D7	5.538	1981	Sierra Leone	159	Sierra Leone	Sub-Saharan Africa	1
#FB61D7	5.524	1982	Sierra Leone	159	Sierra Leone	Sub-Saharan Africa	1
#FB61D7	5.518	1983	Sierra Leone	159	Sierra Leone	Sub-Saharan Africa	1
#FB61D7	5.519	1984	Sierra Leone	159	Sierra Leone	Sub-Saharan Africa	1
#FB61D7	5.53	1985	Sierra Leone	159	Sierra Leone	Sub-Saharan Africa	1
#FB61D7	5.552	1986	Sierra Leone	159	Sierra Leone	Sub-Saharan Africa	1
#FB61D7	5.582	1987	Sierra Leone	159	Sierra Leone	Sub-Saharan Africa	1
#FB61D7	5.62	1988	Sierra Leone	159	Sierra Leone	Sub-Saharan Africa	1
#FB61D7	5.662	1989	Sierra Leone	159	Sierra Leone	Sub-Saharan Africa	1
#FB61D7	5.705	1990	Sierra Leone	159	Sierra Leone	Sub-Saharan Africa	1
#FB61D7	5.749	1991	Sierra Leone	159	Sierra Leone	Sub-Saharan Africa	1
#FB61D7	5.789	1992	Sierra Leone	159	Sierra Leone	Sub-Saharan Africa	1
#FB61D7	5.822	1993	Sierra Leone	159	Sierra Leone	Sub-Saharan Africa	1
#FB61D7	5.847	1994	Sierra Leone	159	Sierra Leone	Sub-Saharan Africa	1
#FB61D7	5.86	1995	Sierra Leone	159	Sierra Leone	Sub-Saharan Africa	1
#FB61D7	5.858	1996	Sierra Leone	159	Sierra Leone	Sub-Saharan Africa	1
#FB61D7	5.843	1997	Sierra Leone	159	Sierra Leone	Sub-Saharan Africa	1
#FB61D7	5.816	1998	Sierra Leone	159	Sierra Leone	Sub-Saharan Africa	1
#FB61D7	5.776	1999	Sierra Leone	159	Sierra Leone	Sub-Saharan Africa	1
#FB61D7	5.726	2000	Sierra Leone	159	Sierra Leone	Sub-Saharan Africa	1
#FB61D7	5.669	2001	Sierra Leone	159	Sierra Leone	Sub-Saharan Africa	1
#FB61D7	5.606	2002	Sierra Leone	159	Sierra Leone	Sub-Saharan Africa	1
#FB61D7	5.541	2003	Sierra Leone	159	Sierra Leone	Sub-Saharan Africa	1
#FB61D7	5.474	2004	Sierra Leone	159	Sierra Leone	Sub-Saharan Africa	1
#FB61D7	5.404	2005	Sierra Leone	159	Sierra Leone	Sub-Saharan Africa	1
#FB61D7	5.331	2006	Sierra Leone	159	Sierra Leone	Sub-Saharan Africa	1
#FB61D7	5.252	2007	Sierra Leone	159	Sierra Leone	Sub-Saharan Africa	1
#FB61D7	5.167	2008	Sierra Leone	159	Sierra Leone	Sub-Saharan Africa	1
#FB61D7	5.077	2009	Sierra Leone	159	Sierra Leone	Sub-Saharan Africa	1
#FB61D7	4.982	2010	Sierra Leone	159	Sierra Leone	Sub-Saharan Africa	1
#FB61D7	4.884	2011	Sierra Leone	159	Sierra Leone	Sub-Saharan Africa	1
#FB61D7	6.635	1960	Senegal	156	Senegal	Sub-Saharan Africa	1
#FB61D7	6.722	1961	Senegal	156	Senegal	Sub-Saharan Africa	1
#FB61D7	6.811	1962	Senegal	156	Senegal	Sub-Saharan Africa	1
#FB61D7	6.899	1963	Senegal	156	Senegal	Sub-Saharan Africa	1
#FB61D7	6.984	1964	Senegal	156	Senegal	Sub-Saharan Africa	1
#FB61D7	7.066	1965	Senegal	156	Senegal	Sub-Saharan Africa	1
#FB61D7	7.142	1966	Senegal	156	Senegal	Sub-Saharan Africa	1
#FB61D7	7.212	1967	Senegal	156	Senegal	Sub-Saharan Africa	1
#FB61D7	7.275	1968	Senegal	156	Senegal	Sub-Saharan Africa	1
#FB61D7	7.329	1969	Senegal	156	Senegal	Sub-Saharan Africa	1
#FB61D7	7.375	1970	Senegal	156	Senegal	Sub-Saharan Africa	1
#FB61D7	7.415	1971	Senegal	156	Senegal	Sub-Saharan Africa	1
#FB61D7	7.447	1972	Senegal	156	Senegal	Sub-Saharan Africa	1
#FB61D7	7.474	1973	Senegal	156	Senegal	Sub-Saharan Africa	1
#FB61D7	7.494	1974	Senegal	156	Senegal	Sub-Saharan Africa	1
#FB61D7	7.507	1975	Senegal	156	Senegal	Sub-Saharan Africa	1
#FB61D7	7.511	1976	Senegal	156	Senegal	Sub-Saharan Africa	1
#FB61D7	7.505	1977	Senegal	156	Senegal	Sub-Saharan Africa	1
#FB61D7	7.489	1978	Senegal	156	Senegal	Sub-Saharan Africa	1
#FB61D7	7.462	1979	Senegal	156	Senegal	Sub-Saharan Africa	1
#FB61D7	7.425	1980	Senegal	156	Senegal	Sub-Saharan Africa	1
#FB61D7	7.378	1981	Senegal	156	Senegal	Sub-Saharan Africa	1
#FB61D7	7.323	1982	Senegal	156	Senegal	Sub-Saharan Africa	1
#FB61D7	7.261	1983	Senegal	156	Senegal	Sub-Saharan Africa	1
#FB61D7	7.193	1984	Senegal	156	Senegal	Sub-Saharan Africa	1
#FB61D7	7.118	1985	Senegal	156	Senegal	Sub-Saharan Africa	1
#FB61D7	7.036	1986	Senegal	156	Senegal	Sub-Saharan Africa	1
#FB61D7	6.948	1987	Senegal	156	Senegal	Sub-Saharan Africa	1
#FB61D7	6.853	1988	Senegal	156	Senegal	Sub-Saharan Africa	1
#FB61D7	6.752	1989	Senegal	156	Senegal	Sub-Saharan Africa	1
#FB61D7	6.646	1990	Senegal	156	Senegal	Sub-Saharan Africa	1
#FB61D7	6.534	1991	Senegal	156	Senegal	Sub-Saharan Africa	1
#FB61D7	6.417	1992	Senegal	156	Senegal	Sub-Saharan Africa	1
#FB61D7	6.298	1993	Senegal	156	Senegal	Sub-Saharan Africa	1
#FB61D7	6.177	1994	Senegal	156	Senegal	Sub-Saharan Africa	1
#FB61D7	6.059	1995	Senegal	156	Senegal	Sub-Saharan Africa	1
#FB61D7	5.943	1996	Senegal	156	Senegal	Sub-Saharan Africa	1
#FB61D7	5.834	1997	Senegal	156	Senegal	Sub-Saharan Africa	1
#FB61D7	5.73	1998	Senegal	156	Senegal	Sub-Saharan Africa	1
#FB61D7	5.634	1999	Senegal	156	Senegal	Sub-Saharan Africa	1
#FB61D7	5.546	2000	Senegal	156	Senegal	Sub-Saharan Africa	1
#FB61D7	5.466	2001	Senegal	156	Senegal	Sub-Saharan Africa	1
#FB61D7	5.393	2002	Senegal	156	Senegal	Sub-Saharan Africa	1
#FB61D7	5.323	2003	Senegal	156	Senegal	Sub-Saharan Africa	1
#FB61D7	5.257	2004	Senegal	156	Senegal	Sub-Saharan Africa	1
#FB61D7	5.191	2005	Senegal	156	Senegal	Sub-Saharan Africa	1
#FB61D7	5.123	2006	Senegal	156	Senegal	Sub-Saharan Africa	1
#FB61D7	5.052	2007	Senegal	156	Senegal	Sub-Saharan Africa	1
#FB61D7	4.978	2008	Senegal	156	Senegal	Sub-Saharan Africa	1
#FB61D7	4.9	2009	Senegal	156	Senegal	Sub-Saharan Africa	1
#FB61D7	4.819	2010	Senegal	156	Senegal	Sub-Saharan Africa	1
#FB61D7	4.735	2011	Senegal	156	Senegal	Sub-Saharan Africa	1
#FB61D7	7.25	1960	Somalia	165	Somalia	Sub-Saharan Africa	1
#FB61D7	7.252	1961	Somalia	165	Somalia	Sub-Saharan Africa	1
#FB61D7	7.255	1962	Somalia	165	Somalia	Sub-Saharan Africa	1
#FB61D7	7.258	1963	Somalia	165	Somalia	Sub-Saharan Africa	1
#FB61D7	7.261	1964	Somalia	165	Somalia	Sub-Saharan Africa	1
#FB61D7	7.261	1965	Somalia	165	Somalia	Sub-Saharan Africa	1
#FB61D7	7.257	1966	Somalia	165	Somalia	Sub-Saharan Africa	1
#FB61D7	7.248	1967	Somalia	165	Somalia	Sub-Saharan Africa	1
#FB61D7	7.232	1968	Somalia	165	Somalia	Sub-Saharan Africa	1
#FB61D7	7.209	1969	Somalia	165	Somalia	Sub-Saharan Africa	1
#FB61D7	7.183	1970	Somalia	165	Somalia	Sub-Saharan Africa	1
#FB61D7	7.156	1971	Somalia	165	Somalia	Sub-Saharan Africa	1
#FB61D7	7.13	1972	Somalia	165	Somalia	Sub-Saharan Africa	1
#FB61D7	7.106	1973	Somalia	165	Somalia	Sub-Saharan Africa	1
#FB61D7	7.084	1974	Somalia	165	Somalia	Sub-Saharan Africa	1
#FB61D7	7.061	1975	Somalia	165	Somalia	Sub-Saharan Africa	1
#FB61D7	7.033	1976	Somalia	165	Somalia	Sub-Saharan Africa	1
#FB61D7	6.997	1977	Somalia	165	Somalia	Sub-Saharan Africa	1
#FB61D7	6.951	1978	Somalia	165	Somalia	Sub-Saharan Africa	1
#FB61D7	6.898	1979	Somalia	165	Somalia	Sub-Saharan Africa	1
#FB61D7	6.843	1980	Somalia	165	Somalia	Sub-Saharan Africa	1
#FB61D7	6.791	1981	Somalia	165	Somalia	Sub-Saharan Africa	1
#FB61D7	6.749	1982	Somalia	165	Somalia	Sub-Saharan Africa	1
#FB61D7	6.719	1983	Somalia	165	Somalia	Sub-Saharan Africa	1
#FB61D7	6.701	1984	Somalia	165	Somalia	Sub-Saharan Africa	1
#FB61D7	6.692	1985	Somalia	165	Somalia	Sub-Saharan Africa	1
#FB61D7	6.686	1986	Somalia	165	Somalia	Sub-Saharan Africa	1
#FB61D7	6.676	1987	Somalia	165	Somalia	Sub-Saharan Africa	1
#FB61D7	6.659	1988	Somalia	165	Somalia	Sub-Saharan Africa	1
#FB61D7	6.632	1989	Somalia	165	Somalia	Sub-Saharan Africa	1
#FB61D7	6.599	1990	Somalia	165	Somalia	Sub-Saharan Africa	1
#FB61D7	6.564	1991	Somalia	165	Somalia	Sub-Saharan Africa	1
#FB61D7	6.532	1992	Somalia	165	Somalia	Sub-Saharan Africa	1
#FB61D7	6.508	1993	Somalia	165	Somalia	Sub-Saharan Africa	1
#FB61D7	6.492	1994	Somalia	165	Somalia	Sub-Saharan Africa	1
#FB61D7	6.486	1995	Somalia	165	Somalia	Sub-Saharan Africa	1
#FB61D7	6.487	1996	Somalia	165	Somalia	Sub-Saharan Africa	1
#FB61D7	6.492	1997	Somalia	165	Somalia	Sub-Saharan Africa	1
#FB61D7	6.499	1998	Somalia	165	Somalia	Sub-Saharan Africa	1
#FB61D7	6.504	1999	Somalia	165	Somalia	Sub-Saharan Africa	1
#FB61D7	6.507	2000	Somalia	165	Somalia	Sub-Saharan Africa	1
#FB61D7	6.506	2001	Somalia	165	Somalia	Sub-Saharan Africa	1
#FB61D7	6.5	2002	Somalia	165	Somalia	Sub-Saharan Africa	1
#FB61D7	6.49	2003	Somalia	165	Somalia	Sub-Saharan Africa	1
#FB61D7	6.477	2004	Somalia	165	Somalia	Sub-Saharan Africa	1
#FB61D7	6.459	2005	Somalia	165	Somalia	Sub-Saharan Africa	1
#FB61D7	6.437	2006	Somalia	165	Somalia	Sub-Saharan Africa	1
#FB61D7	6.413	2007	Somalia	165	Somalia	Sub-Saharan Africa	1
#FB61D7	6.388	2008	Somalia	165	Somalia	Sub-Saharan Africa	1
#FB61D7	6.363	2009	Somalia	165	Somalia	Sub-Saharan Africa	1
#FB61D7	6.339	2010	Somalia	165	Somalia	Sub-Saharan Africa	1
#FB61D7	6.319	2011	Somalia	165	Somalia	Sub-Saharan Africa	1
#53B400	6.608	1960	Suriname	174	Suriname	Latin America & Caribbean	1
#53B400	6.594	1961	Suriname	174	Suriname	Latin America & Caribbean	1
#53B400	6.558	1962	Suriname	174	Suriname	Latin America & Caribbean	1
#53B400	6.497	1963	Suriname	174	Suriname	Latin America & Caribbean	1
#53B400	6.412	1964	Suriname	174	Suriname	Latin America & Caribbean	1
#53B400	6.304	1965	Suriname	174	Suriname	Latin America & Caribbean	1
#53B400	6.182	1966	Suriname	174	Suriname	Latin America & Caribbean	1
#53B400	6.053	1967	Suriname	174	Suriname	Latin America & Caribbean	1
#53B400	5.922	1968	Suriname	174	Suriname	Latin America & Caribbean	1
#53B400	5.79	1969	Suriname	174	Suriname	Latin America & Caribbean	1
#53B400	5.653	1970	Suriname	174	Suriname	Latin America & Caribbean	1
#53B400	5.504	1971	Suriname	174	Suriname	Latin America & Caribbean	1
#53B400	5.336	1972	Suriname	174	Suriname	Latin America & Caribbean	1
#53B400	5.148	1973	Suriname	174	Suriname	Latin America & Caribbean	1
#53B400	4.945	1974	Suriname	174	Suriname	Latin America & Caribbean	1
#53B400	4.735	1975	Suriname	174	Suriname	Latin America & Caribbean	1
#53B400	4.531	1976	Suriname	174	Suriname	Latin America & Caribbean	1
#53B400	4.344	1977	Suriname	174	Suriname	Latin America & Caribbean	1
#53B400	4.18	1978	Suriname	174	Suriname	Latin America & Caribbean	1
#53B400	4.041	1979	Suriname	174	Suriname	Latin America & Caribbean	1
#53B400	3.922	1980	Suriname	174	Suriname	Latin America & Caribbean	1
#53B400	3.815	1981	Suriname	174	Suriname	Latin America & Caribbean	1
#53B400	3.708	1982	Suriname	174	Suriname	Latin America & Caribbean	1
#53B400	3.594	1983	Suriname	174	Suriname	Latin America & Caribbean	1
#53B400	3.471	1984	Suriname	174	Suriname	Latin America & Caribbean	1
#53B400	3.338	1985	Suriname	174	Suriname	Latin America & Caribbean	1
#53B400	3.2	1986	Suriname	174	Suriname	Latin America & Caribbean	1
#53B400	3.063	1987	Suriname	174	Suriname	Latin America & Caribbean	1
#53B400	2.936	1988	Suriname	174	Suriname	Latin America & Caribbean	1
#53B400	2.823	1989	Suriname	174	Suriname	Latin America & Caribbean	1
#53B400	2.733	1990	Suriname	174	Suriname	Latin America & Caribbean	1
#53B400	2.672	1991	Suriname	174	Suriname	Latin America & Caribbean	1
#53B400	2.64	1992	Suriname	174	Suriname	Latin America & Caribbean	1
#53B400	2.635	1993	Suriname	174	Suriname	Latin America & Caribbean	1
#53B400	2.653	1994	Suriname	174	Suriname	Latin America & Caribbean	1
#53B400	2.684	1995	Suriname	174	Suriname	Latin America & Caribbean	1
#53B400	2.718	1996	Suriname	174	Suriname	Latin America & Caribbean	1
#53B400	2.745	1997	Suriname	174	Suriname	Latin America & Caribbean	1
#53B400	2.757	1998	Suriname	174	Suriname	Latin America & Caribbean	1
#53B400	2.751	1999	Suriname	174	Suriname	Latin America & Caribbean	1
#53B400	2.726	2000	Suriname	174	Suriname	Latin America & Caribbean	1
#53B400	2.686	2001	Suriname	174	Suriname	Latin America & Caribbean	1
#53B400	2.638	2002	Suriname	174	Suriname	Latin America & Caribbean	1
#53B400	2.59	2003	Suriname	174	Suriname	Latin America & Caribbean	1
#53B400	2.545	2004	Suriname	174	Suriname	Latin America & Caribbean	1
#53B400	2.503	2005	Suriname	174	Suriname	Latin America & Caribbean	1
#53B400	2.466	2006	Suriname	174	Suriname	Latin America & Caribbean	1
#53B400	2.432	2007	Suriname	174	Suriname	Latin America & Caribbean	1
#53B400	2.399	2008	Suriname	174	Suriname	Latin America & Caribbean	1
#53B400	2.367	2009	Suriname	174	Suriname	Latin America & Caribbean	1
#53B400	2.336	2010	Suriname	174	Suriname	Latin America & Caribbean	1
#53B400	2.307	2011	Suriname	174	Suriname	Latin America & Caribbean	1
#FB61D7	3.85	2008	South Sudan	167	South Sudan	Sub-Saharan Africa	1
#FB61D7	6.242	1960	Sao Tome and Principe	154	Sao Tome and Principe	Sub-Saharan Africa	1
#FB61D7	6.263	1961	Sao Tome and Principe	154	Sao Tome and Principe	Sub-Saharan Africa	1
#FB61D7	6.284	1962	Sao Tome and Principe	154	Sao Tome and Principe	Sub-Saharan Africa	1
#FB61D7	6.306	1963	Sao Tome and Principe	154	Sao Tome and Principe	Sub-Saharan Africa	1
#FB61D7	6.327	1964	Sao Tome and Principe	154	Sao Tome and Principe	Sub-Saharan Africa	1
#FB61D7	6.349	1965	Sao Tome and Principe	154	Sao Tome and Principe	Sub-Saharan Africa	1
#FB61D7	6.371	1966	Sao Tome and Principe	154	Sao Tome and Principe	Sub-Saharan Africa	1
#FB61D7	6.394	1967	Sao Tome and Principe	154	Sao Tome and Principe	Sub-Saharan Africa	1
#FB61D7	6.419	1968	Sao Tome and Principe	154	Sao Tome and Principe	Sub-Saharan Africa	1
#FB61D7	6.444	1969	Sao Tome and Principe	154	Sao Tome and Principe	Sub-Saharan Africa	1
#FB61D7	6.468	1970	Sao Tome and Principe	154	Sao Tome and Principe	Sub-Saharan Africa	1
#FB61D7	6.49	1971	Sao Tome and Principe	154	Sao Tome and Principe	Sub-Saharan Africa	1
#FB61D7	6.51	1972	Sao Tome and Principe	154	Sao Tome and Principe	Sub-Saharan Africa	1
#FB61D7	6.525	1973	Sao Tome and Principe	154	Sao Tome and Principe	Sub-Saharan Africa	1
#FB61D7	6.534	1974	Sao Tome and Principe	154	Sao Tome and Principe	Sub-Saharan Africa	1
#FB61D7	6.535	1975	Sao Tome and Principe	154	Sao Tome and Principe	Sub-Saharan Africa	1
#FB61D7	6.528	1976	Sao Tome and Principe	154	Sao Tome and Principe	Sub-Saharan Africa	1
#FB61D7	6.513	1977	Sao Tome and Principe	154	Sao Tome and Principe	Sub-Saharan Africa	1
#FB61D7	6.489	1978	Sao Tome and Principe	154	Sao Tome and Principe	Sub-Saharan Africa	1
#FB61D7	6.455	1979	Sao Tome and Principe	154	Sao Tome and Principe	Sub-Saharan Africa	1
#FB61D7	6.409	1980	Sao Tome and Principe	154	Sao Tome and Principe	Sub-Saharan Africa	1
#FB61D7	6.348	1981	Sao Tome and Principe	154	Sao Tome and Principe	Sub-Saharan Africa	1
#FB61D7	6.271	1982	Sao Tome and Principe	154	Sao Tome and Principe	Sub-Saharan Africa	1
#FB61D7	6.181	1983	Sao Tome and Principe	154	Sao Tome and Principe	Sub-Saharan Africa	1
#FB61D7	6.078	1984	Sao Tome and Principe	154	Sao Tome and Principe	Sub-Saharan Africa	1
#FB61D7	5.967	1985	Sao Tome and Principe	154	Sao Tome and Principe	Sub-Saharan Africa	1
#FB61D7	5.849	1986	Sao Tome and Principe	154	Sao Tome and Principe	Sub-Saharan Africa	1
#FB61D7	5.73	1987	Sao Tome and Principe	154	Sao Tome and Principe	Sub-Saharan Africa	1
#FB61D7	5.613	1988	Sao Tome and Principe	154	Sao Tome and Principe	Sub-Saharan Africa	1
#FB61D7	5.501	1989	Sao Tome and Principe	154	Sao Tome and Principe	Sub-Saharan Africa	1
#FB61D7	5.396	1990	Sao Tome and Principe	154	Sao Tome and Principe	Sub-Saharan Africa	1
#FB61D7	5.3	1991	Sao Tome and Principe	154	Sao Tome and Principe	Sub-Saharan Africa	1
#FB61D7	5.212	1992	Sao Tome and Principe	154	Sao Tome and Principe	Sub-Saharan Africa	1
#FB61D7	5.129	1993	Sao Tome and Principe	154	Sao Tome and Principe	Sub-Saharan Africa	1
#FB61D7	5.052	1994	Sao Tome and Principe	154	Sao Tome and Principe	Sub-Saharan Africa	1
#FB61D7	4.977	1995	Sao Tome and Principe	154	Sao Tome and Principe	Sub-Saharan Africa	1
#FB61D7	4.902	1996	Sao Tome and Principe	154	Sao Tome and Principe	Sub-Saharan Africa	1
#FB61D7	4.827	1997	Sao Tome and Principe	154	Sao Tome and Principe	Sub-Saharan Africa	1
#FB61D7	4.748	1998	Sao Tome and Principe	154	Sao Tome and Principe	Sub-Saharan Africa	1
#FB61D7	4.665	1999	Sao Tome and Principe	154	Sao Tome and Principe	Sub-Saharan Africa	1
#FB61D7	4.577	2000	Sao Tome and Principe	154	Sao Tome and Principe	Sub-Saharan Africa	1
#FB61D7	4.484	2001	Sao Tome and Principe	154	Sao Tome and Principe	Sub-Saharan Africa	1
#FB61D7	4.387	2002	Sao Tome and Principe	154	Sao Tome and Principe	Sub-Saharan Africa	1
#FB61D7	4.288	2003	Sao Tome and Principe	154	Sao Tome and Principe	Sub-Saharan Africa	1
#FB61D7	4.189	2004	Sao Tome and Principe	154	Sao Tome and Principe	Sub-Saharan Africa	1
#FB61D7	4.09	2005	Sao Tome and Principe	154	Sao Tome and Principe	Sub-Saharan Africa	1
#FB61D7	3.995	2006	Sao Tome and Principe	154	Sao Tome and Principe	Sub-Saharan Africa	1
#FB61D7	3.903	2007	Sao Tome and Principe	154	Sao Tome and Principe	Sub-Saharan Africa	1
#FB61D7	3.816	2008	Sao Tome and Principe	154	Sao Tome and Principe	Sub-Saharan Africa	1
#FB61D7	3.734	2009	Sao Tome and Principe	154	Sao Tome and Principe	Sub-Saharan Africa	1
#FB61D7	3.657	2010	Sao Tome and Principe	154	Sao Tome and Principe	Sub-Saharan Africa	1
#FB61D7	3.585	2011	Sao Tome and Principe	154	Sao Tome and Principe	Sub-Saharan Africa	1
#53B400	6.728	1960	El Salvador	56	El Salvador	Latin America & Caribbean	1
#53B400	6.749	1961	El Salvador	56	El Salvador	Latin America & Caribbean	1
#53B400	6.752	1962	El Salvador	56	El Salvador	Latin America & Caribbean	1
#53B400	6.736	1963	El Salvador	56	El Salvador	Latin America & Caribbean	1
#53B400	6.699	1964	El Salvador	56	El Salvador	Latin America & Caribbean	1
#53B400	6.643	1965	El Salvador	56	El Salvador	Latin America & Caribbean	1
#53B400	6.571	1966	El Salvador	56	El Salvador	Latin America & Caribbean	1
#53B400	6.487	1967	El Salvador	56	El Salvador	Latin America & Caribbean	1
#53B400	6.396	1968	El Salvador	56	El Salvador	Latin America & Caribbean	1
#53B400	6.3	1969	El Salvador	56	El Salvador	Latin America & Caribbean	1
#53B400	6.203	1970	El Salvador	56	El Salvador	Latin America & Caribbean	1
#53B400	6.106	1971	El Salvador	56	El Salvador	Latin America & Caribbean	1
#53B400	6.01	1972	El Salvador	56	El Salvador	Latin America & Caribbean	1
#53B400	5.914	1973	El Salvador	56	El Salvador	Latin America & Caribbean	1
#53B400	5.817	1974	El Salvador	56	El Salvador	Latin America & Caribbean	1
#53B400	5.718	1975	El Salvador	56	El Salvador	Latin America & Caribbean	1
#53B400	5.615	1976	El Salvador	56	El Salvador	Latin America & Caribbean	1
#53B400	5.506	1977	El Salvador	56	El Salvador	Latin America & Caribbean	1
#53B400	5.389	1978	El Salvador	56	El Salvador	Latin America & Caribbean	1
#53B400	5.266	1979	El Salvador	56	El Salvador	Latin America & Caribbean	1
#53B400	5.137	1980	El Salvador	56	El Salvador	Latin America & Caribbean	1
#53B400	5.004	1981	El Salvador	56	El Salvador	Latin America & Caribbean	1
#53B400	4.87	1982	El Salvador	56	El Salvador	Latin America & Caribbean	1
#53B400	4.738	1983	El Salvador	56	El Salvador	Latin America & Caribbean	1
#53B400	4.609	1984	El Salvador	56	El Salvador	Latin America & Caribbean	1
#53B400	4.485	1985	El Salvador	56	El Salvador	Latin America & Caribbean	1
#53B400	4.367	1986	El Salvador	56	El Salvador	Latin America & Caribbean	1
#53B400	4.255	1987	El Salvador	56	El Salvador	Latin America & Caribbean	1
#53B400	4.148	1988	El Salvador	56	El Salvador	Latin America & Caribbean	1
#53B400	4.047	1989	El Salvador	56	El Salvador	Latin America & Caribbean	1
#53B400	3.951	1990	El Salvador	56	El Salvador	Latin America & Caribbean	1
#53B400	3.862	1991	El Salvador	56	El Salvador	Latin America & Caribbean	1
#53B400	3.777	1992	El Salvador	56	El Salvador	Latin America & Caribbean	1
#53B400	3.695	1993	El Salvador	56	El Salvador	Latin America & Caribbean	1
#53B400	3.614	1994	El Salvador	56	El Salvador	Latin America & Caribbean	1
#53B400	3.529	1995	El Salvador	56	El Salvador	Latin America & Caribbean	1
#53B400	3.432	1996	El Salvador	56	El Salvador	Latin America & Caribbean	1
#53B400	3.323	1997	El Salvador	56	El Salvador	Latin America & Caribbean	1
#53B400	3.201	1998	El Salvador	56	El Salvador	Latin America & Caribbean	1
#53B400	3.07	1999	El Salvador	56	El Salvador	Latin America & Caribbean	1
#53B400	2.934	2000	El Salvador	56	El Salvador	Latin America & Caribbean	1
#53B400	2.803	2001	El Salvador	56	El Salvador	Latin America & Caribbean	1
#53B400	2.683	2002	El Salvador	56	El Salvador	Latin America & Caribbean	1
#53B400	2.581	2003	El Salvador	56	El Salvador	Latin America & Caribbean	1
#53B400	2.498	2004	El Salvador	56	El Salvador	Latin America & Caribbean	1
#53B400	2.435	2005	El Salvador	56	El Salvador	Latin America & Caribbean	1
#53B400	2.387	2006	El Salvador	56	El Salvador	Latin America & Caribbean	1
#53B400	2.349	2007	El Salvador	56	El Salvador	Latin America & Caribbean	1
#53B400	2.315	2008	El Salvador	56	El Salvador	Latin America & Caribbean	1
#53B400	2.283	2009	El Salvador	56	El Salvador	Latin America & Caribbean	1
#53B400	2.25	2010	El Salvador	56	El Salvador	Latin America & Caribbean	1
#53B400	2.217	2011	El Salvador	56	El Salvador	Latin America & Caribbean	1
#53B400	1.5	2007	Sint Maarten (Dutch part)	161	Sint Maarten (Dutch part)	Latin America & Caribbean	1
#53B400	1.7	2008	Sint Maarten (Dutch part)	161	Sint Maarten (Dutch part)	Latin America & Caribbean	1
#53B400	1.7	2009	Sint Maarten (Dutch part)	161	Sint Maarten (Dutch part)	Latin America & Caribbean	1
#00C094	7.467	1960	Syrian Arab Republic	178	Syrian Arab Republic	Middle East & North Africa	1
#00C094	7.497	1961	Syrian Arab Republic	178	Syrian Arab Republic	Middle East & North Africa	1
#00C094	7.522	1962	Syrian Arab Republic	178	Syrian Arab Republic	Middle East & North Africa	1
#00C094	7.541	1963	Syrian Arab Republic	178	Syrian Arab Republic	Middle East & North Africa	1
#00C094	7.555	1964	Syrian Arab Republic	178	Syrian Arab Republic	Middle East & North Africa	1
#00C094	7.564	1965	Syrian Arab Republic	178	Syrian Arab Republic	Middle East & North Africa	1
#00C094	7.569	1966	Syrian Arab Republic	178	Syrian Arab Republic	Middle East & North Africa	1
#00C094	7.572	1967	Syrian Arab Republic	178	Syrian Arab Republic	Middle East & North Africa	1
#00C094	7.574	1968	Syrian Arab Republic	178	Syrian Arab Republic	Middle East & North Africa	1
#00C094	7.574	1969	Syrian Arab Republic	178	Syrian Arab Republic	Middle East & North Africa	1
#00C094	7.572	1970	Syrian Arab Republic	178	Syrian Arab Republic	Middle East & North Africa	1
#00C094	7.566	1971	Syrian Arab Republic	178	Syrian Arab Republic	Middle East & North Africa	1
#00C094	7.556	1972	Syrian Arab Republic	178	Syrian Arab Republic	Middle East & North Africa	1
#00C094	7.537	1973	Syrian Arab Republic	178	Syrian Arab Republic	Middle East & North Africa	1
#00C094	7.51	1974	Syrian Arab Republic	178	Syrian Arab Republic	Middle East & North Africa	1
#00C094	7.472	1975	Syrian Arab Republic	178	Syrian Arab Republic	Middle East & North Africa	1
#00C094	7.422	1976	Syrian Arab Republic	178	Syrian Arab Republic	Middle East & North Africa	1
#00C094	7.359	1977	Syrian Arab Republic	178	Syrian Arab Republic	Middle East & North Africa	1
#00C094	7.285	1978	Syrian Arab Republic	178	Syrian Arab Republic	Middle East & North Africa	1
#00C094	7.197	1979	Syrian Arab Republic	178	Syrian Arab Republic	Middle East & North Africa	1
#00C094	7.094	1980	Syrian Arab Republic	178	Syrian Arab Republic	Middle East & North Africa	1
#00C094	6.976	1981	Syrian Arab Republic	178	Syrian Arab Republic	Middle East & North Africa	1
#00C094	6.843	1982	Syrian Arab Republic	178	Syrian Arab Republic	Middle East & North Africa	1
#00C094	6.695	1983	Syrian Arab Republic	178	Syrian Arab Republic	Middle East & North Africa	1
#00C094	6.534	1984	Syrian Arab Republic	178	Syrian Arab Republic	Middle East & North Africa	1
#00C094	6.36	1985	Syrian Arab Republic	178	Syrian Arab Republic	Middle East & North Africa	1
#00C094	6.172	1986	Syrian Arab Republic	178	Syrian Arab Republic	Middle East & North Africa	1
#00C094	5.973	1987	Syrian Arab Republic	178	Syrian Arab Republic	Middle East & North Africa	1
#00C094	5.764	1988	Syrian Arab Republic	178	Syrian Arab Republic	Middle East & North Africa	1
#00C094	5.55	1989	Syrian Arab Republic	178	Syrian Arab Republic	Middle East & North Africa	1
#00C094	5.335	1990	Syrian Arab Republic	178	Syrian Arab Republic	Middle East & North Africa	1
#00C094	5.121	1991	Syrian Arab Republic	178	Syrian Arab Republic	Middle East & North Africa	1
#00C094	4.913	1992	Syrian Arab Republic	178	Syrian Arab Republic	Middle East & North Africa	1
#00C094	4.711	1993	Syrian Arab Republic	178	Syrian Arab Republic	Middle East & North Africa	1
#00C094	4.52	1994	Syrian Arab Republic	178	Syrian Arab Republic	Middle East & North Africa	1
#00C094	4.342	1995	Syrian Arab Republic	178	Syrian Arab Republic	Middle East & North Africa	1
#00C094	4.176	1996	Syrian Arab Republic	178	Syrian Arab Republic	Middle East & North Africa	1
#00C094	4.023	1997	Syrian Arab Republic	178	Syrian Arab Republic	Middle East & North Africa	1
#00C094	3.881	1998	Syrian Arab Republic	178	Syrian Arab Republic	Middle East & North Africa	1
#00C094	3.75	1999	Syrian Arab Republic	178	Syrian Arab Republic	Middle East & North Africa	1
#00C094	3.633	2000	Syrian Arab Republic	178	Syrian Arab Republic	Middle East & North Africa	1
#00C094	3.529	2001	Syrian Arab Republic	178	Syrian Arab Republic	Middle East & North Africa	1
#00C094	3.438	2002	Syrian Arab Republic	178	Syrian Arab Republic	Middle East & North Africa	1
#00C094	3.36	2003	Syrian Arab Republic	178	Syrian Arab Republic	Middle East & North Africa	1
#00C094	3.292	2004	Syrian Arab Republic	178	Syrian Arab Republic	Middle East & North Africa	1
#00C094	3.23	2005	Syrian Arab Republic	178	Syrian Arab Republic	Middle East & North Africa	1
#00C094	3.173	2006	Syrian Arab Republic	178	Syrian Arab Republic	Middle East & North Africa	1
#00C094	3.116	2007	Syrian Arab Republic	178	Syrian Arab Republic	Middle East & North Africa	1
#00C094	3.058	2008	Syrian Arab Republic	178	Syrian Arab Republic	Middle East & North Africa	1
#00C094	2.997	2009	Syrian Arab Republic	178	Syrian Arab Republic	Middle East & North Africa	1
#00C094	2.934	2010	Syrian Arab Republic	178	Syrian Arab Republic	Middle East & North Africa	1
#00C094	2.87	2011	Syrian Arab Republic	178	Syrian Arab Republic	Middle East & North Africa	1
#FB61D7	6.717	1960	Swaziland	175	Swaziland	Sub-Saharan Africa	1
#FB61D7	6.73	1961	Swaziland	175	Swaziland	Sub-Saharan Africa	1
#FB61D7	6.745	1962	Swaziland	175	Swaziland	Sub-Saharan Africa	1
#FB61D7	6.763	1963	Swaziland	175	Swaziland	Sub-Saharan Africa	1
#FB61D7	6.782	1964	Swaziland	175	Swaziland	Sub-Saharan Africa	1
#FB61D7	6.802	1965	Swaziland	175	Swaziland	Sub-Saharan Africa	1
#FB61D7	6.822	1966	Swaziland	175	Swaziland	Sub-Saharan Africa	1
#FB61D7	6.841	1967	Swaziland	175	Swaziland	Sub-Saharan Africa	1
#FB61D7	6.857	1968	Swaziland	175	Swaziland	Sub-Saharan Africa	1
#FB61D7	6.869	1969	Swaziland	175	Swaziland	Sub-Saharan Africa	1
#FB61D7	6.875	1970	Swaziland	175	Swaziland	Sub-Saharan Africa	1
#FB61D7	6.876	1971	Swaziland	175	Swaziland	Sub-Saharan Africa	1
#FB61D7	6.87	1972	Swaziland	175	Swaziland	Sub-Saharan Africa	1
#FB61D7	6.858	1973	Swaziland	175	Swaziland	Sub-Saharan Africa	1
#FB61D7	6.84	1974	Swaziland	175	Swaziland	Sub-Saharan Africa	1
#FB61D7	6.817	1975	Swaziland	175	Swaziland	Sub-Saharan Africa	1
#FB61D7	6.79	1976	Swaziland	175	Swaziland	Sub-Saharan Africa	1
#FB61D7	6.761	1977	Swaziland	175	Swaziland	Sub-Saharan Africa	1
#FB61D7	6.729	1978	Swaziland	175	Swaziland	Sub-Saharan Africa	1
#FB61D7	6.695	1979	Swaziland	175	Swaziland	Sub-Saharan Africa	1
#FB61D7	6.658	1980	Swaziland	175	Swaziland	Sub-Saharan Africa	1
#FB61D7	6.618	1981	Swaziland	175	Swaziland	Sub-Saharan Africa	1
#FB61D7	6.573	1982	Swaziland	175	Swaziland	Sub-Saharan Africa	1
#FB61D7	6.52	1983	Swaziland	175	Swaziland	Sub-Saharan Africa	1
#FB61D7	6.459	1984	Swaziland	175	Swaziland	Sub-Saharan Africa	1
#FB61D7	6.384	1985	Swaziland	175	Swaziland	Sub-Saharan Africa	1
#FB61D7	6.291	1986	Swaziland	175	Swaziland	Sub-Saharan Africa	1
#FB61D7	6.18	1987	Swaziland	175	Swaziland	Sub-Saharan Africa	1
#FB61D7	6.051	1988	Swaziland	175	Swaziland	Sub-Saharan Africa	1
#FB61D7	5.905	1989	Swaziland	175	Swaziland	Sub-Saharan Africa	1
#FB61D7	5.744	1990	Swaziland	175	Swaziland	Sub-Saharan Africa	1
#FB61D7	5.571	1991	Swaziland	175	Swaziland	Sub-Saharan Africa	1
#FB61D7	5.392	1992	Swaziland	175	Swaziland	Sub-Saharan Africa	1
#FB61D7	5.211	1993	Swaziland	175	Swaziland	Sub-Saharan Africa	1
#FB61D7	5.035	1994	Swaziland	175	Swaziland	Sub-Saharan Africa	1
#FB61D7	4.867	1995	Swaziland	175	Swaziland	Sub-Saharan Africa	1
#FB61D7	4.712	1996	Swaziland	175	Swaziland	Sub-Saharan Africa	1
#FB61D7	4.57	1997	Swaziland	175	Swaziland	Sub-Saharan Africa	1
#FB61D7	4.441	1998	Swaziland	175	Swaziland	Sub-Saharan Africa	1
#FB61D7	4.326	1999	Swaziland	175	Swaziland	Sub-Saharan Africa	1
#FB61D7	4.222	2000	Swaziland	175	Swaziland	Sub-Saharan Africa	1
#FB61D7	4.128	2001	Swaziland	175	Swaziland	Sub-Saharan Africa	1
#FB61D7	4.04	2002	Swaziland	175	Swaziland	Sub-Saharan Africa	1
#FB61D7	3.954	2003	Swaziland	175	Swaziland	Sub-Saharan Africa	1
#FB61D7	3.87	2004	Swaziland	175	Swaziland	Sub-Saharan Africa	1
#FB61D7	3.784	2005	Swaziland	175	Swaziland	Sub-Saharan Africa	1
#FB61D7	3.698	2006	Swaziland	175	Swaziland	Sub-Saharan Africa	1
#FB61D7	3.613	2007	Swaziland	175	Swaziland	Sub-Saharan Africa	1
#FB61D7	3.528	2008	Swaziland	175	Swaziland	Sub-Saharan Africa	1
#FB61D7	3.445	2009	Swaziland	175	Swaziland	Sub-Saharan Africa	1
#FB61D7	3.364	2010	Swaziland	175	Swaziland	Sub-Saharan Africa	1
#FB61D7	3.286	2011	Swaziland	175	Swaziland	Sub-Saharan Africa	1
#FB61D7	6.25	1960	Chad	35	Chad	Sub-Saharan Africa	1
#FB61D7	6.269	1961	Chad	35	Chad	Sub-Saharan Africa	1
#FB61D7	6.287	1962	Chad	35	Chad	Sub-Saharan Africa	1
#FB61D7	6.305	1963	Chad	35	Chad	Sub-Saharan Africa	1
#FB61D7	6.323	1964	Chad	35	Chad	Sub-Saharan Africa	1
#FB61D7	6.343	1965	Chad	35	Chad	Sub-Saharan Africa	1
#FB61D7	6.366	1966	Chad	35	Chad	Sub-Saharan Africa	1
#FB61D7	6.393	1967	Chad	35	Chad	Sub-Saharan Africa	1
#FB61D7	6.424	1968	Chad	35	Chad	Sub-Saharan Africa	1
#FB61D7	6.459	1969	Chad	35	Chad	Sub-Saharan Africa	1
#FB61D7	6.498	1970	Chad	35	Chad	Sub-Saharan Africa	1
#FB61D7	6.538	1971	Chad	35	Chad	Sub-Saharan Africa	1
#FB61D7	6.578	1972	Chad	35	Chad	Sub-Saharan Africa	1
#FB61D7	6.617	1973	Chad	35	Chad	Sub-Saharan Africa	1
#FB61D7	6.652	1974	Chad	35	Chad	Sub-Saharan Africa	1
#FB61D7	6.683	1975	Chad	35	Chad	Sub-Saharan Africa	1
#FB61D7	6.708	1976	Chad	35	Chad	Sub-Saharan Africa	1
#FB61D7	6.728	1977	Chad	35	Chad	Sub-Saharan Africa	1
#FB61D7	6.743	1978	Chad	35	Chad	Sub-Saharan Africa	1
#FB61D7	6.754	1979	Chad	35	Chad	Sub-Saharan Africa	1
#FB61D7	6.759	1980	Chad	35	Chad	Sub-Saharan Africa	1
#FB61D7	6.759	1981	Chad	35	Chad	Sub-Saharan Africa	1
#FB61D7	6.756	1982	Chad	35	Chad	Sub-Saharan Africa	1
#FB61D7	6.749	1983	Chad	35	Chad	Sub-Saharan Africa	1
#FB61D7	6.74	1984	Chad	35	Chad	Sub-Saharan Africa	1
#FB61D7	6.73	1985	Chad	35	Chad	Sub-Saharan Africa	1
#FB61D7	6.718	1986	Chad	35	Chad	Sub-Saharan Africa	1
#FB61D7	6.706	1987	Chad	35	Chad	Sub-Saharan Africa	1
#FB61D7	6.694	1988	Chad	35	Chad	Sub-Saharan Africa	1
#FB61D7	6.682	1989	Chad	35	Chad	Sub-Saharan Africa	1
#FB61D7	6.671	1990	Chad	35	Chad	Sub-Saharan Africa	1
#FB61D7	6.662	1991	Chad	35	Chad	Sub-Saharan Africa	1
#FB61D7	6.654	1992	Chad	35	Chad	Sub-Saharan Africa	1
#FB61D7	6.647	1993	Chad	35	Chad	Sub-Saharan Africa	1
#FB61D7	6.641	1994	Chad	35	Chad	Sub-Saharan Africa	1
#FB61D7	6.636	1995	Chad	35	Chad	Sub-Saharan Africa	1
#FB61D7	6.632	1996	Chad	35	Chad	Sub-Saharan Africa	1
#FB61D7	6.629	1997	Chad	35	Chad	Sub-Saharan Africa	1
#FB61D7	6.624	1998	Chad	35	Chad	Sub-Saharan Africa	1
#FB61D7	6.617	1999	Chad	35	Chad	Sub-Saharan Africa	1
#FB61D7	6.605	2000	Chad	35	Chad	Sub-Saharan Africa	1
#FB61D7	6.585	2001	Chad	35	Chad	Sub-Saharan Africa	1
#FB61D7	6.555	2002	Chad	35	Chad	Sub-Saharan Africa	1
#FB61D7	6.514	2003	Chad	35	Chad	Sub-Saharan Africa	1
#FB61D7	6.463	2004	Chad	35	Chad	Sub-Saharan Africa	1
#FB61D7	6.401	2005	Chad	35	Chad	Sub-Saharan Africa	1
#FB61D7	6.329	2006	Chad	35	Chad	Sub-Saharan Africa	1
#FB61D7	6.249	2007	Chad	35	Chad	Sub-Saharan Africa	1
#FB61D7	6.163	2008	Chad	35	Chad	Sub-Saharan Africa	1
#FB61D7	6.073	2009	Chad	35	Chad	Sub-Saharan Africa	1
#FB61D7	5.981	2010	Chad	35	Chad	Sub-Saharan Africa	1
#FB61D7	5.886	2011	Chad	35	Chad	Sub-Saharan Africa	1
#FB61D7	6.521	1960	Togo	183	Togo	Sub-Saharan Africa	1
#FB61D7	6.57	1961	Togo	183	Togo	Sub-Saharan Africa	1
#FB61D7	6.622	1962	Togo	183	Togo	Sub-Saharan Africa	1
#FB61D7	6.677	1963	Togo	183	Togo	Sub-Saharan Africa	1
#FB61D7	6.734	1964	Togo	183	Togo	Sub-Saharan Africa	1
#FB61D7	6.792	1965	Togo	183	Togo	Sub-Saharan Africa	1
#FB61D7	6.851	1966	Togo	183	Togo	Sub-Saharan Africa	1
#FB61D7	6.911	1967	Togo	183	Togo	Sub-Saharan Africa	1
#FB61D7	6.971	1968	Togo	183	Togo	Sub-Saharan Africa	1
#FB61D7	7.029	1969	Togo	183	Togo	Sub-Saharan Africa	1
#FB61D7	7.084	1970	Togo	183	Togo	Sub-Saharan Africa	1
#FB61D7	7.136	1971	Togo	183	Togo	Sub-Saharan Africa	1
#FB61D7	7.182	1972	Togo	183	Togo	Sub-Saharan Africa	1
#FB61D7	7.222	1973	Togo	183	Togo	Sub-Saharan Africa	1
#FB61D7	7.254	1974	Togo	183	Togo	Sub-Saharan Africa	1
#FB61D7	7.276	1975	Togo	183	Togo	Sub-Saharan Africa	1
#FB61D7	7.286	1976	Togo	183	Togo	Sub-Saharan Africa	1
#FB61D7	7.285	1977	Togo	183	Togo	Sub-Saharan Africa	1
#FB61D7	7.273	1978	Togo	183	Togo	Sub-Saharan Africa	1
#FB61D7	7.248	1979	Togo	183	Togo	Sub-Saharan Africa	1
#FB61D7	7.21	1980	Togo	183	Togo	Sub-Saharan Africa	1
#FB61D7	7.16	1981	Togo	183	Togo	Sub-Saharan Africa	1
#FB61D7	7.097	1982	Togo	183	Togo	Sub-Saharan Africa	1
#FB61D7	7.024	1983	Togo	183	Togo	Sub-Saharan Africa	1
#FB61D7	6.941	1984	Togo	183	Togo	Sub-Saharan Africa	1
#FB61D7	6.85	1985	Togo	183	Togo	Sub-Saharan Africa	1
#FB61D7	6.75	1986	Togo	183	Togo	Sub-Saharan Africa	1
#FB61D7	6.644	1987	Togo	183	Togo	Sub-Saharan Africa	1
#FB61D7	6.533	1988	Togo	183	Togo	Sub-Saharan Africa	1
#FB61D7	6.417	1989	Togo	183	Togo	Sub-Saharan Africa	1
#FB61D7	6.299	1990	Togo	183	Togo	Sub-Saharan Africa	1
#FB61D7	6.179	1991	Togo	183	Togo	Sub-Saharan Africa	1
#FB61D7	6.056	1992	Togo	183	Togo	Sub-Saharan Africa	1
#FB61D7	5.932	1993	Togo	183	Togo	Sub-Saharan Africa	1
#FB61D7	5.809	1994	Togo	183	Togo	Sub-Saharan Africa	1
#FB61D7	5.686	1995	Togo	183	Togo	Sub-Saharan Africa	1
#FB61D7	5.565	1996	Togo	183	Togo	Sub-Saharan Africa	1
#FB61D7	5.446	1997	Togo	183	Togo	Sub-Saharan Africa	1
#FB61D7	5.329	1998	Togo	183	Togo	Sub-Saharan Africa	1
#FB61D7	5.215	1999	Togo	183	Togo	Sub-Saharan Africa	1
#FB61D7	5.102	2000	Togo	183	Togo	Sub-Saharan Africa	1
#FB61D7	4.992	2001	Togo	183	Togo	Sub-Saharan Africa	1
#FB61D7	4.882	2002	Togo	183	Togo	Sub-Saharan Africa	1
#FB61D7	4.774	2003	Togo	183	Togo	Sub-Saharan Africa	1
#FB61D7	4.666	2004	Togo	183	Togo	Sub-Saharan Africa	1
#FB61D7	4.559	2005	Togo	183	Togo	Sub-Saharan Africa	1
#FB61D7	4.455	2006	Togo	183	Togo	Sub-Saharan Africa	1
#FB61D7	4.354	2007	Togo	183	Togo	Sub-Saharan Africa	1
#FB61D7	4.256	2008	Togo	183	Togo	Sub-Saharan Africa	1
#FB61D7	4.162	2009	Togo	183	Togo	Sub-Saharan Africa	1
#FB61D7	4.072	2010	Togo	183	Togo	Sub-Saharan Africa	1
#FB61D7	3.985	2011	Togo	183	Togo	Sub-Saharan Africa	1
#F8766D	6.147	1960	Thailand	181	Thailand	East Asia & Pacific	1
#F8766D	6.151	1961	Thailand	181	Thailand	East Asia & Pacific	1
#F8766D	6.155	1962	Thailand	181	Thailand	East Asia & Pacific	1
#F8766D	6.157	1963	Thailand	181	Thailand	East Asia & Pacific	1
#F8766D	6.151	1964	Thailand	181	Thailand	East Asia & Pacific	1
#F8766D	6.129	1965	Thailand	181	Thailand	East Asia & Pacific	1
#F8766D	6.084	1966	Thailand	181	Thailand	East Asia & Pacific	1
#F8766D	6.009	1967	Thailand	181	Thailand	East Asia & Pacific	1
#F8766D	5.903	1968	Thailand	181	Thailand	East Asia & Pacific	1
#F8766D	5.764	1969	Thailand	181	Thailand	East Asia & Pacific	1
#F8766D	5.595	1970	Thailand	181	Thailand	East Asia & Pacific	1
#F8766D	5.397	1971	Thailand	181	Thailand	East Asia & Pacific	1
#F8766D	5.181	1972	Thailand	181	Thailand	East Asia & Pacific	1
#F8766D	4.953	1973	Thailand	181	Thailand	East Asia & Pacific	1
#F8766D	4.721	1974	Thailand	181	Thailand	East Asia & Pacific	1
#F8766D	4.488	1975	Thailand	181	Thailand	East Asia & Pacific	1
#F8766D	4.257	1976	Thailand	181	Thailand	East Asia & Pacific	1
#F8766D	4.03	1977	Thailand	181	Thailand	East Asia & Pacific	1
#F8766D	3.808	1978	Thailand	181	Thailand	East Asia & Pacific	1
#F8766D	3.594	1979	Thailand	181	Thailand	East Asia & Pacific	1
#F8766D	3.392	1980	Thailand	181	Thailand	East Asia & Pacific	1
#F8766D	3.202	1981	Thailand	181	Thailand	East Asia & Pacific	1
#F8766D	3.024	1982	Thailand	181	Thailand	East Asia & Pacific	1
#F8766D	2.859	1983	Thailand	181	Thailand	East Asia & Pacific	1
#F8766D	2.707	1984	Thailand	181	Thailand	East Asia & Pacific	1
#F8766D	2.571	1985	Thailand	181	Thailand	East Asia & Pacific	1
#F8766D	2.451	1986	Thailand	181	Thailand	East Asia & Pacific	1
#F8766D	2.346	1987	Thailand	181	Thailand	East Asia & Pacific	1
#F8766D	2.256	1988	Thailand	181	Thailand	East Asia & Pacific	1
#F8766D	2.179	1989	Thailand	181	Thailand	East Asia & Pacific	1
#F8766D	2.113	1990	Thailand	181	Thailand	East Asia & Pacific	1
#F8766D	2.054	1991	Thailand	181	Thailand	East Asia & Pacific	1
#F8766D	2.001	1992	Thailand	181	Thailand	East Asia & Pacific	1
#F8766D	1.952	1993	Thailand	181	Thailand	East Asia & Pacific	1
#F8766D	1.906	1994	Thailand	181	Thailand	East Asia & Pacific	1
#F8766D	1.862	1995	Thailand	181	Thailand	East Asia & Pacific	1
#F8766D	1.821	1996	Thailand	181	Thailand	East Asia & Pacific	1
#F8766D	1.785	1997	Thailand	181	Thailand	East Asia & Pacific	1
#F8766D	1.755	1998	Thailand	181	Thailand	East Asia & Pacific	1
#F8766D	1.73	1999	Thailand	181	Thailand	East Asia & Pacific	1
#F8766D	1.71	2000	Thailand	181	Thailand	East Asia & Pacific	1
#F8766D	1.695	2001	Thailand	181	Thailand	East Asia & Pacific	1
#F8766D	1.683	2002	Thailand	181	Thailand	East Asia & Pacific	1
#F8766D	1.673	2003	Thailand	181	Thailand	East Asia & Pacific	1
#F8766D	1.663	2004	Thailand	181	Thailand	East Asia & Pacific	1
#F8766D	1.654	2005	Thailand	181	Thailand	East Asia & Pacific	1
#F8766D	1.642	2006	Thailand	181	Thailand	East Asia & Pacific	1
#F8766D	1.629	2007	Thailand	181	Thailand	East Asia & Pacific	1
#F8766D	1.614	2008	Thailand	181	Thailand	East Asia & Pacific	1
#F8766D	1.598	2009	Thailand	181	Thailand	East Asia & Pacific	1
#F8766D	1.579	2010	Thailand	181	Thailand	East Asia & Pacific	1
#F8766D	1.559	2011	Thailand	181	Thailand	East Asia & Pacific	1
#C49A00	6.235	1960	Tajikistan	179	Tajikistan	Europe & Central Asia	1
#C49A00	6.266	1961	Tajikistan	179	Tajikistan	Europe & Central Asia	1
#C49A00	6.308	1962	Tajikistan	179	Tajikistan	Europe & Central Asia	1
#C49A00	6.365	1963	Tajikistan	179	Tajikistan	Europe & Central Asia	1
#C49A00	6.433	1964	Tajikistan	179	Tajikistan	Europe & Central Asia	1
#C49A00	6.513	1965	Tajikistan	179	Tajikistan	Europe & Central Asia	1
#C49A00	6.602	1966	Tajikistan	179	Tajikistan	Europe & Central Asia	1
#C49A00	6.693	1967	Tajikistan	179	Tajikistan	Europe & Central Asia	1
#C49A00	6.775	1968	Tajikistan	179	Tajikistan	Europe & Central Asia	1
#C49A00	6.841	1969	Tajikistan	179	Tajikistan	Europe & Central Asia	1
#C49A00	6.878	1970	Tajikistan	179	Tajikistan	Europe & Central Asia	1
#C49A00	6.87	1971	Tajikistan	179	Tajikistan	Europe & Central Asia	1
#C49A00	6.814	1972	Tajikistan	179	Tajikistan	Europe & Central Asia	1
#C49A00	6.713	1973	Tajikistan	179	Tajikistan	Europe & Central Asia	1
#C49A00	6.572	1974	Tajikistan	179	Tajikistan	Europe & Central Asia	1
#C49A00	6.402	1975	Tajikistan	179	Tajikistan	Europe & Central Asia	1
#C49A00	6.22	1976	Tajikistan	179	Tajikistan	Europe & Central Asia	1
#C49A00	6.043	1977	Tajikistan	179	Tajikistan	Europe & Central Asia	1
#C49A00	5.887	1978	Tajikistan	179	Tajikistan	Europe & Central Asia	1
#C49A00	5.759	1979	Tajikistan	179	Tajikistan	Europe & Central Asia	1
#C49A00	5.663	1980	Tajikistan	179	Tajikistan	Europe & Central Asia	1
#C49A00	5.601	1981	Tajikistan	179	Tajikistan	Europe & Central Asia	1
#C49A00	5.561	1982	Tajikistan	179	Tajikistan	Europe & Central Asia	1
#C49A00	5.533	1983	Tajikistan	179	Tajikistan	Europe & Central Asia	1
#C49A00	5.51	1984	Tajikistan	179	Tajikistan	Europe & Central Asia	1
#C49A00	5.486	1985	Tajikistan	179	Tajikistan	Europe & Central Asia	1
#C49A00	5.453	1986	Tajikistan	179	Tajikistan	Europe & Central Asia	1
#C49A00	5.408	1987	Tajikistan	179	Tajikistan	Europe & Central Asia	1
#C49A00	5.347	1988	Tajikistan	179	Tajikistan	Europe & Central Asia	1
#C49A00	5.27	1989	Tajikistan	179	Tajikistan	Europe & Central Asia	1
#C49A00	5.175	1990	Tajikistan	179	Tajikistan	Europe & Central Asia	1
#C49A00	5.066	1991	Tajikistan	179	Tajikistan	Europe & Central Asia	1
#C49A00	4.947	1992	Tajikistan	179	Tajikistan	Europe & Central Asia	1
#C49A00	4.825	1993	Tajikistan	179	Tajikistan	Europe & Central Asia	1
#C49A00	4.702	1994	Tajikistan	179	Tajikistan	Europe & Central Asia	1
#C49A00	4.581	1995	Tajikistan	179	Tajikistan	Europe & Central Asia	1
#C49A00	4.463	1996	Tajikistan	179	Tajikistan	Europe & Central Asia	1
#C49A00	4.348	1997	Tajikistan	179	Tajikistan	Europe & Central Asia	1
#C49A00	4.237	1998	Tajikistan	179	Tajikistan	Europe & Central Asia	1
#C49A00	4.13	1999	Tajikistan	179	Tajikistan	Europe & Central Asia	1
#C49A00	4.03	2000	Tajikistan	179	Tajikistan	Europe & Central Asia	1
#C49A00	3.935	2001	Tajikistan	179	Tajikistan	Europe & Central Asia	1
#C49A00	3.847	2002	Tajikistan	179	Tajikistan	Europe & Central Asia	1
#C49A00	3.763	2003	Tajikistan	179	Tajikistan	Europe & Central Asia	1
#C49A00	3.685	2004	Tajikistan	179	Tajikistan	Europe & Central Asia	1
#C49A00	3.612	2005	Tajikistan	179	Tajikistan	Europe & Central Asia	1
#C49A00	3.543	2006	Tajikistan	179	Tajikistan	Europe & Central Asia	1
#C49A00	3.477	2007	Tajikistan	179	Tajikistan	Europe & Central Asia	1
#C49A00	3.415	2008	Tajikistan	179	Tajikistan	Europe & Central Asia	1
#C49A00	3.355	2009	Tajikistan	179	Tajikistan	Europe & Central Asia	1
#C49A00	3.297	2010	Tajikistan	179	Tajikistan	Europe & Central Asia	1
#C49A00	3.24	2011	Tajikistan	179	Tajikistan	Europe & Central Asia	1
#F8766D	6.373	1960	Timor-Leste	182	Timor-Leste	East Asia & Pacific	1
#F8766D	6.376	1961	Timor-Leste	182	Timor-Leste	East Asia & Pacific	1
#F8766D	6.375	1962	Timor-Leste	182	Timor-Leste	East Asia & Pacific	1
#F8766D	6.367	1963	Timor-Leste	182	Timor-Leste	East Asia & Pacific	1
#F8766D	6.347	1964	Timor-Leste	182	Timor-Leste	East Asia & Pacific	1
#F8766D	6.314	1965	Timor-Leste	182	Timor-Leste	East Asia & Pacific	1
#F8766D	6.268	1966	Timor-Leste	182	Timor-Leste	East Asia & Pacific	1
#F8766D	6.207	1967	Timor-Leste	182	Timor-Leste	East Asia & Pacific	1
#F8766D	6.132	1968	Timor-Leste	182	Timor-Leste	East Asia & Pacific	1
#F8766D	6.039	1969	Timor-Leste	182	Timor-Leste	East Asia & Pacific	1
#F8766D	5.917	1970	Timor-Leste	182	Timor-Leste	East Asia & Pacific	1
#F8766D	5.751	1971	Timor-Leste	182	Timor-Leste	East Asia & Pacific	1
#F8766D	5.541	1972	Timor-Leste	182	Timor-Leste	East Asia & Pacific	1
#F8766D	5.298	1973	Timor-Leste	182	Timor-Leste	East Asia & Pacific	1
#F8766D	5.037	1974	Timor-Leste	182	Timor-Leste	East Asia & Pacific	1
#F8766D	4.794	1975	Timor-Leste	182	Timor-Leste	East Asia & Pacific	1
#F8766D	4.611	1976	Timor-Leste	182	Timor-Leste	East Asia & Pacific	1
#F8766D	4.514	1977	Timor-Leste	182	Timor-Leste	East Asia & Pacific	1
#F8766D	4.513	1978	Timor-Leste	182	Timor-Leste	East Asia & Pacific	1
#F8766D	4.606	1979	Timor-Leste	182	Timor-Leste	East Asia & Pacific	1
#F8766D	4.767	1980	Timor-Leste	182	Timor-Leste	East Asia & Pacific	1
#F8766D	4.956	1981	Timor-Leste	182	Timor-Leste	East Asia & Pacific	1
#F8766D	5.13	1982	Timor-Leste	182	Timor-Leste	East Asia & Pacific	1
#F8766D	5.256	1983	Timor-Leste	182	Timor-Leste	East Asia & Pacific	1
#F8766D	5.324	1984	Timor-Leste	182	Timor-Leste	East Asia & Pacific	1
#F8766D	5.336	1985	Timor-Leste	182	Timor-Leste	East Asia & Pacific	1
#F8766D	5.308	1986	Timor-Leste	182	Timor-Leste	East Asia & Pacific	1
#F8766D	5.271	1987	Timor-Leste	182	Timor-Leste	East Asia & Pacific	1
#F8766D	5.256	1988	Timor-Leste	182	Timor-Leste	East Asia & Pacific	1
#F8766D	5.273	1989	Timor-Leste	182	Timor-Leste	East Asia & Pacific	1
#F8766D	5.34	1990	Timor-Leste	182	Timor-Leste	East Asia & Pacific	1
#F8766D	5.469	1991	Timor-Leste	182	Timor-Leste	East Asia & Pacific	1
#F8766D	5.651	1992	Timor-Leste	182	Timor-Leste	East Asia & Pacific	1
#F8766D	5.874	1993	Timor-Leste	182	Timor-Leste	East Asia & Pacific	1
#F8766D	6.125	1994	Timor-Leste	182	Timor-Leste	East Asia & Pacific	1
#F8766D	6.384	1995	Timor-Leste	182	Timor-Leste	East Asia & Pacific	1
#F8766D	6.627	1996	Timor-Leste	182	Timor-Leste	East Asia & Pacific	1
#F8766D	6.832	1997	Timor-Leste	182	Timor-Leste	East Asia & Pacific	1
#F8766D	6.986	1998	Timor-Leste	182	Timor-Leste	East Asia & Pacific	1
#F8766D	7.079	1999	Timor-Leste	182	Timor-Leste	East Asia & Pacific	1
#F8766D	7.112	2000	Timor-Leste	182	Timor-Leste	East Asia & Pacific	1
#F8766D	7.092	2001	Timor-Leste	182	Timor-Leste	East Asia & Pacific	1
#F8766D	7.037	2002	Timor-Leste	182	Timor-Leste	East Asia & Pacific	1
#F8766D	6.964	2003	Timor-Leste	182	Timor-Leste	East Asia & Pacific	1
#F8766D	6.648	2004	Timor-Leste	182	Timor-Leste	East Asia & Pacific	1
#F8766D	6.332	2005	Timor-Leste	182	Timor-Leste	East Asia & Pacific	1
#F8766D	6.016	2006	Timor-Leste	182	Timor-Leste	East Asia & Pacific	1
#F8766D	5.7	2007	Timor-Leste	182	Timor-Leste	East Asia & Pacific	1
#F8766D	5.7	2008	Timor-Leste	182	Timor-Leste	East Asia & Pacific	1
#F8766D	5.7	2009	Timor-Leste	182	Timor-Leste	East Asia & Pacific	1
#F8766D	5.578	2010	Timor-Leste	182	Timor-Leste	East Asia & Pacific	1
#F8766D	5.453	2011	Timor-Leste	182	Timor-Leste	East Asia & Pacific	1
#C49A00	6.415	1960	Turkmenistan	188	Turkmenistan	Europe & Central Asia	1
#C49A00	6.537	1961	Turkmenistan	188	Turkmenistan	Europe & Central Asia	1
#C49A00	6.626	1962	Turkmenistan	188	Turkmenistan	Europe & Central Asia	1
#C49A00	6.668	1963	Turkmenistan	188	Turkmenistan	Europe & Central Asia	1
#C49A00	6.663	1964	Turkmenistan	188	Turkmenistan	Europe & Central Asia	1
#C49A00	6.616	1965	Turkmenistan	188	Turkmenistan	Europe & Central Asia	1
#C49A00	6.545	1966	Turkmenistan	188	Turkmenistan	Europe & Central Asia	1
#C49A00	6.469	1967	Turkmenistan	188	Turkmenistan	Europe & Central Asia	1
#C49A00	6.403	1968	Turkmenistan	188	Turkmenistan	Europe & Central Asia	1
#C49A00	6.35	1969	Turkmenistan	188	Turkmenistan	Europe & Central Asia	1
#C49A00	6.302	1970	Turkmenistan	188	Turkmenistan	Europe & Central Asia	1
#C49A00	6.249	1971	Turkmenistan	188	Turkmenistan	Europe & Central Asia	1
#C49A00	6.175	1972	Turkmenistan	188	Turkmenistan	Europe & Central Asia	1
#C49A00	6.071	1973	Turkmenistan	188	Turkmenistan	Europe & Central Asia	1
#C49A00	5.939	1974	Turkmenistan	188	Turkmenistan	Europe & Central Asia	1
#C49A00	5.783	1975	Turkmenistan	188	Turkmenistan	Europe & Central Asia	1
#C49A00	5.612	1976	Turkmenistan	188	Turkmenistan	Europe & Central Asia	1
#C49A00	5.441	1977	Turkmenistan	188	Turkmenistan	Europe & Central Asia	1
#C49A00	5.279	1978	Turkmenistan	188	Turkmenistan	Europe & Central Asia	1
#C49A00	5.135	1979	Turkmenistan	188	Turkmenistan	Europe & Central Asia	1
#C49A00	5.012	1980	Turkmenistan	188	Turkmenistan	Europe & Central Asia	1
#C49A00	4.915	1981	Turkmenistan	188	Turkmenistan	Europe & Central Asia	1
#C49A00	4.836	1982	Turkmenistan	188	Turkmenistan	Europe & Central Asia	1
#C49A00	4.772	1983	Turkmenistan	188	Turkmenistan	Europe & Central Asia	1
#C49A00	4.718	1984	Turkmenistan	188	Turkmenistan	Europe & Central Asia	1
#C49A00	4.669	1985	Turkmenistan	188	Turkmenistan	Europe & Central Asia	1
#C49A00	4.623	1986	Turkmenistan	188	Turkmenistan	Europe & Central Asia	1
#C49A00	4.572	1987	Turkmenistan	188	Turkmenistan	Europe & Central Asia	1
#C49A00	4.513	1988	Turkmenistan	188	Turkmenistan	Europe & Central Asia	1
#C49A00	4.44	1989	Turkmenistan	188	Turkmenistan	Europe & Central Asia	1
#C49A00	4.345	1990	Turkmenistan	188	Turkmenistan	Europe & Central Asia	1
#C49A00	4.222	1991	Turkmenistan	188	Turkmenistan	Europe & Central Asia	1
#C49A00	4.071	1992	Turkmenistan	188	Turkmenistan	Europe & Central Asia	1
#C49A00	3.898	1993	Turkmenistan	188	Turkmenistan	Europe & Central Asia	1
#C49A00	3.707	1994	Turkmenistan	188	Turkmenistan	Europe & Central Asia	1
#C49A00	3.512	1995	Turkmenistan	188	Turkmenistan	Europe & Central Asia	1
#C49A00	3.325	1996	Turkmenistan	188	Turkmenistan	Europe & Central Asia	1
#C49A00	3.159	1997	Turkmenistan	188	Turkmenistan	Europe & Central Asia	1
#C49A00	3.021	1998	Turkmenistan	188	Turkmenistan	Europe & Central Asia	1
#C49A00	2.914	1999	Turkmenistan	188	Turkmenistan	Europe & Central Asia	1
#C49A00	2.837	2000	Turkmenistan	188	Turkmenistan	Europe & Central Asia	1
#C49A00	2.783	2001	Turkmenistan	188	Turkmenistan	Europe & Central Asia	1
#C49A00	2.741	2002	Turkmenistan	188	Turkmenistan	Europe & Central Asia	1
#C49A00	2.702	2003	Turkmenistan	188	Turkmenistan	Europe & Central Asia	1
#C49A00	2.662	2004	Turkmenistan	188	Turkmenistan	Europe & Central Asia	1
#C49A00	2.617	2005	Turkmenistan	188	Turkmenistan	Europe & Central Asia	1
#C49A00	2.57	2006	Turkmenistan	188	Turkmenistan	Europe & Central Asia	1
#C49A00	2.523	2007	Turkmenistan	188	Turkmenistan	Europe & Central Asia	1
#C49A00	2.479	2008	Turkmenistan	188	Turkmenistan	Europe & Central Asia	1
#C49A00	2.437	2009	Turkmenistan	188	Turkmenistan	Europe & Central Asia	1
#C49A00	2.399	2010	Turkmenistan	188	Turkmenistan	Europe & Central Asia	1
#C49A00	2.363	2011	Turkmenistan	188	Turkmenistan	Europe & Central Asia	1
#00C094	7.182	1960	Tunisia	186	Tunisia	Middle East & North Africa	1
#00C094	7.215	1961	Tunisia	186	Tunisia	Middle East & North Africa	1
#00C094	7.231	1962	Tunisia	186	Tunisia	Middle East & North Africa	1
#00C094	7.225	1963	Tunisia	186	Tunisia	Middle East & North Africa	1
#00C094	7.194	1964	Tunisia	186	Tunisia	Middle East & North Africa	1
#00C094	7.137	1965	Tunisia	186	Tunisia	Middle East & North Africa	1
#00C094	7.054	1966	Tunisia	186	Tunisia	Middle East & North Africa	1
#00C094	6.95	1967	Tunisia	186	Tunisia	Middle East & North Africa	1
#00C094	6.83	1968	Tunisia	186	Tunisia	Middle East & North Africa	1
#00C094	6.7	1969	Tunisia	186	Tunisia	Middle East & North Africa	1
#00C094	6.565	1970	Tunisia	186	Tunisia	Middle East & North Africa	1
#00C094	6.432	1971	Tunisia	186	Tunisia	Middle East & North Africa	1
#00C094	6.304	1972	Tunisia	186	Tunisia	Middle East & North Africa	1
#00C094	6.182	1973	Tunisia	186	Tunisia	Middle East & North Africa	1
#00C094	6.068	1974	Tunisia	186	Tunisia	Middle East & North Africa	1
#00C094	5.958	1975	Tunisia	186	Tunisia	Middle East & North Africa	1
#00C094	5.848	1976	Tunisia	186	Tunisia	Middle East & North Africa	1
#00C094	5.732	1977	Tunisia	186	Tunisia	Middle East & North Africa	1
#00C094	5.607	1978	Tunisia	186	Tunisia	Middle East & North Africa	1
#00C094	5.471	1979	Tunisia	186	Tunisia	Middle East & North Africa	1
#00C094	5.325	1980	Tunisia	186	Tunisia	Middle East & North Africa	1
#00C094	5.173	1981	Tunisia	186	Tunisia	Middle East & North Africa	1
#00C094	5.018	1982	Tunisia	186	Tunisia	Middle East & North Africa	1
#00C094	4.863	1983	Tunisia	186	Tunisia	Middle East & North Africa	1
#00C094	4.707	1984	Tunisia	186	Tunisia	Middle East & North Africa	1
#00C094	4.549	1985	Tunisia	186	Tunisia	Middle East & North Africa	1
#00C094	4.384	1986	Tunisia	186	Tunisia	Middle East & North Africa	1
#00C094	4.211	1987	Tunisia	186	Tunisia	Middle East & North Africa	1
#00C094	4.026	1988	Tunisia	186	Tunisia	Middle East & North Africa	1
#00C094	3.833	1989	Tunisia	186	Tunisia	Middle East & North Africa	1
#00C094	3.633	1990	Tunisia	186	Tunisia	Middle East & North Africa	1
#00C094	3.428	1991	Tunisia	186	Tunisia	Middle East & North Africa	1
#00C094	3.223	1992	Tunisia	186	Tunisia	Middle East & North Africa	1
#00C094	3.025	1993	Tunisia	186	Tunisia	Middle East & North Africa	1
#00C094	2.9	1994	Tunisia	186	Tunisia	Middle East & North Africa	1
#00C094	2.67	1995	Tunisia	186	Tunisia	Middle East & North Africa	1
#00C094	2.51	1996	Tunisia	186	Tunisia	Middle East & North Africa	1
#00C094	2.38	1997	Tunisia	186	Tunisia	Middle East & North Africa	1
#00C094	2.23	1998	Tunisia	186	Tunisia	Middle East & North Africa	1
#00C094	2.09	1999	Tunisia	186	Tunisia	Middle East & North Africa	1
#00C094	2.08	2000	Tunisia	186	Tunisia	Middle East & North Africa	1
#00C094	2.05	2001	Tunisia	186	Tunisia	Middle East & North Africa	1
#00C094	2	2002	Tunisia	186	Tunisia	Middle East & North Africa	1
#00C094	2.06	2003	Tunisia	186	Tunisia	Middle East & North Africa	1
#00C094	2.02	2004	Tunisia	186	Tunisia	Middle East & North Africa	1
#00C094	2.04	2005	Tunisia	186	Tunisia	Middle East & North Africa	1
#00C094	2.03	2006	Tunisia	186	Tunisia	Middle East & North Africa	1
#00C094	2.04	2007	Tunisia	186	Tunisia	Middle East & North Africa	1
#00C094	2.06	2008	Tunisia	186	Tunisia	Middle East & North Africa	1
#00C094	2.05	2009	Tunisia	186	Tunisia	Middle East & North Africa	1
#00C094	2.13	2010	Tunisia	186	Tunisia	Middle East & North Africa	1
#00C094	2.13	2011	Tunisia	186	Tunisia	Middle East & North Africa	1
#F8766D	7.363	1960	Tonga	184	Tonga	East Asia & Pacific	1
#F8766D	7.346	1961	Tonga	184	Tonga	East Asia & Pacific	1
#F8766D	7.302	1962	Tonga	184	Tonga	East Asia & Pacific	1
#F8766D	7.226	1963	Tonga	184	Tonga	East Asia & Pacific	1
#F8766D	7.117	1964	Tonga	184	Tonga	East Asia & Pacific	1
#F8766D	6.973	1965	Tonga	184	Tonga	East Asia & Pacific	1
#F8766D	6.795	1966	Tonga	184	Tonga	East Asia & Pacific	1
#F8766D	6.59	1967	Tonga	184	Tonga	East Asia & Pacific	1
#F8766D	6.371	1968	Tonga	184	Tonga	East Asia & Pacific	1
#F8766D	6.15	1969	Tonga	184	Tonga	East Asia & Pacific	1
#F8766D	5.941	1970	Tonga	184	Tonga	East Asia & Pacific	1
#F8766D	5.761	1971	Tonga	184	Tonga	East Asia & Pacific	1
#F8766D	5.616	1972	Tonga	184	Tonga	East Asia & Pacific	1
#F8766D	5.512	1973	Tonga	184	Tonga	East Asia & Pacific	1
#F8766D	5.449	1974	Tonga	184	Tonga	East Asia & Pacific	1
#F8766D	5.426	1975	Tonga	184	Tonga	East Asia & Pacific	1
#F8766D	5.438	1976	Tonga	184	Tonga	East Asia & Pacific	1
#F8766D	5.471	1977	Tonga	184	Tonga	East Asia & Pacific	1
#F8766D	5.509	1978	Tonga	184	Tonga	East Asia & Pacific	1
#F8766D	5.541	1979	Tonga	184	Tonga	East Asia & Pacific	1
#F8766D	5.553	1980	Tonga	184	Tonga	East Asia & Pacific	1
#F8766D	5.532	1981	Tonga	184	Tonga	East Asia & Pacific	1
#F8766D	5.475	1982	Tonga	184	Tonga	East Asia & Pacific	1
#F8766D	5.385	1983	Tonga	184	Tonga	East Asia & Pacific	1
#F8766D	5.266	1984	Tonga	184	Tonga	East Asia & Pacific	1
#F8766D	5.128	1985	Tonga	184	Tonga	East Asia & Pacific	1
#F8766D	4.989	1986	Tonga	184	Tonga	East Asia & Pacific	1
#F8766D	4.864	1987	Tonga	184	Tonga	East Asia & Pacific	1
#F8766D	4.763	1988	Tonga	184	Tonga	East Asia & Pacific	1
#F8766D	4.691	1989	Tonga	184	Tonga	East Asia & Pacific	1
#F8766D	4.644	1990	Tonga	184	Tonga	East Asia & Pacific	1
#F8766D	4.612	1991	Tonga	184	Tonga	East Asia & Pacific	1
#F8766D	4.583	1992	Tonga	184	Tonga	East Asia & Pacific	1
#F8766D	4.547	1993	Tonga	184	Tonga	East Asia & Pacific	1
#F8766D	4.501	1994	Tonga	184	Tonga	East Asia & Pacific	1
#F8766D	4.447	1995	Tonga	184	Tonga	East Asia & Pacific	1
#F8766D	4.391	1996	Tonga	184	Tonga	East Asia & Pacific	1
#F8766D	4.34	1997	Tonga	184	Tonga	East Asia & Pacific	1
#F8766D	4.3	1998	Tonga	184	Tonga	East Asia & Pacific	1
#F8766D	4.27	1999	Tonga	184	Tonga	East Asia & Pacific	1
#F8766D	4.25	2000	Tonga	184	Tonga	East Asia & Pacific	1
#F8766D	4.236	2001	Tonga	184	Tonga	East Asia & Pacific	1
#F8766D	4.221	2002	Tonga	184	Tonga	East Asia & Pacific	1
#F8766D	4.202	2003	Tonga	184	Tonga	East Asia & Pacific	1
#F8766D	4.177	2004	Tonga	184	Tonga	East Asia & Pacific	1
#F8766D	4.144	2005	Tonga	184	Tonga	East Asia & Pacific	1
#F8766D	4.104	2006	Tonga	184	Tonga	East Asia & Pacific	1
#F8766D	4.059	2007	Tonga	184	Tonga	East Asia & Pacific	1
#F8766D	4.011	2008	Tonga	184	Tonga	East Asia & Pacific	1
#F8766D	3.962	2009	Tonga	184	Tonga	East Asia & Pacific	1
#F8766D	3.911	2010	Tonga	184	Tonga	East Asia & Pacific	1
#F8766D	3.861	2011	Tonga	184	Tonga	East Asia & Pacific	1
#C49A00	6.116	1960	Turkey	187	Turkey	Europe & Central Asia	1
#C49A00	6.091	1961	Turkey	187	Turkey	Europe & Central Asia	1
#C49A00	6.058	1962	Turkey	187	Turkey	Europe & Central Asia	1
#C49A00	6.015	1963	Turkey	187	Turkey	Europe & Central Asia	1
#C49A00	5.961	1964	Turkey	187	Turkey	Europe & Central Asia	1
#C49A00	5.898	1965	Turkey	187	Turkey	Europe & Central Asia	1
#C49A00	5.828	1966	Turkey	187	Turkey	Europe & Central Asia	1
#C49A00	5.754	1967	Turkey	187	Turkey	Europe & Central Asia	1
#C49A00	5.678	1968	Turkey	187	Turkey	Europe & Central Asia	1
#C49A00	5.6	1969	Turkey	187	Turkey	Europe & Central Asia	1
#C49A00	5.519	1970	Turkey	187	Turkey	Europe & Central Asia	1
#C49A00	5.433	1971	Turkey	187	Turkey	Europe & Central Asia	1
#C49A00	5.341	1972	Turkey	187	Turkey	Europe & Central Asia	1
#C49A00	5.241	1973	Turkey	187	Turkey	Europe & Central Asia	1
#C49A00	5.134	1974	Turkey	187	Turkey	Europe & Central Asia	1
#C49A00	5.021	1975	Turkey	187	Turkey	Europe & Central Asia	1
#C49A00	4.907	1976	Turkey	187	Turkey	Europe & Central Asia	1
#C49A00	4.793	1977	Turkey	187	Turkey	Europe & Central Asia	1
#C49A00	4.681	1978	Turkey	187	Turkey	Europe & Central Asia	1
#C49A00	4.569	1979	Turkey	187	Turkey	Europe & Central Asia	1
#C49A00	4.454	1980	Turkey	187	Turkey	Europe & Central Asia	1
#C49A00	4.328	1981	Turkey	187	Turkey	Europe & Central Asia	1
#C49A00	4.188	1982	Turkey	187	Turkey	Europe & Central Asia	1
#C49A00	4.033	1983	Turkey	187	Turkey	Europe & Central Asia	1
#C49A00	3.868	1984	Turkey	187	Turkey	Europe & Central Asia	1
#C49A00	3.698	1985	Turkey	187	Turkey	Europe & Central Asia	1
#C49A00	3.533	1986	Turkey	187	Turkey	Europe & Central Asia	1
#C49A00	3.381	1987	Turkey	187	Turkey	Europe & Central Asia	1
#C49A00	3.249	1988	Turkey	187	Turkey	Europe & Central Asia	1
#C49A00	3.139	1989	Turkey	187	Turkey	Europe & Central Asia	1
#C49A00	3.049	1990	Turkey	187	Turkey	Europe & Central Asia	1
#C49A00	2.977	1991	Turkey	187	Turkey	Europe & Central Asia	1
#C49A00	2.915	1992	Turkey	187	Turkey	Europe & Central Asia	1
#C49A00	2.856	1993	Turkey	187	Turkey	Europe & Central Asia	1
#C49A00	2.797	1994	Turkey	187	Turkey	Europe & Central Asia	1
#C49A00	2.734	1995	Turkey	187	Turkey	Europe & Central Asia	1
#C49A00	2.667	1996	Turkey	187	Turkey	Europe & Central Asia	1
#C49A00	2.596	1997	Turkey	187	Turkey	Europe & Central Asia	1
#C49A00	2.524	1998	Turkey	187	Turkey	Europe & Central Asia	1
#C49A00	2.452	1999	Turkey	187	Turkey	Europe & Central Asia	1
#C49A00	2.383	2000	Turkey	187	Turkey	Europe & Central Asia	1
#C49A00	2.321	2001	Turkey	187	Turkey	Europe & Central Asia	1
#C49A00	2.268	2002	Turkey	187	Turkey	Europe & Central Asia	1
#C49A00	2.227	2003	Turkey	187	Turkey	Europe & Central Asia	1
#C49A00	2.196	2004	Turkey	187	Turkey	Europe & Central Asia	1
#C49A00	2.175	2005	Turkey	187	Turkey	Europe & Central Asia	1
#C49A00	2.159	2006	Turkey	187	Turkey	Europe & Central Asia	1
#C49A00	2.145	2007	Turkey	187	Turkey	Europe & Central Asia	1
#C49A00	2.129	2008	Turkey	187	Turkey	Europe & Central Asia	1
#C49A00	2.111	2009	Turkey	187	Turkey	Europe & Central Asia	1
#C49A00	2.088	2010	Turkey	187	Turkey	Europe & Central Asia	1
#C49A00	2.063	2011	Turkey	187	Turkey	Europe & Central Asia	1
#53B400	5.237	1960	Trinidad and Tobago	185	Trinidad and Tobago	Latin America & Caribbean	1
#53B400	5.141	1961	Trinidad and Tobago	185	Trinidad and Tobago	Latin America & Caribbean	1
#53B400	5.005	1962	Trinidad and Tobago	185	Trinidad and Tobago	Latin America & Caribbean	1
#53B400	4.829	1963	Trinidad and Tobago	185	Trinidad and Tobago	Latin America & Caribbean	1
#53B400	4.62	1964	Trinidad and Tobago	185	Trinidad and Tobago	Latin America & Caribbean	1
#53B400	4.392	1965	Trinidad and Tobago	185	Trinidad and Tobago	Latin America & Caribbean	1
#53B400	4.164	1966	Trinidad and Tobago	185	Trinidad and Tobago	Latin America & Caribbean	1
#53B400	3.953	1967	Trinidad and Tobago	185	Trinidad and Tobago	Latin America & Caribbean	1
#53B400	3.774	1968	Trinidad and Tobago	185	Trinidad and Tobago	Latin America & Caribbean	1
#53B400	3.633	1969	Trinidad and Tobago	185	Trinidad and Tobago	Latin America & Caribbean	1
#53B400	3.535	1970	Trinidad and Tobago	185	Trinidad and Tobago	Latin America & Caribbean	1
#53B400	3.476	1971	Trinidad and Tobago	185	Trinidad and Tobago	Latin America & Caribbean	1
#53B400	3.444	1972	Trinidad and Tobago	185	Trinidad and Tobago	Latin America & Caribbean	1
#53B400	3.426	1973	Trinidad and Tobago	185	Trinidad and Tobago	Latin America & Caribbean	1
#53B400	3.417	1974	Trinidad and Tobago	185	Trinidad and Tobago	Latin America & Caribbean	1
#53B400	3.411	1975	Trinidad and Tobago	185	Trinidad and Tobago	Latin America & Caribbean	1
#53B400	3.404	1976	Trinidad and Tobago	185	Trinidad and Tobago	Latin America & Caribbean	1
#53B400	3.396	1977	Trinidad and Tobago	185	Trinidad and Tobago	Latin America & Caribbean	1
#53B400	3.385	1978	Trinidad and Tobago	185	Trinidad and Tobago	Latin America & Caribbean	1
#53B400	3.366	1979	Trinidad and Tobago	185	Trinidad and Tobago	Latin America & Caribbean	1
#53B400	3.338	1980	Trinidad and Tobago	185	Trinidad and Tobago	Latin America & Caribbean	1
#53B400	3.3	1981	Trinidad and Tobago	185	Trinidad and Tobago	Latin America & Caribbean	1
#53B400	3.253	1982	Trinidad and Tobago	185	Trinidad and Tobago	Latin America & Caribbean	1
#53B400	3.196	1983	Trinidad and Tobago	185	Trinidad and Tobago	Latin America & Caribbean	1
#53B400	3.129	1984	Trinidad and Tobago	185	Trinidad and Tobago	Latin America & Caribbean	1
#53B400	3.049	1985	Trinidad and Tobago	185	Trinidad and Tobago	Latin America & Caribbean	1
#53B400	2.954	1986	Trinidad and Tobago	185	Trinidad and Tobago	Latin America & Caribbean	1
#53B400	2.843	1987	Trinidad and Tobago	185	Trinidad and Tobago	Latin America & Caribbean	1
#53B400	2.719	1988	Trinidad and Tobago	185	Trinidad and Tobago	Latin America & Caribbean	1
#53B400	2.585	1989	Trinidad and Tobago	185	Trinidad and Tobago	Latin America & Caribbean	1
#53B400	2.446	1990	Trinidad and Tobago	185	Trinidad and Tobago	Latin America & Caribbean	1
#53B400	2.309	1991	Trinidad and Tobago	185	Trinidad and Tobago	Latin America & Caribbean	1
#53B400	2.179	1992	Trinidad and Tobago	185	Trinidad and Tobago	Latin America & Caribbean	1
#53B400	2.06	1993	Trinidad and Tobago	185	Trinidad and Tobago	Latin America & Caribbean	1
#53B400	1.957	1994	Trinidad and Tobago	185	Trinidad and Tobago	Latin America & Caribbean	1
#53B400	1.87	1995	Trinidad and Tobago	185	Trinidad and Tobago	Latin America & Caribbean	1
#53B400	1.801	1996	Trinidad and Tobago	185	Trinidad and Tobago	Latin America & Caribbean	1
#53B400	1.745	1997	Trinidad and Tobago	185	Trinidad and Tobago	Latin America & Caribbean	1
#53B400	1.7	1998	Trinidad and Tobago	185	Trinidad and Tobago	Latin America & Caribbean	1
#53B400	1.664	1999	Trinidad and Tobago	185	Trinidad and Tobago	Latin America & Caribbean	1
#53B400	1.638	2000	Trinidad and Tobago	185	Trinidad and Tobago	Latin America & Caribbean	1
#53B400	1.62	2001	Trinidad and Tobago	185	Trinidad and Tobago	Latin America & Caribbean	1
#53B400	1.61	2002	Trinidad and Tobago	185	Trinidad and Tobago	Latin America & Caribbean	1
#53B400	1.608	2003	Trinidad and Tobago	185	Trinidad and Tobago	Latin America & Caribbean	1
#53B400	1.61	2004	Trinidad and Tobago	185	Trinidad and Tobago	Latin America & Caribbean	1
#53B400	1.616	2005	Trinidad and Tobago	185	Trinidad and Tobago	Latin America & Caribbean	1
#53B400	1.622	2006	Trinidad and Tobago	185	Trinidad and Tobago	Latin America & Caribbean	1
#53B400	1.629	2007	Trinidad and Tobago	185	Trinidad and Tobago	Latin America & Caribbean	1
#53B400	1.634	2008	Trinidad and Tobago	185	Trinidad and Tobago	Latin America & Caribbean	1
#53B400	1.638	2009	Trinidad and Tobago	185	Trinidad and Tobago	Latin America & Caribbean	1
#53B400	1.639	2010	Trinidad and Tobago	185	Trinidad and Tobago	Latin America & Caribbean	1
#53B400	1.637	2011	Trinidad and Tobago	185	Trinidad and Tobago	Latin America & Caribbean	1
#FB61D7	6.806	1960	Tanzania	180	Tanzania	Sub-Saharan Africa	1
#FB61D7	6.806	1961	Tanzania	180	Tanzania	Sub-Saharan Africa	1
#FB61D7	6.804	1962	Tanzania	180	Tanzania	Sub-Saharan Africa	1
#FB61D7	6.803	1963	Tanzania	180	Tanzania	Sub-Saharan Africa	1
#FB61D7	6.801	1964	Tanzania	180	Tanzania	Sub-Saharan Africa	1
#FB61D7	6.798	1965	Tanzania	180	Tanzania	Sub-Saharan Africa	1
#FB61D7	6.795	1966	Tanzania	180	Tanzania	Sub-Saharan Africa	1
#FB61D7	6.791	1967	Tanzania	180	Tanzania	Sub-Saharan Africa	1
#FB61D7	6.785	1968	Tanzania	180	Tanzania	Sub-Saharan Africa	1
#FB61D7	6.778	1969	Tanzania	180	Tanzania	Sub-Saharan Africa	1
#FB61D7	6.771	1970	Tanzania	180	Tanzania	Sub-Saharan Africa	1
#FB61D7	6.765	1971	Tanzania	180	Tanzania	Sub-Saharan Africa	1
#FB61D7	6.761	1972	Tanzania	180	Tanzania	Sub-Saharan Africa	1
#FB61D7	6.758	1973	Tanzania	180	Tanzania	Sub-Saharan Africa	1
#FB61D7	6.755	1974	Tanzania	180	Tanzania	Sub-Saharan Africa	1
#FB61D7	6.751	1975	Tanzania	180	Tanzania	Sub-Saharan Africa	1
#FB61D7	6.743	1976	Tanzania	180	Tanzania	Sub-Saharan Africa	1
#FB61D7	6.73	1977	Tanzania	180	Tanzania	Sub-Saharan Africa	1
#FB61D7	6.711	1978	Tanzania	180	Tanzania	Sub-Saharan Africa	1
#FB61D7	6.685	1979	Tanzania	180	Tanzania	Sub-Saharan Africa	1
#FB61D7	6.653	1980	Tanzania	180	Tanzania	Sub-Saharan Africa	1
#FB61D7	6.618	1981	Tanzania	180	Tanzania	Sub-Saharan Africa	1
#FB61D7	6.58	1982	Tanzania	180	Tanzania	Sub-Saharan Africa	1
#FB61D7	6.542	1983	Tanzania	180	Tanzania	Sub-Saharan Africa	1
#FB61D7	6.504	1984	Tanzania	180	Tanzania	Sub-Saharan Africa	1
#FB61D7	6.465	1985	Tanzania	180	Tanzania	Sub-Saharan Africa	1
#FB61D7	6.424	1986	Tanzania	180	Tanzania	Sub-Saharan Africa	1
#FB61D7	6.379	1987	Tanzania	180	Tanzania	Sub-Saharan Africa	1
#FB61D7	6.328	1988	Tanzania	180	Tanzania	Sub-Saharan Africa	1
#FB61D7	6.273	1989	Tanzania	180	Tanzania	Sub-Saharan Africa	1
#FB61D7	6.213	1990	Tanzania	180	Tanzania	Sub-Saharan Africa	1
#FB61D7	6.148	1991	Tanzania	180	Tanzania	Sub-Saharan Africa	1
#FB61D7	6.081	1992	Tanzania	180	Tanzania	Sub-Saharan Africa	1
#FB61D7	6.013	1993	Tanzania	180	Tanzania	Sub-Saharan Africa	1
#FB61D7	5.946	1994	Tanzania	180	Tanzania	Sub-Saharan Africa	1
#FB61D7	5.883	1995	Tanzania	180	Tanzania	Sub-Saharan Africa	1
#FB61D7	5.828	1996	Tanzania	180	Tanzania	Sub-Saharan Africa	1
#FB61D7	5.78	1997	Tanzania	180	Tanzania	Sub-Saharan Africa	1
#FB61D7	5.741	1998	Tanzania	180	Tanzania	Sub-Saharan Africa	1
#FB61D7	5.711	1999	Tanzania	180	Tanzania	Sub-Saharan Africa	1
#FB61D7	5.688	2000	Tanzania	180	Tanzania	Sub-Saharan Africa	1
#FB61D7	5.671	2001	Tanzania	180	Tanzania	Sub-Saharan Africa	1
#FB61D7	5.658	2002	Tanzania	180	Tanzania	Sub-Saharan Africa	1
#FB61D7	5.645	2003	Tanzania	180	Tanzania	Sub-Saharan Africa	1
#FB61D7	5.632	2004	Tanzania	180	Tanzania	Sub-Saharan Africa	1
#FB61D7	5.618	2005	Tanzania	180	Tanzania	Sub-Saharan Africa	1
#FB61D7	5.603	2006	Tanzania	180	Tanzania	Sub-Saharan Africa	1
#FB61D7	5.589	2007	Tanzania	180	Tanzania	Sub-Saharan Africa	1
#FB61D7	5.574	2008	Tanzania	180	Tanzania	Sub-Saharan Africa	1
#FB61D7	5.559	2009	Tanzania	180	Tanzania	Sub-Saharan Africa	1
#FB61D7	5.544	2010	Tanzania	180	Tanzania	Sub-Saharan Africa	1
#FB61D7	5.529	2011	Tanzania	180	Tanzania	Sub-Saharan Africa	1
#C49A00	2.24	1960	Ukraine	190	Ukraine	Europe & Central Asia	1
#C49A00	2.17	1961	Ukraine	190	Ukraine	Europe & Central Asia	1
#C49A00	2.14	1962	Ukraine	190	Ukraine	Europe & Central Asia	1
#C49A00	2.06	1963	Ukraine	190	Ukraine	Europe & Central Asia	1
#C49A00	1.96	1964	Ukraine	190	Ukraine	Europe & Central Asia	1
#C49A00	1.99	1965	Ukraine	190	Ukraine	Europe & Central Asia	1
#C49A00	2.02	1966	Ukraine	190	Ukraine	Europe & Central Asia	1
#C49A00	2.01	1967	Ukraine	190	Ukraine	Europe & Central Asia	1
#C49A00	1.998	1968	Ukraine	190	Ukraine	Europe & Central Asia	1
#C49A00	2.04	1969	Ukraine	190	Ukraine	Europe & Central Asia	1
#C49A00	2.09	1970	Ukraine	190	Ukraine	Europe & Central Asia	1
#C49A00	2.12	1971	Ukraine	190	Ukraine	Europe & Central Asia	1
#C49A00	2.08	1972	Ukraine	190	Ukraine	Europe & Central Asia	1
#C49A00	2.04	1973	Ukraine	190	Ukraine	Europe & Central Asia	1
#C49A00	2.04	1974	Ukraine	190	Ukraine	Europe & Central Asia	1
#C49A00	2.02	1975	Ukraine	190	Ukraine	Europe & Central Asia	1
#C49A00	1.99	1976	Ukraine	190	Ukraine	Europe & Central Asia	1
#C49A00	1.94	1977	Ukraine	190	Ukraine	Europe & Central Asia	1
#C49A00	1.96	1978	Ukraine	190	Ukraine	Europe & Central Asia	1
#C49A00	1.96	1979	Ukraine	190	Ukraine	Europe & Central Asia	1
#C49A00	1.95	1980	Ukraine	190	Ukraine	Europe & Central Asia	1
#C49A00	1.93	1981	Ukraine	190	Ukraine	Europe & Central Asia	1
#C49A00	1.98	1982	Ukraine	190	Ukraine	Europe & Central Asia	1
#C49A00	2.08	1983	Ukraine	190	Ukraine	Europe & Central Asia	1
#C49A00	2.09	1984	Ukraine	190	Ukraine	Europe & Central Asia	1
#C49A00	2.06	1985	Ukraine	190	Ukraine	Europe & Central Asia	1
#C49A00	2.08	1986	Ukraine	190	Ukraine	Europe & Central Asia	1
#C49A00	2.05	1987	Ukraine	190	Ukraine	Europe & Central Asia	1
#C49A00	2.02	1988	Ukraine	190	Ukraine	Europe & Central Asia	1
#C49A00	1.92	1989	Ukraine	190	Ukraine	Europe & Central Asia	1
#C49A00	1.848	1990	Ukraine	190	Ukraine	Europe & Central Asia	1
#C49A00	1.81	1991	Ukraine	190	Ukraine	Europe & Central Asia	1
#C49A00	1.72	1992	Ukraine	190	Ukraine	Europe & Central Asia	1
#C49A00	1.6	1993	Ukraine	190	Ukraine	Europe & Central Asia	1
#C49A00	1.5	1994	Ukraine	190	Ukraine	Europe & Central Asia	1
#C49A00	1.4	1995	Ukraine	190	Ukraine	Europe & Central Asia	1
#C49A00	1.3	1996	Ukraine	190	Ukraine	Europe & Central Asia	1
#C49A00	1.3	1997	Ukraine	190	Ukraine	Europe & Central Asia	1
#C49A00	1.2	1998	Ukraine	190	Ukraine	Europe & Central Asia	1
#C49A00	1.2	1999	Ukraine	190	Ukraine	Europe & Central Asia	1
#C49A00	1.1	2000	Ukraine	190	Ukraine	Europe & Central Asia	1
#C49A00	1.1	2001	Ukraine	190	Ukraine	Europe & Central Asia	1
#C49A00	1.1	2002	Ukraine	190	Ukraine	Europe & Central Asia	1
#C49A00	1.2	2003	Ukraine	190	Ukraine	Europe & Central Asia	1
#C49A00	1.2	2004	Ukraine	190	Ukraine	Europe & Central Asia	1
#C49A00	1.2	2005	Ukraine	190	Ukraine	Europe & Central Asia	1
#C49A00	1.31	2006	Ukraine	190	Ukraine	Europe & Central Asia	1
#C49A00	1.345	2007	Ukraine	190	Ukraine	Europe & Central Asia	1
#C49A00	1.39	2008	Ukraine	190	Ukraine	Europe & Central Asia	1
#C49A00	1.46	2009	Ukraine	190	Ukraine	Europe & Central Asia	1
#C49A00	1.445	2010	Ukraine	190	Ukraine	Europe & Central Asia	1
#C49A00	1.459	2011	Ukraine	190	Ukraine	Europe & Central Asia	1
#FB61D7	6.999	1960	Uganda	189	Uganda	Sub-Saharan Africa	1
#FB61D7	7.019	1961	Uganda	189	Uganda	Sub-Saharan Africa	1
#FB61D7	7.04	1962	Uganda	189	Uganda	Sub-Saharan Africa	1
#FB61D7	7.06	1963	Uganda	189	Uganda	Sub-Saharan Africa	1
#FB61D7	7.078	1964	Uganda	189	Uganda	Sub-Saharan Africa	1
#FB61D7	7.094	1965	Uganda	189	Uganda	Sub-Saharan Africa	1
#FB61D7	7.106	1966	Uganda	189	Uganda	Sub-Saharan Africa	1
#FB61D7	7.113	1967	Uganda	189	Uganda	Sub-Saharan Africa	1
#FB61D7	7.117	1968	Uganda	189	Uganda	Sub-Saharan Africa	1
#FB61D7	7.118	1969	Uganda	189	Uganda	Sub-Saharan Africa	1
#FB61D7	7.115	1970	Uganda	189	Uganda	Sub-Saharan Africa	1
#FB61D7	7.111	1971	Uganda	189	Uganda	Sub-Saharan Africa	1
#FB61D7	7.107	1972	Uganda	189	Uganda	Sub-Saharan Africa	1
#FB61D7	7.103	1973	Uganda	189	Uganda	Sub-Saharan Africa	1
#FB61D7	7.1	1974	Uganda	189	Uganda	Sub-Saharan Africa	1
#FB61D7	7.099	1975	Uganda	189	Uganda	Sub-Saharan Africa	1
#FB61D7	7.099	1976	Uganda	189	Uganda	Sub-Saharan Africa	1
#FB61D7	7.099	1977	Uganda	189	Uganda	Sub-Saharan Africa	1
#FB61D7	7.099	1978	Uganda	189	Uganda	Sub-Saharan Africa	1
#FB61D7	7.1	1979	Uganda	189	Uganda	Sub-Saharan Africa	1
#FB61D7	7.1	1980	Uganda	189	Uganda	Sub-Saharan Africa	1
#FB61D7	7.101	1981	Uganda	189	Uganda	Sub-Saharan Africa	1
#FB61D7	7.101	1982	Uganda	189	Uganda	Sub-Saharan Africa	1
#FB61D7	7.102	1983	Uganda	189	Uganda	Sub-Saharan Africa	1
#FB61D7	7.103	1984	Uganda	189	Uganda	Sub-Saharan Africa	1
#FB61D7	7.103	1985	Uganda	189	Uganda	Sub-Saharan Africa	1
#FB61D7	7.103	1986	Uganda	189	Uganda	Sub-Saharan Africa	1
#FB61D7	7.102	1987	Uganda	189	Uganda	Sub-Saharan Africa	1
#FB61D7	7.1	1988	Uganda	189	Uganda	Sub-Saharan Africa	1
#FB61D7	7.097	1989	Uganda	189	Uganda	Sub-Saharan Africa	1
#FB61D7	7.091	1990	Uganda	189	Uganda	Sub-Saharan Africa	1
#FB61D7	7.082	1991	Uganda	189	Uganda	Sub-Saharan Africa	1
#FB61D7	7.071	1992	Uganda	189	Uganda	Sub-Saharan Africa	1
#FB61D7	7.057	1993	Uganda	189	Uganda	Sub-Saharan Africa	1
#FB61D7	7.039	1994	Uganda	189	Uganda	Sub-Saharan Africa	1
#FB61D7	7.018	1995	Uganda	189	Uganda	Sub-Saharan Africa	1
#FB61D7	6.994	1996	Uganda	189	Uganda	Sub-Saharan Africa	1
#FB61D7	6.967	1997	Uganda	189	Uganda	Sub-Saharan Africa	1
#FB61D7	6.937	1998	Uganda	189	Uganda	Sub-Saharan Africa	1
#FB61D7	6.903	1999	Uganda	189	Uganda	Sub-Saharan Africa	1
#FB61D7	6.865	2000	Uganda	189	Uganda	Sub-Saharan Africa	1
#FB61D7	6.822	2001	Uganda	189	Uganda	Sub-Saharan Africa	1
#FB61D7	6.772	2002	Uganda	189	Uganda	Sub-Saharan Africa	1
#FB61D7	6.716	2003	Uganda	189	Uganda	Sub-Saharan Africa	1
#FB61D7	6.654	2004	Uganda	189	Uganda	Sub-Saharan Africa	1
#FB61D7	6.584	2005	Uganda	189	Uganda	Sub-Saharan Africa	1
#FB61D7	6.507	2006	Uganda	189	Uganda	Sub-Saharan Africa	1
#FB61D7	6.425	2007	Uganda	189	Uganda	Sub-Saharan Africa	1
#FB61D7	6.337	2008	Uganda	189	Uganda	Sub-Saharan Africa	1
#FB61D7	6.244	2009	Uganda	189	Uganda	Sub-Saharan Africa	1
#FB61D7	6.149	2010	Uganda	189	Uganda	Sub-Saharan Africa	1
#FB61D7	6.052	2011	Uganda	189	Uganda	Sub-Saharan Africa	1
#00B6EB	3.654	1960	United States	193	United States	North America	1
#00B6EB	3.62	1961	United States	193	United States	North America	1
#00B6EB	3.461	1962	United States	193	United States	North America	1
#00B6EB	3.319	1963	United States	193	United States	North America	1
#00B6EB	3.19	1964	United States	193	United States	North America	1
#00B6EB	2.913	1965	United States	193	United States	North America	1
#00B6EB	2.721	1966	United States	193	United States	North America	1
#00B6EB	2.558	1967	United States	193	United States	North America	1
#00B6EB	2.464	1968	United States	193	United States	North America	1
#00B6EB	2.456	1969	United States	193	United States	North America	1
#00B6EB	2.48	1970	United States	193	United States	North America	1
#00B6EB	2.266	1971	United States	193	United States	North America	1
#00B6EB	2.01	1972	United States	193	United States	North America	1
#00B6EB	1.879	1973	United States	193	United States	North America	1
#00B6EB	1.835	1974	United States	193	United States	North America	1
#00B6EB	1.774	1975	United States	193	United States	North America	1
#00B6EB	1.738	1976	United States	193	United States	North America	1
#00B6EB	1.79	1977	United States	193	United States	North America	1
#00B6EB	1.76	1978	United States	193	United States	North America	1
#00B6EB	1.808	1979	United States	193	United States	North America	1
#00B6EB	1.8395	1980	United States	193	United States	North America	1
#00B6EB	1.812	1981	United States	193	United States	North America	1
#00B6EB	1.8275	1982	United States	193	United States	North America	1
#00B6EB	1.799	1983	United States	193	United States	North America	1
#00B6EB	1.8065	1984	United States	193	United States	North America	1
#00B6EB	1.844	1985	United States	193	United States	North America	1
#00B6EB	1.8375	1986	United States	193	United States	North America	1
#00B6EB	1.872	1987	United States	193	United States	North America	1
#00B6EB	1.934	1988	United States	193	United States	North America	1
#00B6EB	2.014	1989	United States	193	United States	North America	1
#00B6EB	2.081	1990	United States	193	United States	North America	1
#00B6EB	2.0625	1991	United States	193	United States	North America	1
#00B6EB	2.046	1992	United States	193	United States	North America	1
#00B6EB	2.0195	1993	United States	193	United States	North America	1
#00B6EB	2.0015	1994	United States	193	United States	North America	1
#00B6EB	1.978	1995	United States	193	United States	North America	1
#00B6EB	1.976	1996	United States	193	United States	North America	1
#00B6EB	1.971	1997	United States	193	United States	North America	1
#00B6EB	1.999	1998	United States	193	United States	North America	1
#00B6EB	2.0075	1999	United States	193	United States	North America	1
#00B6EB	2.056	2000	United States	193	United States	North America	1
#00B6EB	2.034	2001	United States	193	United States	North America	1
#00B6EB	2.013	2002	United States	193	United States	North America	1
#00B6EB	2.042	2003	United States	193	United States	North America	1
#00B6EB	2.045	2004	United States	193	United States	North America	1
#00B6EB	2.054	2005	United States	193	United States	North America	1
#00B6EB	2.1005	2006	United States	193	United States	North America	1
#00B6EB	2.122	2007	United States	193	United States	North America	1
#00B6EB	2.0845	2008	United States	193	United States	North America	1
#00B6EB	2.0007	2009	United States	193	United States	North America	1
#00B6EB	1.931	2010	United States	193	United States	North America	1
#00B6EB	1.8945	2011	United States	193	United States	North America	1
#53B400	2.881	1960	Uruguay	194	Uruguay	Latin America & Caribbean	1
#53B400	2.887	1961	Uruguay	194	Uruguay	Latin America & Caribbean	1
#53B400	2.885	1962	Uruguay	194	Uruguay	Latin America & Caribbean	1
#53B400	2.874	1963	Uruguay	194	Uruguay	Latin America & Caribbean	1
#53B400	2.858	1964	Uruguay	194	Uruguay	Latin America & Caribbean	1
#53B400	2.841	1965	Uruguay	194	Uruguay	Latin America & Caribbean	1
#53B400	2.831	1966	Uruguay	194	Uruguay	Latin America & Caribbean	1
#53B400	2.831	1967	Uruguay	194	Uruguay	Latin America & Caribbean	1
#53B400	2.844	1968	Uruguay	194	Uruguay	Latin America & Caribbean	1
#53B400	2.869	1969	Uruguay	194	Uruguay	Latin America & Caribbean	1
#53B400	2.902	1970	Uruguay	194	Uruguay	Latin America & Caribbean	1
#53B400	2.938	1971	Uruguay	194	Uruguay	Latin America & Caribbean	1
#53B400	2.969	1972	Uruguay	194	Uruguay	Latin America & Caribbean	1
#53B400	2.988	1973	Uruguay	194	Uruguay	Latin America & Caribbean	1
#53B400	2.993	1974	Uruguay	194	Uruguay	Latin America & Caribbean	1
#53B400	2.981	1975	Uruguay	194	Uruguay	Latin America & Caribbean	1
#53B400	2.951	1976	Uruguay	194	Uruguay	Latin America & Caribbean	1
#53B400	2.905	1977	Uruguay	194	Uruguay	Latin America & Caribbean	1
#53B400	2.849	1978	Uruguay	194	Uruguay	Latin America & Caribbean	1
#53B400	2.787	1979	Uruguay	194	Uruguay	Latin America & Caribbean	1
#53B400	2.724	1980	Uruguay	194	Uruguay	Latin America & Caribbean	1
#53B400	2.665	1981	Uruguay	194	Uruguay	Latin America & Caribbean	1
#53B400	2.614	1982	Uruguay	194	Uruguay	Latin America & Caribbean	1
#53B400	2.574	1983	Uruguay	194	Uruguay	Latin America & Caribbean	1
#53B400	2.546	1984	Uruguay	194	Uruguay	Latin America & Caribbean	1
#53B400	2.53	1985	Uruguay	194	Uruguay	Latin America & Caribbean	1
#53B400	2.523	1986	Uruguay	194	Uruguay	Latin America & Caribbean	1
#53B400	2.523	1987	Uruguay	194	Uruguay	Latin America & Caribbean	1
#53B400	2.524	1988	Uruguay	194	Uruguay	Latin America & Caribbean	1
#53B400	2.523	1989	Uruguay	194	Uruguay	Latin America & Caribbean	1
#53B400	2.518	1990	Uruguay	194	Uruguay	Latin America & Caribbean	1
#53B400	2.506	1991	Uruguay	194	Uruguay	Latin America & Caribbean	1
#53B400	2.487	1992	Uruguay	194	Uruguay	Latin America & Caribbean	1
#53B400	2.463	1993	Uruguay	194	Uruguay	Latin America & Caribbean	1
#53B400	2.432	1994	Uruguay	194	Uruguay	Latin America & Caribbean	1
#53B400	2.6	1995	Uruguay	194	Uruguay	Latin America & Caribbean	1
#53B400	2.5	1996	Uruguay	194	Uruguay	Latin America & Caribbean	1
#53B400	2.4	1997	Uruguay	194	Uruguay	Latin America & Caribbean	1
#53B400	2.38	1998	Uruguay	194	Uruguay	Latin America & Caribbean	1
#53B400	2.25	1999	Uruguay	194	Uruguay	Latin America & Caribbean	1
#53B400	2.19	2000	Uruguay	194	Uruguay	Latin America & Caribbean	1
#53B400	2.14	2001	Uruguay	194	Uruguay	Latin America & Caribbean	1
#53B400	2.15	2002	Uruguay	194	Uruguay	Latin America & Caribbean	1
#53B400	2.1	2003	Uruguay	194	Uruguay	Latin America & Caribbean	1
#53B400	2.08	2004	Uruguay	194	Uruguay	Latin America & Caribbean	1
#53B400	2.04	2005	Uruguay	194	Uruguay	Latin America & Caribbean	1
#53B400	2.03	2006	Uruguay	194	Uruguay	Latin America & Caribbean	1
#53B400	2.02	2007	Uruguay	194	Uruguay	Latin America & Caribbean	1
#53B400	2.01	2008	Uruguay	194	Uruguay	Latin America & Caribbean	1
#53B400	1.9966	2009	Uruguay	194	Uruguay	Latin America & Caribbean	1
#53B400	1.9856	2010	Uruguay	194	Uruguay	Latin America & Caribbean	1
#53B400	1.976	2011	Uruguay	194	Uruguay	Latin America & Caribbean	1
#C49A00	6.707	1960	Uzbekistan	195	Uzbekistan	Europe & Central Asia	1
#C49A00	6.755	1961	Uzbekistan	195	Uzbekistan	Europe & Central Asia	1
#C49A00	6.783	1962	Uzbekistan	195	Uzbekistan	Europe & Central Asia	1
#C49A00	6.79	1963	Uzbekistan	195	Uzbekistan	Europe & Central Asia	1
#C49A00	6.777	1964	Uzbekistan	195	Uzbekistan	Europe & Central Asia	1
#C49A00	6.748	1965	Uzbekistan	195	Uzbekistan	Europe & Central Asia	1
#C49A00	6.707	1966	Uzbekistan	195	Uzbekistan	Europe & Central Asia	1
#C49A00	6.66	1967	Uzbekistan	195	Uzbekistan	Europe & Central Asia	1
#C49A00	6.608	1968	Uzbekistan	195	Uzbekistan	Europe & Central Asia	1
#C49A00	6.552	1969	Uzbekistan	195	Uzbekistan	Europe & Central Asia	1
#C49A00	6.492	1970	Uzbekistan	195	Uzbekistan	Europe & Central Asia	1
#C49A00	6.422	1971	Uzbekistan	195	Uzbekistan	Europe & Central Asia	1
#C49A00	6.338	1972	Uzbekistan	195	Uzbekistan	Europe & Central Asia	1
#C49A00	6.237	1973	Uzbekistan	195	Uzbekistan	Europe & Central Asia	1
#C49A00	6.119	1974	Uzbekistan	195	Uzbekistan	Europe & Central Asia	1
#C49A00	5.983	1975	Uzbekistan	195	Uzbekistan	Europe & Central Asia	1
#C49A00	5.829	1976	Uzbekistan	195	Uzbekistan	Europe & Central Asia	1
#C49A00	5.66	1977	Uzbekistan	195	Uzbekistan	Europe & Central Asia	1
#C49A00	5.482	1978	Uzbekistan	195	Uzbekistan	Europe & Central Asia	1
#C49A00	5.302	1979	Uzbekistan	195	Uzbekistan	Europe & Central Asia	1
#C49A00	5.127	1980	Uzbekistan	195	Uzbekistan	Europe & Central Asia	1
#C49A00	4.968	1981	Uzbekistan	195	Uzbekistan	Europe & Central Asia	1
#C49A00	4.829	1982	Uzbekistan	195	Uzbekistan	Europe & Central Asia	1
#C49A00	4.711	1983	Uzbekistan	195	Uzbekistan	Europe & Central Asia	1
#C49A00	4.616	1984	Uzbekistan	195	Uzbekistan	Europe & Central Asia	1
#C49A00	4.539	1985	Uzbekistan	195	Uzbekistan	Europe & Central Asia	1
#C49A00	4.474	1986	Uzbekistan	195	Uzbekistan	Europe & Central Asia	1
#C49A00	4.5	1987	Uzbekistan	195	Uzbekistan	Europe & Central Asia	1
#C49A00	4.28	1988	Uzbekistan	195	Uzbekistan	Europe & Central Asia	1
#C49A00	4.179	1989	Uzbekistan	195	Uzbekistan	Europe & Central Asia	1
#C49A00	4.072	1990	Uzbekistan	195	Uzbekistan	Europe & Central Asia	1
#C49A00	4.199	1991	Uzbekistan	195	Uzbekistan	Europe & Central Asia	1
#C49A00	4.004	1992	Uzbekistan	195	Uzbekistan	Europe & Central Asia	1
#C49A00	3.8	1993	Uzbekistan	195	Uzbekistan	Europe & Central Asia	1
#C49A00	3.537	1994	Uzbekistan	195	Uzbekistan	Europe & Central Asia	1
#C49A00	3.596	1995	Uzbekistan	195	Uzbekistan	Europe & Central Asia	1
#C49A00	3.32	1996	Uzbekistan	195	Uzbekistan	Europe & Central Asia	1
#C49A00	3.082	1997	Uzbekistan	195	Uzbekistan	Europe & Central Asia	1
#C49A00	2.815	1998	Uzbekistan	195	Uzbekistan	Europe & Central Asia	1
#C49A00	2.72	1999	Uzbekistan	195	Uzbekistan	Europe & Central Asia	1
#C49A00	2.58	2000	Uzbekistan	195	Uzbekistan	Europe & Central Asia	1
#C49A00	2.46	2001	Uzbekistan	195	Uzbekistan	Europe & Central Asia	1
#C49A00	2.52	2002	Uzbekistan	195	Uzbekistan	Europe & Central Asia	1
#C49A00	2.36	2003	Uzbekistan	195	Uzbekistan	Europe & Central Asia	1
#C49A00	2.46	2004	Uzbekistan	195	Uzbekistan	Europe & Central Asia	1
#C49A00	2.36	2005	Uzbekistan	195	Uzbekistan	Europe & Central Asia	1
#C49A00	2.39	2006	Uzbekistan	195	Uzbekistan	Europe & Central Asia	1
#C49A00	2.55	2007	Uzbekistan	195	Uzbekistan	Europe & Central Asia	1
#C49A00	2.64	2008	Uzbekistan	195	Uzbekistan	Europe & Central Asia	1
#C49A00	2.53	2009	Uzbekistan	195	Uzbekistan	Europe & Central Asia	1
#C49A00	2.499	2010	Uzbekistan	195	Uzbekistan	Europe & Central Asia	1
#C49A00	2.499	2011	Uzbekistan	195	Uzbekistan	Europe & Central Asia	1
#53B400	7.224	1960	St. Vincent and the Grenadines	172	St. Vincent and the Grenadines	Latin America & Caribbean	1
#53B400	7.155	1961	St. Vincent and the Grenadines	172	St. Vincent and the Grenadines	Latin America & Caribbean	1
#53B400	7.074	1962	St. Vincent and the Grenadines	172	St. Vincent and the Grenadines	Latin America & Caribbean	1
#53B400	6.981	1963	St. Vincent and the Grenadines	172	St. Vincent and the Grenadines	Latin America & Caribbean	1
#53B400	6.876	1964	St. Vincent and the Grenadines	172	St. Vincent and the Grenadines	Latin America & Caribbean	1
#53B400	6.76	1965	St. Vincent and the Grenadines	172	St. Vincent and the Grenadines	Latin America & Caribbean	1
#53B400	6.632	1966	St. Vincent and the Grenadines	172	St. Vincent and the Grenadines	Latin America & Caribbean	1
#53B400	6.494	1967	St. Vincent and the Grenadines	172	St. Vincent and the Grenadines	Latin America & Caribbean	1
#53B400	6.345	1968	St. Vincent and the Grenadines	172	St. Vincent and the Grenadines	Latin America & Caribbean	1
#53B400	6.185	1969	St. Vincent and the Grenadines	172	St. Vincent and the Grenadines	Latin America & Caribbean	1
#53B400	6.014	1970	St. Vincent and the Grenadines	172	St. Vincent and the Grenadines	Latin America & Caribbean	1
#53B400	5.828	1971	St. Vincent and the Grenadines	172	St. Vincent and the Grenadines	Latin America & Caribbean	1
#53B400	5.629	1972	St. Vincent and the Grenadines	172	St. Vincent and the Grenadines	Latin America & Caribbean	1
#53B400	5.417	1973	St. Vincent and the Grenadines	172	St. Vincent and the Grenadines	Latin America & Caribbean	1
#53B400	5.197	1974	St. Vincent and the Grenadines	172	St. Vincent and the Grenadines	Latin America & Caribbean	1
#53B400	4.973	1975	St. Vincent and the Grenadines	172	St. Vincent and the Grenadines	Latin America & Caribbean	1
#53B400	4.752	1976	St. Vincent and the Grenadines	172	St. Vincent and the Grenadines	Latin America & Caribbean	1
#53B400	4.54	1977	St. Vincent and the Grenadines	172	St. Vincent and the Grenadines	Latin America & Caribbean	1
#53B400	4.339	1978	St. Vincent and the Grenadines	172	St. Vincent and the Grenadines	Latin America & Caribbean	1
#53B400	4.154	1979	St. Vincent and the Grenadines	172	St. Vincent and the Grenadines	Latin America & Caribbean	1
#53B400	3.985	1980	St. Vincent and the Grenadines	172	St. Vincent and the Grenadines	Latin America & Caribbean	1
#53B400	3.832	1981	St. Vincent and the Grenadines	172	St. Vincent and the Grenadines	Latin America & Caribbean	1
#53B400	3.692	1982	St. Vincent and the Grenadines	172	St. Vincent and the Grenadines	Latin America & Caribbean	1
#53B400	3.561	1983	St. Vincent and the Grenadines	172	St. Vincent and the Grenadines	Latin America & Caribbean	1
#53B400	3.439	1984	St. Vincent and the Grenadines	172	St. Vincent and the Grenadines	Latin America & Caribbean	1
#53B400	3.328	1985	St. Vincent and the Grenadines	172	St. Vincent and the Grenadines	Latin America & Caribbean	1
#53B400	3.23	1986	St. Vincent and the Grenadines	172	St. Vincent and the Grenadines	Latin America & Caribbean	1
#53B400	3.144	1987	St. Vincent and the Grenadines	172	St. Vincent and the Grenadines	Latin America & Caribbean	1
#53B400	3.072	1988	St. Vincent and the Grenadines	172	St. Vincent and the Grenadines	Latin America & Caribbean	1
#53B400	3.01	1989	St. Vincent and the Grenadines	172	St. Vincent and the Grenadines	Latin America & Caribbean	1
#53B400	2.956	1990	St. Vincent and the Grenadines	172	St. Vincent and the Grenadines	Latin America & Caribbean	1
#53B400	2.907	1991	St. Vincent and the Grenadines	172	St. Vincent and the Grenadines	Latin America & Caribbean	1
#53B400	2.86	1992	St. Vincent and the Grenadines	172	St. Vincent and the Grenadines	Latin America & Caribbean	1
#53B400	2.811	1993	St. Vincent and the Grenadines	172	St. Vincent and the Grenadines	Latin America & Caribbean	1
#53B400	2.76	1994	St. Vincent and the Grenadines	172	St. Vincent and the Grenadines	Latin America & Caribbean	1
#53B400	2.703	1995	St. Vincent and the Grenadines	172	St. Vincent and the Grenadines	Latin America & Caribbean	1
#53B400	2.641	1996	St. Vincent and the Grenadines	172	St. Vincent and the Grenadines	Latin America & Caribbean	1
#53B400	2.576	1997	St. Vincent and the Grenadines	172	St. Vincent and the Grenadines	Latin America & Caribbean	1
#53B400	2.509	1998	St. Vincent and the Grenadines	172	St. Vincent and the Grenadines	Latin America & Caribbean	1
#53B400	2.442	1999	St. Vincent and the Grenadines	172	St. Vincent and the Grenadines	Latin America & Caribbean	1
#53B400	2.379	2000	St. Vincent and the Grenadines	172	St. Vincent and the Grenadines	Latin America & Caribbean	1
#53B400	2.321	2001	St. Vincent and the Grenadines	172	St. Vincent and the Grenadines	Latin America & Caribbean	1
#53B400	2.271	2002	St. Vincent and the Grenadines	172	St. Vincent and the Grenadines	Latin America & Caribbean	1
#53B400	2.23	2003	St. Vincent and the Grenadines	172	St. Vincent and the Grenadines	Latin America & Caribbean	1
#53B400	2.197	2004	St. Vincent and the Grenadines	172	St. Vincent and the Grenadines	Latin America & Caribbean	1
#53B400	2.171	2005	St. Vincent and the Grenadines	172	St. Vincent and the Grenadines	Latin America & Caribbean	1
#53B400	2.15	2006	St. Vincent and the Grenadines	172	St. Vincent and the Grenadines	Latin America & Caribbean	1
#53B400	2.131	2007	St. Vincent and the Grenadines	172	St. Vincent and the Grenadines	Latin America & Caribbean	1
#53B400	2.111	2008	St. Vincent and the Grenadines	172	St. Vincent and the Grenadines	Latin America & Caribbean	1
#53B400	2.088	2009	St. Vincent and the Grenadines	172	St. Vincent and the Grenadines	Latin America & Caribbean	1
#53B400	2.064	2010	St. Vincent and the Grenadines	172	St. Vincent and the Grenadines	Latin America & Caribbean	1
#53B400	2.037	2011	St. Vincent and the Grenadines	172	St. Vincent and the Grenadines	Latin America & Caribbean	1
#53B400	6.616	1960	Venezuela, RB	197	Venezuela, RB	Latin America & Caribbean	1
#53B400	6.637	1961	Venezuela, RB	197	Venezuela, RB	Latin America & Caribbean	1
#53B400	6.628	1962	Venezuela, RB	197	Venezuela, RB	Latin America & Caribbean	1
#53B400	6.581	1963	Venezuela, RB	197	Venezuela, RB	Latin America & Caribbean	1
#53B400	6.495	1964	Venezuela, RB	197	Venezuela, RB	Latin America & Caribbean	1
#53B400	6.368	1965	Venezuela, RB	197	Venezuela, RB	Latin America & Caribbean	1
#53B400	6.203	1966	Venezuela, RB	197	Venezuela, RB	Latin America & Caribbean	1
#53B400	6.014	1967	Venezuela, RB	197	Venezuela, RB	Latin America & Caribbean	1
#53B400	5.811	1968	Venezuela, RB	197	Venezuela, RB	Latin America & Caribbean	1
#53B400	5.605	1969	Venezuela, RB	197	Venezuela, RB	Latin America & Caribbean	1
#53B400	5.404	1970	Venezuela, RB	197	Venezuela, RB	Latin America & Caribbean	1
#53B400	5.219	1971	Venezuela, RB	197	Venezuela, RB	Latin America & Caribbean	1
#53B400	5.053	1972	Venezuela, RB	197	Venezuela, RB	Latin America & Caribbean	1
#53B400	4.905	1973	Venezuela, RB	197	Venezuela, RB	Latin America & Caribbean	1
#53B400	4.779	1974	Venezuela, RB	197	Venezuela, RB	Latin America & Caribbean	1
#53B400	4.67	1975	Venezuela, RB	197	Venezuela, RB	Latin America & Caribbean	1
#53B400	4.574	1976	Venezuela, RB	197	Venezuela, RB	Latin America & Caribbean	1
#53B400	4.483	1977	Venezuela, RB	197	Venezuela, RB	Latin America & Caribbean	1
#53B400	4.391	1978	Venezuela, RB	197	Venezuela, RB	Latin America & Caribbean	1
#53B400	4.296	1979	Venezuela, RB	197	Venezuela, RB	Latin America & Caribbean	1
#53B400	4.199	1980	Venezuela, RB	197	Venezuela, RB	Latin America & Caribbean	1
#53B400	4.104	1981	Venezuela, RB	197	Venezuela, RB	Latin America & Caribbean	1
#53B400	4.014	1982	Venezuela, RB	197	Venezuela, RB	Latin America & Caribbean	1
#53B400	3.933	1983	Venezuela, RB	197	Venezuela, RB	Latin America & Caribbean	1
#53B400	3.861	1984	Venezuela, RB	197	Venezuela, RB	Latin America & Caribbean	1
#53B400	3.794	1985	Venezuela, RB	197	Venezuela, RB	Latin America & Caribbean	1
#53B400	3.73	1986	Venezuela, RB	197	Venezuela, RB	Latin America & Caribbean	1
#53B400	3.665	1987	Venezuela, RB	197	Venezuela, RB	Latin America & Caribbean	1
#53B400	3.597	1988	Venezuela, RB	197	Venezuela, RB	Latin America & Caribbean	1
#53B400	3.524	1989	Venezuela, RB	197	Venezuela, RB	Latin America & Caribbean	1
#53B400	3.448	1990	Venezuela, RB	197	Venezuela, RB	Latin America & Caribbean	1
#53B400	3.37	1991	Venezuela, RB	197	Venezuela, RB	Latin America & Caribbean	1
#53B400	3.292	1992	Venezuela, RB	197	Venezuela, RB	Latin America & Caribbean	1
#53B400	3.218	1993	Venezuela, RB	197	Venezuela, RB	Latin America & Caribbean	1
#53B400	3.147	1994	Venezuela, RB	197	Venezuela, RB	Latin America & Caribbean	1
#53B400	3.082	1995	Venezuela, RB	197	Venezuela, RB	Latin America & Caribbean	1
#53B400	3.022	1996	Venezuela, RB	197	Venezuela, RB	Latin America & Caribbean	1
#53B400	2.98	1997	Venezuela, RB	197	Venezuela, RB	Latin America & Caribbean	1
#53B400	2.9	1998	Venezuela, RB	197	Venezuela, RB	Latin America & Caribbean	1
#53B400	2.85	1999	Venezuela, RB	197	Venezuela, RB	Latin America & Caribbean	1
#53B400	2.83	2000	Venezuela, RB	197	Venezuela, RB	Latin America & Caribbean	1
#53B400	2.79	2001	Venezuela, RB	197	Venezuela, RB	Latin America & Caribbean	1
#53B400	2.76	2002	Venezuela, RB	197	Venezuela, RB	Latin America & Caribbean	1
#53B400	2.72	2003	Venezuela, RB	197	Venezuela, RB	Latin America & Caribbean	1
#53B400	2.69	2004	Venezuela, RB	197	Venezuela, RB	Latin America & Caribbean	1
#53B400	2.65	2005	Venezuela, RB	197	Venezuela, RB	Latin America & Caribbean	1
#53B400	2.62	2006	Venezuela, RB	197	Venezuela, RB	Latin America & Caribbean	1
#53B400	2.58	2007	Venezuela, RB	197	Venezuela, RB	Latin America & Caribbean	1
#53B400	2.55	2008	Venezuela, RB	197	Venezuela, RB	Latin America & Caribbean	1
#53B400	2.52	2009	Venezuela, RB	197	Venezuela, RB	Latin America & Caribbean	1
#53B400	2.49	2010	Venezuela, RB	197	Venezuela, RB	Latin America & Caribbean	1
#53B400	2.46	2011	Venezuela, RB	197	Venezuela, RB	Latin America & Caribbean	1
#53B400	5.547	1960	Virgin Islands (U.S.)	199	Virgin Islands (U.S.)	Latin America & Caribbean	1
#53B400	5.534	1961	Virgin Islands (U.S.)	199	Virgin Islands (U.S.)	Latin America & Caribbean	1
#53B400	5.52	1962	Virgin Islands (U.S.)	199	Virgin Islands (U.S.)	Latin America & Caribbean	1
#53B400	5.504	1963	Virgin Islands (U.S.)	199	Virgin Islands (U.S.)	Latin America & Caribbean	1
#53B400	5.484	1964	Virgin Islands (U.S.)	199	Virgin Islands (U.S.)	Latin America & Caribbean	1
#53B400	5.459	1965	Virgin Islands (U.S.)	199	Virgin Islands (U.S.)	Latin America & Caribbean	1
#53B400	5.429	1966	Virgin Islands (U.S.)	199	Virgin Islands (U.S.)	Latin America & Caribbean	1
#53B400	5.39	1967	Virgin Islands (U.S.)	199	Virgin Islands (U.S.)	Latin America & Caribbean	1
#53B400	5.341	1968	Virgin Islands (U.S.)	199	Virgin Islands (U.S.)	Latin America & Caribbean	1
#53B400	5.282	1969	Virgin Islands (U.S.)	199	Virgin Islands (U.S.)	Latin America & Caribbean	1
#53B400	5.21	1970	Virgin Islands (U.S.)	199	Virgin Islands (U.S.)	Latin America & Caribbean	1
#53B400	5.125	1971	Virgin Islands (U.S.)	199	Virgin Islands (U.S.)	Latin America & Caribbean	1
#53B400	5.028	1972	Virgin Islands (U.S.)	199	Virgin Islands (U.S.)	Latin America & Caribbean	1
#53B400	4.92	1973	Virgin Islands (U.S.)	199	Virgin Islands (U.S.)	Latin America & Caribbean	1
#53B400	4.802	1974	Virgin Islands (U.S.)	199	Virgin Islands (U.S.)	Latin America & Caribbean	1
#53B400	4.677	1975	Virgin Islands (U.S.)	199	Virgin Islands (U.S.)	Latin America & Caribbean	1
#53B400	4.547	1976	Virgin Islands (U.S.)	199	Virgin Islands (U.S.)	Latin America & Caribbean	1
#53B400	4.413	1977	Virgin Islands (U.S.)	199	Virgin Islands (U.S.)	Latin America & Caribbean	1
#53B400	4.279	1978	Virgin Islands (U.S.)	199	Virgin Islands (U.S.)	Latin America & Caribbean	1
#53B400	4.146	1979	Virgin Islands (U.S.)	199	Virgin Islands (U.S.)	Latin America & Caribbean	1
#53B400	4.013	1980	Virgin Islands (U.S.)	199	Virgin Islands (U.S.)	Latin America & Caribbean	1
#53B400	3.878	1981	Virgin Islands (U.S.)	199	Virgin Islands (U.S.)	Latin America & Caribbean	1
#53B400	3.74	1982	Virgin Islands (U.S.)	199	Virgin Islands (U.S.)	Latin America & Caribbean	1
#53B400	3.602	1983	Virgin Islands (U.S.)	199	Virgin Islands (U.S.)	Latin America & Caribbean	1
#53B400	3.467	1984	Virgin Islands (U.S.)	199	Virgin Islands (U.S.)	Latin America & Caribbean	1
#53B400	3.343	1985	Virgin Islands (U.S.)	199	Virgin Islands (U.S.)	Latin America & Caribbean	1
#53B400	3.242	1986	Virgin Islands (U.S.)	199	Virgin Islands (U.S.)	Latin America & Caribbean	1
#53B400	3.167	1987	Virgin Islands (U.S.)	199	Virgin Islands (U.S.)	Latin America & Caribbean	1
#53B400	3.12	1988	Virgin Islands (U.S.)	199	Virgin Islands (U.S.)	Latin America & Caribbean	1
#53B400	3.097	1989	Virgin Islands (U.S.)	199	Virgin Islands (U.S.)	Latin America & Caribbean	1
#53B400	3.086	1990	Virgin Islands (U.S.)	199	Virgin Islands (U.S.)	Latin America & Caribbean	1
#53B400	3.074	1991	Virgin Islands (U.S.)	199	Virgin Islands (U.S.)	Latin America & Caribbean	1
#53B400	3.047	1992	Virgin Islands (U.S.)	199	Virgin Islands (U.S.)	Latin America & Caribbean	1
#53B400	2.996	1993	Virgin Islands (U.S.)	199	Virgin Islands (U.S.)	Latin America & Caribbean	1
#53B400	2.92	1994	Virgin Islands (U.S.)	199	Virgin Islands (U.S.)	Latin America & Caribbean	1
#53B400	2.82	1995	Virgin Islands (U.S.)	199	Virgin Islands (U.S.)	Latin America & Caribbean	1
#53B400	2.704	1996	Virgin Islands (U.S.)	199	Virgin Islands (U.S.)	Latin America & Caribbean	1
#53B400	2.584	1997	Virgin Islands (U.S.)	199	Virgin Islands (U.S.)	Latin America & Caribbean	1
#53B400	2.472	1998	Virgin Islands (U.S.)	199	Virgin Islands (U.S.)	Latin America & Caribbean	1
#53B400	2.372	1999	Virgin Islands (U.S.)	199	Virgin Islands (U.S.)	Latin America & Caribbean	1
#53B400	2.0553	2000	Virgin Islands (U.S.)	199	Virgin Islands (U.S.)	Latin America & Caribbean	1
#53B400	1.8997	2001	Virgin Islands (U.S.)	199	Virgin Islands (U.S.)	Latin America & Caribbean	1
#53B400	2.1127	2002	Virgin Islands (U.S.)	199	Virgin Islands (U.S.)	Latin America & Caribbean	1
#53B400	2.0065	2003	Virgin Islands (U.S.)	199	Virgin Islands (U.S.)	Latin America & Caribbean	1
#53B400	2.0683	2004	Virgin Islands (U.S.)	199	Virgin Islands (U.S.)	Latin America & Caribbean	1
#53B400	2.1115	2005	Virgin Islands (U.S.)	199	Virgin Islands (U.S.)	Latin America & Caribbean	1
#53B400	1.9499	2006	Virgin Islands (U.S.)	199	Virgin Islands (U.S.)	Latin America & Caribbean	1
#53B400	1.9149	2007	Virgin Islands (U.S.)	199	Virgin Islands (U.S.)	Latin America & Caribbean	1
#53B400	1.88	2008	Virgin Islands (U.S.)	199	Virgin Islands (U.S.)	Latin America & Caribbean	1
#53B400	1.845	2009	Virgin Islands (U.S.)	199	Virgin Islands (U.S.)	Latin America & Caribbean	1
#53B400	1.8	2010	Virgin Islands (U.S.)	199	Virgin Islands (U.S.)	Latin America & Caribbean	1
#53B400	1.8	2011	Virgin Islands (U.S.)	199	Virgin Islands (U.S.)	Latin America & Caribbean	1
#F8766D	7.085	1960	Vietnam	198	Vietnam	East Asia & Pacific	1
#F8766D	7.189	1961	Vietnam	198	Vietnam	East Asia & Pacific	1
#F8766D	7.277	1962	Vietnam	198	Vietnam	East Asia & Pacific	1
#F8766D	7.345	1963	Vietnam	198	Vietnam	East Asia & Pacific	1
#F8766D	7.391	1964	Vietnam	198	Vietnam	East Asia & Pacific	1
#F8766D	7.417	1965	Vietnam	198	Vietnam	East Asia & Pacific	1
#F8766D	7.428	1966	Vietnam	198	Vietnam	East Asia & Pacific	1
#F8766D	7.43	1967	Vietnam	198	Vietnam	East Asia & Pacific	1
#F8766D	7.423	1968	Vietnam	198	Vietnam	East Asia & Pacific	1
#F8766D	7.404	1969	Vietnam	198	Vietnam	East Asia & Pacific	1
#F8766D	7.362	1970	Vietnam	198	Vietnam	East Asia & Pacific	1
#F8766D	7.287	1971	Vietnam	198	Vietnam	East Asia & Pacific	1
#F8766D	7.17	1972	Vietnam	198	Vietnam	East Asia & Pacific	1
#F8766D	7.008	1973	Vietnam	198	Vietnam	East Asia & Pacific	1
#F8766D	6.807	1974	Vietnam	198	Vietnam	East Asia & Pacific	1
#F8766D	6.574	1975	Vietnam	198	Vietnam	East Asia & Pacific	1
#F8766D	6.324	1976	Vietnam	198	Vietnam	East Asia & Pacific	1
#F8766D	6.071	1977	Vietnam	198	Vietnam	East Asia & Pacific	1
#F8766D	5.828	1978	Vietnam	198	Vietnam	East Asia & Pacific	1
#F8766D	5.6	1979	Vietnam	198	Vietnam	East Asia & Pacific	1
#F8766D	5.39	1980	Vietnam	198	Vietnam	East Asia & Pacific	1
#F8766D	5.194	1981	Vietnam	198	Vietnam	East Asia & Pacific	1
#F8766D	5.004	1982	Vietnam	198	Vietnam	East Asia & Pacific	1
#F8766D	4.813	1983	Vietnam	198	Vietnam	East Asia & Pacific	1
#F8766D	4.622	1984	Vietnam	198	Vietnam	East Asia & Pacific	1
#F8766D	4.432	1985	Vietnam	198	Vietnam	East Asia & Pacific	1
#F8766D	4.247	1986	Vietnam	198	Vietnam	East Asia & Pacific	1
#F8766D	4.073	1987	Vietnam	198	Vietnam	East Asia & Pacific	1
#F8766D	3.908	1988	Vietnam	198	Vietnam	East Asia & Pacific	1
#F8766D	3.752	1989	Vietnam	198	Vietnam	East Asia & Pacific	1
#F8766D	3.598	1990	Vietnam	198	Vietnam	East Asia & Pacific	1
#F8766D	3.436	1991	Vietnam	198	Vietnam	East Asia & Pacific	1
#F8766D	3.261	1992	Vietnam	198	Vietnam	East Asia & Pacific	1
#F8766D	3.071	1993	Vietnam	198	Vietnam	East Asia & Pacific	1
#F8766D	2.87	1994	Vietnam	198	Vietnam	East Asia & Pacific	1
#F8766D	2.666	1995	Vietnam	198	Vietnam	East Asia & Pacific	1
#F8766D	2.473	1996	Vietnam	198	Vietnam	East Asia & Pacific	1
#F8766D	2.302	1997	Vietnam	198	Vietnam	East Asia & Pacific	1
#F8766D	2.162	1998	Vietnam	198	Vietnam	East Asia & Pacific	1
#F8766D	2.055	1999	Vietnam	198	Vietnam	East Asia & Pacific	1
#F8766D	1.983	2000	Vietnam	198	Vietnam	East Asia & Pacific	1
#F8766D	1.94	2001	Vietnam	198	Vietnam	East Asia & Pacific	1
#F8766D	1.918	2002	Vietnam	198	Vietnam	East Asia & Pacific	1
#F8766D	1.907	2003	Vietnam	198	Vietnam	East Asia & Pacific	1
#F8766D	1.902	2004	Vietnam	198	Vietnam	East Asia & Pacific	1
#F8766D	1.897	2005	Vietnam	198	Vietnam	East Asia & Pacific	1
#F8766D	1.889	2006	Vietnam	198	Vietnam	East Asia & Pacific	1
#F8766D	1.878	2007	Vietnam	198	Vietnam	East Asia & Pacific	1
#F8766D	1.864	2008	Vietnam	198	Vietnam	East Asia & Pacific	1
#F8766D	1.845	2009	Vietnam	198	Vietnam	East Asia & Pacific	1
#F8766D	1.822	2010	Vietnam	198	Vietnam	East Asia & Pacific	1
#F8766D	1.795	2011	Vietnam	198	Vietnam	East Asia & Pacific	1
#F8766D	7.197	1960	Vanuatu	196	Vanuatu	East Asia & Pacific	1
#F8766D	7.12	1961	Vanuatu	196	Vanuatu	East Asia & Pacific	1
#F8766D	7.033	1962	Vanuatu	196	Vanuatu	East Asia & Pacific	1
#F8766D	6.938	1963	Vanuatu	196	Vanuatu	East Asia & Pacific	1
#F8766D	6.836	1964	Vanuatu	196	Vanuatu	East Asia & Pacific	1
#F8766D	6.73	1965	Vanuatu	196	Vanuatu	East Asia & Pacific	1
#F8766D	6.626	1966	Vanuatu	196	Vanuatu	East Asia & Pacific	1
#F8766D	6.526	1967	Vanuatu	196	Vanuatu	East Asia & Pacific	1
#F8766D	6.433	1968	Vanuatu	196	Vanuatu	East Asia & Pacific	1
#F8766D	6.348	1969	Vanuatu	196	Vanuatu	East Asia & Pacific	1
#F8766D	6.272	1970	Vanuatu	196	Vanuatu	East Asia & Pacific	1
#F8766D	6.202	1971	Vanuatu	196	Vanuatu	East Asia & Pacific	1
#F8766D	6.134	1972	Vanuatu	196	Vanuatu	East Asia & Pacific	1
#F8766D	6.067	1973	Vanuatu	196	Vanuatu	East Asia & Pacific	1
#F8766D	5.999	1974	Vanuatu	196	Vanuatu	East Asia & Pacific	1
#F8766D	5.929	1975	Vanuatu	196	Vanuatu	East Asia & Pacific	1
#F8766D	5.858	1976	Vanuatu	196	Vanuatu	East Asia & Pacific	1
#F8766D	5.787	1977	Vanuatu	196	Vanuatu	East Asia & Pacific	1
#F8766D	5.716	1978	Vanuatu	196	Vanuatu	East Asia & Pacific	1
#F8766D	5.645	1979	Vanuatu	196	Vanuatu	East Asia & Pacific	1
#F8766D	5.575	1980	Vanuatu	196	Vanuatu	East Asia & Pacific	1
#F8766D	5.503	1981	Vanuatu	196	Vanuatu	East Asia & Pacific	1
#F8766D	5.43	1982	Vanuatu	196	Vanuatu	East Asia & Pacific	1
#F8766D	5.356	1983	Vanuatu	196	Vanuatu	East Asia & Pacific	1
#F8766D	5.282	1984	Vanuatu	196	Vanuatu	East Asia & Pacific	1
#F8766D	5.209	1985	Vanuatu	196	Vanuatu	East Asia & Pacific	1
#F8766D	5.141	1986	Vanuatu	196	Vanuatu	East Asia & Pacific	1
#F8766D	5.078	1987	Vanuatu	196	Vanuatu	East Asia & Pacific	1
#F8766D	5.022	1988	Vanuatu	196	Vanuatu	East Asia & Pacific	1
#F8766D	4.971	1989	Vanuatu	196	Vanuatu	East Asia & Pacific	1
#F8766D	4.926	1990	Vanuatu	196	Vanuatu	East Asia & Pacific	1
#F8766D	4.884	1991	Vanuatu	196	Vanuatu	East Asia & Pacific	1
#F8766D	4.844	1992	Vanuatu	196	Vanuatu	East Asia & Pacific	1
#F8766D	4.804	1993	Vanuatu	196	Vanuatu	East Asia & Pacific	1
#F8766D	4.761	1994	Vanuatu	196	Vanuatu	East Asia & Pacific	1
#F8766D	4.716	1995	Vanuatu	196	Vanuatu	East Asia & Pacific	1
#F8766D	4.667	1996	Vanuatu	196	Vanuatu	East Asia & Pacific	1
#F8766D	4.616	1997	Vanuatu	196	Vanuatu	East Asia & Pacific	1
#F8766D	4.562	1998	Vanuatu	196	Vanuatu	East Asia & Pacific	1
#F8766D	4.507	1999	Vanuatu	196	Vanuatu	East Asia & Pacific	1
#F8766D	4.45	2000	Vanuatu	196	Vanuatu	East Asia & Pacific	1
#F8766D	4.39	2001	Vanuatu	196	Vanuatu	East Asia & Pacific	1
#F8766D	4.33	2002	Vanuatu	196	Vanuatu	East Asia & Pacific	1
#F8766D	4.269	2003	Vanuatu	196	Vanuatu	East Asia & Pacific	1
#F8766D	4.208	2004	Vanuatu	196	Vanuatu	East Asia & Pacific	1
#F8766D	4.147	2005	Vanuatu	196	Vanuatu	East Asia & Pacific	1
#F8766D	4.088	2006	Vanuatu	196	Vanuatu	East Asia & Pacific	1
#F8766D	4.03	2007	Vanuatu	196	Vanuatu	East Asia & Pacific	1
#F8766D	3.974	2008	Vanuatu	196	Vanuatu	East Asia & Pacific	1
#F8766D	3.921	2009	Vanuatu	196	Vanuatu	East Asia & Pacific	1
#F8766D	3.869	2010	Vanuatu	196	Vanuatu	East Asia & Pacific	1
#F8766D	3.82	2011	Vanuatu	196	Vanuatu	East Asia & Pacific	1
#F8766D	7.362	1960	Samoa	153	Samoa	East Asia & Pacific	1
#F8766D	7.343	1961	Samoa	153	Samoa	East Asia & Pacific	1
#F8766D	7.296	1962	Samoa	153	Samoa	East Asia & Pacific	1
#F8766D	7.216	1963	Samoa	153	Samoa	East Asia & Pacific	1
#F8766D	7.103	1964	Samoa	153	Samoa	East Asia & Pacific	1
#F8766D	6.961	1965	Samoa	153	Samoa	East Asia & Pacific	1
#F8766D	6.798	1966	Samoa	153	Samoa	East Asia & Pacific	1
#F8766D	6.623	1967	Samoa	153	Samoa	East Asia & Pacific	1
#F8766D	6.446	1968	Samoa	153	Samoa	East Asia & Pacific	1
#F8766D	6.272	1969	Samoa	153	Samoa	East Asia & Pacific	1
#F8766D	6.101	1970	Samoa	153	Samoa	East Asia & Pacific	1
#F8766D	5.93	1971	Samoa	153	Samoa	East Asia & Pacific	1
#F8766D	5.755	1972	Samoa	153	Samoa	East Asia & Pacific	1
#F8766D	5.578	1973	Samoa	153	Samoa	East Asia & Pacific	1
#F8766D	5.402	1974	Samoa	153	Samoa	East Asia & Pacific	1
#F8766D	5.237	1975	Samoa	153	Samoa	East Asia & Pacific	1
#F8766D	5.092	1976	Samoa	153	Samoa	East Asia & Pacific	1
#F8766D	4.975	1977	Samoa	153	Samoa	East Asia & Pacific	1
#F8766D	4.89	1978	Samoa	153	Samoa	East Asia & Pacific	1
#F8766D	4.836	1979	Samoa	153	Samoa	East Asia & Pacific	1
#F8766D	4.81	1980	Samoa	153	Samoa	East Asia & Pacific	1
#F8766D	4.807	1981	Samoa	153	Samoa	East Asia & Pacific	1
#F8766D	4.816	1982	Samoa	153	Samoa	East Asia & Pacific	1
#F8766D	4.827	1983	Samoa	153	Samoa	East Asia & Pacific	1
#F8766D	4.836	1984	Samoa	153	Samoa	East Asia & Pacific	1
#F8766D	4.838	1985	Samoa	153	Samoa	East Asia & Pacific	1
#F8766D	4.832	1986	Samoa	153	Samoa	East Asia & Pacific	1
#F8766D	4.82	1987	Samoa	153	Samoa	East Asia & Pacific	1
#F8766D	4.803	1988	Samoa	153	Samoa	East Asia & Pacific	1
#F8766D	4.783	1989	Samoa	153	Samoa	East Asia & Pacific	1
#F8766D	4.762	1990	Samoa	153	Samoa	East Asia & Pacific	1
#F8766D	4.741	1991	Samoa	153	Samoa	East Asia & Pacific	1
#F8766D	4.724	1992	Samoa	153	Samoa	East Asia & Pacific	1
#F8766D	4.709	1993	Samoa	153	Samoa	East Asia & Pacific	1
#F8766D	4.698	1994	Samoa	153	Samoa	East Asia & Pacific	1
#F8766D	4.688	1995	Samoa	153	Samoa	East Asia & Pacific	1
#F8766D	4.677	1996	Samoa	153	Samoa	East Asia & Pacific	1
#F8766D	4.661	1997	Samoa	153	Samoa	East Asia & Pacific	1
#F8766D	4.638	1998	Samoa	153	Samoa	East Asia & Pacific	1
#F8766D	4.607	1999	Samoa	153	Samoa	East Asia & Pacific	1
#F8766D	4.564	2000	Samoa	153	Samoa	East Asia & Pacific	1
#F8766D	4.509	2001	Samoa	153	Samoa	East Asia & Pacific	1
#F8766D	4.443	2002	Samoa	153	Samoa	East Asia & Pacific	1
#F8766D	4.368	2003	Samoa	153	Samoa	East Asia & Pacific	1
#F8766D	4.287	2004	Samoa	153	Samoa	East Asia & Pacific	1
#F8766D	4.203	2005	Samoa	153	Samoa	East Asia & Pacific	1
#F8766D	4.12	2006	Samoa	153	Samoa	East Asia & Pacific	1
#F8766D	4.043	2007	Samoa	153	Samoa	East Asia & Pacific	1
#F8766D	3.973	2008	Samoa	153	Samoa	East Asia & Pacific	1
#F8766D	3.912	2009	Samoa	153	Samoa	East Asia & Pacific	1
#F8766D	3.86	2010	Samoa	153	Samoa	East Asia & Pacific	1
#F8766D	3.815	2011	Samoa	153	Samoa	East Asia & Pacific	1
#00C094	7.292	1960	Yemen, Rep.	201	Yemen, Rep.	Middle East & North Africa	1
#00C094	7.308	1961	Yemen, Rep.	201	Yemen, Rep.	Middle East & North Africa	1
#00C094	7.328	1962	Yemen, Rep.	201	Yemen, Rep.	Middle East & North Africa	1
#00C094	7.354	1963	Yemen, Rep.	201	Yemen, Rep.	Middle East & North Africa	1
#00C094	7.385	1964	Yemen, Rep.	201	Yemen, Rep.	Middle East & North Africa	1
#00C094	7.418	1965	Yemen, Rep.	201	Yemen, Rep.	Middle East & North Africa	1
#00C094	7.447	1966	Yemen, Rep.	201	Yemen, Rep.	Middle East & North Africa	1
#00C094	7.471	1967	Yemen, Rep.	201	Yemen, Rep.	Middle East & North Africa	1
#00C094	7.491	1968	Yemen, Rep.	201	Yemen, Rep.	Middle East & North Africa	1
#00C094	7.512	1969	Yemen, Rep.	201	Yemen, Rep.	Middle East & North Africa	1
#00C094	7.542	1970	Yemen, Rep.	201	Yemen, Rep.	Middle East & North Africa	1
#00C094	7.593	1971	Yemen, Rep.	201	Yemen, Rep.	Middle East & North Africa	1
#00C094	7.672	1972	Yemen, Rep.	201	Yemen, Rep.	Middle East & North Africa	1
#00C094	7.782	1973	Yemen, Rep.	201	Yemen, Rep.	Middle East & North Africa	1
#00C094	7.922	1974	Yemen, Rep.	201	Yemen, Rep.	Middle East & North Africa	1
#00C094	8.089	1975	Yemen, Rep.	201	Yemen, Rep.	Middle East & North Africa	1
#00C094	8.277	1976	Yemen, Rep.	201	Yemen, Rep.	Middle East & North Africa	1
#00C094	8.474	1977	Yemen, Rep.	201	Yemen, Rep.	Middle East & North Africa	1
#00C094	8.667	1978	Yemen, Rep.	201	Yemen, Rep.	Middle East & North Africa	1
#00C094	8.843	1979	Yemen, Rep.	201	Yemen, Rep.	Middle East & North Africa	1
#00C094	8.993	1980	Yemen, Rep.	201	Yemen, Rep.	Middle East & North Africa	1
#00C094	9.108	1981	Yemen, Rep.	201	Yemen, Rep.	Middle East & North Africa	1
#00C094	9.185	1982	Yemen, Rep.	201	Yemen, Rep.	Middle East & North Africa	1
#00C094	9.223	1983	Yemen, Rep.	201	Yemen, Rep.	Middle East & North Africa	1
#00C094	9.223	1984	Yemen, Rep.	201	Yemen, Rep.	Middle East & North Africa	1
#00C094	9.186	1985	Yemen, Rep.	201	Yemen, Rep.	Middle East & North Africa	1
#00C094	9.118	1986	Yemen, Rep.	201	Yemen, Rep.	Middle East & North Africa	1
#00C094	9.027	1987	Yemen, Rep.	201	Yemen, Rep.	Middle East & North Africa	1
#00C094	8.919	1988	Yemen, Rep.	201	Yemen, Rep.	Middle East & North Africa	1
#00C094	8.797	1989	Yemen, Rep.	201	Yemen, Rep.	Middle East & North Africa	1
#00C094	8.659	1990	Yemen, Rep.	201	Yemen, Rep.	Middle East & North Africa	1
#00C094	8.498	1991	Yemen, Rep.	201	Yemen, Rep.	Middle East & North Africa	1
#00C094	8.312	1992	Yemen, Rep.	201	Yemen, Rep.	Middle East & North Africa	1
#00C094	8.1	1993	Yemen, Rep.	201	Yemen, Rep.	Middle East & North Africa	1
#00C094	7.868	1994	Yemen, Rep.	201	Yemen, Rep.	Middle East & North Africa	1
#00C094	7.622	1995	Yemen, Rep.	201	Yemen, Rep.	Middle East & North Africa	1
#00C094	7.373	1996	Yemen, Rep.	201	Yemen, Rep.	Middle East & North Africa	1
#00C094	7.128	1997	Yemen, Rep.	201	Yemen, Rep.	Middle East & North Africa	1
#00C094	6.896	1998	Yemen, Rep.	201	Yemen, Rep.	Middle East & North Africa	1
#00C094	6.682	1999	Yemen, Rep.	201	Yemen, Rep.	Middle East & North Africa	1
#00C094	6.489	2000	Yemen, Rep.	201	Yemen, Rep.	Middle East & North Africa	1
#00C094	6.318	2001	Yemen, Rep.	201	Yemen, Rep.	Middle East & North Africa	1
#00C094	6.162	2002	Yemen, Rep.	201	Yemen, Rep.	Middle East & North Africa	1
#00C094	6.018	2003	Yemen, Rep.	201	Yemen, Rep.	Middle East & North Africa	1
#00C094	5.884	2004	Yemen, Rep.	201	Yemen, Rep.	Middle East & North Africa	1
#00C094	5.757	2005	Yemen, Rep.	201	Yemen, Rep.	Middle East & North Africa	1
#00C094	5.638	2006	Yemen, Rep.	201	Yemen, Rep.	Middle East & North Africa	1
#00C094	5.524	2007	Yemen, Rep.	201	Yemen, Rep.	Middle East & North Africa	1
#00C094	5.414	2008	Yemen, Rep.	201	Yemen, Rep.	Middle East & North Africa	1
#00C094	5.307	2009	Yemen, Rep.	201	Yemen, Rep.	Middle East & North Africa	1
#00C094	5.2	2010	Yemen, Rep.	201	Yemen, Rep.	Middle East & North Africa	1
#00C094	5.092	2011	Yemen, Rep.	201	Yemen, Rep.	Middle East & North Africa	1
#FB61D7	6.446	1960	South Africa	166	South Africa	Sub-Saharan Africa	1
#FB61D7	6.391	1961	South Africa	166	South Africa	Sub-Saharan Africa	1
#FB61D7	6.317	1962	South Africa	166	South Africa	Sub-Saharan Africa	1
#FB61D7	6.224	1963	South Africa	166	South Africa	Sub-Saharan Africa	1
#FB61D7	6.118	1964	South Africa	166	South Africa	Sub-Saharan Africa	1
#FB61D7	6.004	1965	South Africa	166	South Africa	Sub-Saharan Africa	1
#FB61D7	5.892	1966	South Africa	166	South Africa	Sub-Saharan Africa	1
#FB61D7	5.791	1967	South Africa	166	South Africa	Sub-Saharan Africa	1
#FB61D7	5.705	1968	South Africa	166	South Africa	Sub-Saharan Africa	1
#FB61D7	5.634	1969	South Africa	166	South Africa	Sub-Saharan Africa	1
#FB61D7	5.576	1970	South Africa	166	South Africa	Sub-Saharan Africa	1
#FB61D7	5.525	1971	South Africa	166	South Africa	Sub-Saharan Africa	1
#FB61D7	5.471	1972	South Africa	166	South Africa	Sub-Saharan Africa	1
#FB61D7	5.408	1973	South Africa	166	South Africa	Sub-Saharan Africa	1
#FB61D7	5.335	1974	South Africa	166	South Africa	Sub-Saharan Africa	1
#FB61D7	5.251	1975	South Africa	166	South Africa	Sub-Saharan Africa	1
#FB61D7	5.159	1976	South Africa	166	South Africa	Sub-Saharan Africa	1
#FB61D7	5.064	1977	South Africa	166	South Africa	Sub-Saharan Africa	1
#FB61D7	4.969	1978	South Africa	166	South Africa	Sub-Saharan Africa	1
#FB61D7	4.877	1979	South Africa	166	South Africa	Sub-Saharan Africa	1
#FB61D7	4.786	1980	South Africa	166	South Africa	Sub-Saharan Africa	1
#FB61D7	4.695	1981	South Africa	166	South Africa	Sub-Saharan Africa	1
#FB61D7	4.602	1982	South Africa	166	South Africa	Sub-Saharan Africa	1
#FB61D7	4.504	1983	South Africa	166	South Africa	Sub-Saharan Africa	1
#FB61D7	4.402	1984	South Africa	166	South Africa	Sub-Saharan Africa	1
#FB61D7	4.293	1985	South Africa	166	South Africa	Sub-Saharan Africa	1
#FB61D7	4.177	1986	South Africa	166	South Africa	Sub-Saharan Africa	1
#FB61D7	4.052	1987	South Africa	166	South Africa	Sub-Saharan Africa	1
#FB61D7	3.923	1988	South Africa	166	South Africa	Sub-Saharan Africa	1
#FB61D7	3.791	1989	South Africa	166	South Africa	Sub-Saharan Africa	1
#FB61D7	3.658	1990	South Africa	166	South Africa	Sub-Saharan Africa	1
#FB61D7	3.53	1991	South Africa	166	South Africa	Sub-Saharan Africa	1
#FB61D7	3.408	1992	South Africa	166	South Africa	Sub-Saharan Africa	1
#FB61D7	3.296	1993	South Africa	166	South Africa	Sub-Saharan Africa	1
#FB61D7	3.196	1994	South Africa	166	South Africa	Sub-Saharan Africa	1
#FB61D7	3.11	1995	South Africa	166	South Africa	Sub-Saharan Africa	1
#FB61D7	3.04	1996	South Africa	166	South Africa	Sub-Saharan Africa	1
#FB61D7	2.983	1997	South Africa	166	South Africa	Sub-Saharan Africa	1
#FB61D7	2.937	1998	South Africa	166	South Africa	Sub-Saharan Africa	1
#FB61D7	2.899	1999	South Africa	166	South Africa	Sub-Saharan Africa	1
#FB61D7	2.866	2000	South Africa	166	South Africa	Sub-Saharan Africa	1
#FB61D7	2.835	2001	South Africa	166	South Africa	Sub-Saharan Africa	1
#FB61D7	2.801	2002	South Africa	166	South Africa	Sub-Saharan Africa	1
#FB61D7	2.764	2003	South Africa	166	South Africa	Sub-Saharan Africa	1
#FB61D7	2.722	2004	South Africa	166	South Africa	Sub-Saharan Africa	1
#FB61D7	2.676	2005	South Africa	166	South Africa	Sub-Saharan Africa	1
#FB61D7	2.628	2006	South Africa	166	South Africa	Sub-Saharan Africa	1
#FB61D7	2.58	2007	South Africa	166	South Africa	Sub-Saharan Africa	1
#FB61D7	2.536	2008	South Africa	166	South Africa	Sub-Saharan Africa	1
#FB61D7	2.495	2009	South Africa	166	South Africa	Sub-Saharan Africa	1
#FB61D7	2.458	2010	South Africa	166	South Africa	Sub-Saharan Africa	1
#FB61D7	2.425	2011	South Africa	166	South Africa	Sub-Saharan Africa	1
#FB61D7	7.018	1960	Zambia	202	Zambia	Sub-Saharan Africa	1
#FB61D7	7.071	1961	Zambia	202	Zambia	Sub-Saharan Africa	1
#FB61D7	7.127	1962	Zambia	202	Zambia	Sub-Saharan Africa	1
#FB61D7	7.184	1963	Zambia	202	Zambia	Sub-Saharan Africa	1
#FB61D7	7.24	1964	Zambia	202	Zambia	Sub-Saharan Africa	1
#FB61D7	7.292	1965	Zambia	202	Zambia	Sub-Saharan Africa	1
#FB61D7	7.338	1966	Zambia	202	Zambia	Sub-Saharan Africa	1
#FB61D7	7.376	1967	Zambia	202	Zambia	Sub-Saharan Africa	1
#FB61D7	7.405	1968	Zambia	202	Zambia	Sub-Saharan Africa	1
#FB61D7	7.425	1969	Zambia	202	Zambia	Sub-Saharan Africa	1
#FB61D7	7.437	1970	Zambia	202	Zambia	Sub-Saharan Africa	1
#FB61D7	7.443	1971	Zambia	202	Zambia	Sub-Saharan Africa	1
#FB61D7	7.446	1972	Zambia	202	Zambia	Sub-Saharan Africa	1
#FB61D7	7.447	1973	Zambia	202	Zambia	Sub-Saharan Africa	1
#FB61D7	7.444	1974	Zambia	202	Zambia	Sub-Saharan Africa	1
#FB61D7	7.435	1975	Zambia	202	Zambia	Sub-Saharan Africa	1
#FB61D7	7.414	1976	Zambia	202	Zambia	Sub-Saharan Africa	1
#FB61D7	7.378	1977	Zambia	202	Zambia	Sub-Saharan Africa	1
#FB61D7	7.326	1978	Zambia	202	Zambia	Sub-Saharan Africa	1
#FB61D7	7.259	1979	Zambia	202	Zambia	Sub-Saharan Africa	1
#FB61D7	7.182	1980	Zambia	202	Zambia	Sub-Saharan Africa	1
#FB61D7	7.098	1981	Zambia	202	Zambia	Sub-Saharan Africa	1
#FB61D7	7.015	1982	Zambia	202	Zambia	Sub-Saharan Africa	1
#FB61D7	6.937	1983	Zambia	202	Zambia	Sub-Saharan Africa	1
#FB61D7	6.865	1984	Zambia	202	Zambia	Sub-Saharan Africa	1
#FB61D7	6.799	1985	Zambia	202	Zambia	Sub-Saharan Africa	1
#FB61D7	6.736	1986	Zambia	202	Zambia	Sub-Saharan Africa	1
#FB61D7	6.671	1987	Zambia	202	Zambia	Sub-Saharan Africa	1
#FB61D7	6.604	1988	Zambia	202	Zambia	Sub-Saharan Africa	1
#FB61D7	6.534	1989	Zambia	202	Zambia	Sub-Saharan Africa	1
#FB61D7	6.464	1990	Zambia	202	Zambia	Sub-Saharan Africa	1
#FB61D7	6.398	1991	Zambia	202	Zambia	Sub-Saharan Africa	1
#FB61D7	6.341	1992	Zambia	202	Zambia	Sub-Saharan Africa	1
#FB61D7	6.294	1993	Zambia	202	Zambia	Sub-Saharan Africa	1
#FB61D7	6.257	1994	Zambia	202	Zambia	Sub-Saharan Africa	1
#FB61D7	6.23	1995	Zambia	202	Zambia	Sub-Saharan Africa	1
#FB61D7	6.209	1996	Zambia	202	Zambia	Sub-Saharan Africa	1
#FB61D7	6.19	1997	Zambia	202	Zambia	Sub-Saharan Africa	1
#FB61D7	6.171	1998	Zambia	202	Zambia	Sub-Saharan Africa	1
#FB61D7	6.152	1999	Zambia	202	Zambia	Sub-Saharan Africa	1
#FB61D7	6.134	2000	Zambia	202	Zambia	Sub-Saharan Africa	1
#FB61D7	6.119	2001	Zambia	202	Zambia	Sub-Saharan Africa	1
#FB61D7	6.111	2002	Zambia	202	Zambia	Sub-Saharan Africa	1
#FB61D7	6.111	2003	Zambia	202	Zambia	Sub-Saharan Africa	1
#FB61D7	6.119	2004	Zambia	202	Zambia	Sub-Saharan Africa	1
#FB61D7	6.135	2005	Zambia	202	Zambia	Sub-Saharan Africa	1
#FB61D7	6.157	2006	Zambia	202	Zambia	Sub-Saharan Africa	1
#FB61D7	6.182	2007	Zambia	202	Zambia	Sub-Saharan Africa	1
#FB61D7	6.209	2008	Zambia	202	Zambia	Sub-Saharan Africa	1
#FB61D7	6.234	2009	Zambia	202	Zambia	Sub-Saharan Africa	1
#FB61D7	6.258	2010	Zambia	202	Zambia	Sub-Saharan Africa	1
#FB61D7	6.279	2011	Zambia	202	Zambia	Sub-Saharan Africa	1
#FB61D7	7.158	1960	Zimbabwe	203	Zimbabwe	Sub-Saharan Africa	1
#FB61D7	7.215	1961	Zimbabwe	203	Zimbabwe	Sub-Saharan Africa	1
#FB61D7	7.267	1962	Zimbabwe	203	Zimbabwe	Sub-Saharan Africa	1
#FB61D7	7.311	1963	Zimbabwe	203	Zimbabwe	Sub-Saharan Africa	1
#FB61D7	7.347	1964	Zimbabwe	203	Zimbabwe	Sub-Saharan Africa	1
#FB61D7	7.373	1965	Zimbabwe	203	Zimbabwe	Sub-Saharan Africa	1
#FB61D7	7.391	1966	Zimbabwe	203	Zimbabwe	Sub-Saharan Africa	1
#FB61D7	7.403	1967	Zimbabwe	203	Zimbabwe	Sub-Saharan Africa	1
#FB61D7	7.411	1968	Zimbabwe	203	Zimbabwe	Sub-Saharan Africa	1
#FB61D7	7.415	1969	Zimbabwe	203	Zimbabwe	Sub-Saharan Africa	1
#FB61D7	7.417	1970	Zimbabwe	203	Zimbabwe	Sub-Saharan Africa	1
#FB61D7	7.419	1971	Zimbabwe	203	Zimbabwe	Sub-Saharan Africa	1
#FB61D7	7.42	1972	Zimbabwe	203	Zimbabwe	Sub-Saharan Africa	1
#FB61D7	7.417	1973	Zimbabwe	203	Zimbabwe	Sub-Saharan Africa	1
#FB61D7	7.41	1974	Zimbabwe	203	Zimbabwe	Sub-Saharan Africa	1
#FB61D7	7.395	1975	Zimbabwe	203	Zimbabwe	Sub-Saharan Africa	1
#FB61D7	7.369	1976	Zimbabwe	203	Zimbabwe	Sub-Saharan Africa	1
#FB61D7	7.33	1977	Zimbabwe	203	Zimbabwe	Sub-Saharan Africa	1
#FB61D7	7.273	1978	Zimbabwe	203	Zimbabwe	Sub-Saharan Africa	1
#FB61D7	7.196	1979	Zimbabwe	203	Zimbabwe	Sub-Saharan Africa	1
#FB61D7	7.095	1980	Zimbabwe	203	Zimbabwe	Sub-Saharan Africa	1
#FB61D7	6.967	1981	Zimbabwe	203	Zimbabwe	Sub-Saharan Africa	1
#FB61D7	6.811	1982	Zimbabwe	203	Zimbabwe	Sub-Saharan Africa	1
#FB61D7	6.633	1983	Zimbabwe	203	Zimbabwe	Sub-Saharan Africa	1
#FB61D7	6.435	1984	Zimbabwe	203	Zimbabwe	Sub-Saharan Africa	1
#FB61D7	6.224	1985	Zimbabwe	203	Zimbabwe	Sub-Saharan Africa	1
#FB61D7	6.006	1986	Zimbabwe	203	Zimbabwe	Sub-Saharan Africa	1
#FB61D7	5.788	1987	Zimbabwe	203	Zimbabwe	Sub-Saharan Africa	1
#FB61D7	5.577	1988	Zimbabwe	203	Zimbabwe	Sub-Saharan Africa	1
#FB61D7	5.376	1989	Zimbabwe	203	Zimbabwe	Sub-Saharan Africa	1
#FB61D7	5.187	1990	Zimbabwe	203	Zimbabwe	Sub-Saharan Africa	1
#FB61D7	5.009	1991	Zimbabwe	203	Zimbabwe	Sub-Saharan Africa	1
#FB61D7	4.839	1992	Zimbabwe	203	Zimbabwe	Sub-Saharan Africa	1
#FB61D7	4.674	1993	Zimbabwe	203	Zimbabwe	Sub-Saharan Africa	1
#FB61D7	4.516	1994	Zimbabwe	203	Zimbabwe	Sub-Saharan Africa	1
#FB61D7	4.369	1995	Zimbabwe	203	Zimbabwe	Sub-Saharan Africa	1
#FB61D7	4.235	1996	Zimbabwe	203	Zimbabwe	Sub-Saharan Africa	1
#FB61D7	4.118	1997	Zimbabwe	203	Zimbabwe	Sub-Saharan Africa	1
#FB61D7	4.017	1998	Zimbabwe	203	Zimbabwe	Sub-Saharan Africa	1
#FB61D7	3.932	1999	Zimbabwe	203	Zimbabwe	Sub-Saharan Africa	1
#FB61D7	3.862	2000	Zimbabwe	203	Zimbabwe	Sub-Saharan Africa	1
#FB61D7	3.803	2001	Zimbabwe	203	Zimbabwe	Sub-Saharan Africa	1
#FB61D7	3.752	2002	Zimbabwe	203	Zimbabwe	Sub-Saharan Africa	1
#FB61D7	3.704	2003	Zimbabwe	203	Zimbabwe	Sub-Saharan Africa	1
#FB61D7	3.657	2004	Zimbabwe	203	Zimbabwe	Sub-Saharan Africa	1
#FB61D7	3.606	2005	Zimbabwe	203	Zimbabwe	Sub-Saharan Africa	1
#FB61D7	3.551	2006	Zimbabwe	203	Zimbabwe	Sub-Saharan Africa	1
#FB61D7	3.491	2007	Zimbabwe	203	Zimbabwe	Sub-Saharan Africa	1
#FB61D7	3.428	2008	Zimbabwe	203	Zimbabwe	Sub-Saharan Africa	1
#FB61D7	3.36	2009	Zimbabwe	203	Zimbabwe	Sub-Saharan Africa	1
#FB61D7	3.29	2010	Zimbabwe	203	Zimbabwe	Sub-Saharan Africa	1
#FB61D7	3.219	2011	Zimbabwe	203	Zimbabwe	Sub-Saharan Africa	1
